Account,Account_Type,Region,Product_Category,Channel,Month,Version,Amount
Gross_Sales,INC,Central,Beverages,E-Commerce,2025-04,Actual,5490762
COGS,EXP,Central,Beverages,E-Commerce,2025-04,Actual,2306120
Marketing,EXP,Central,Beverages,E-Commerce,2025-04,Actual,329446
Distribution,EXP,Central,Beverages,E-Commerce,2025-04,Actual,247084
Salary,EXP,Central,Beverages,E-Commerce,2025-04,Actual,466715
Freight,EXP,Central,Beverages,E-Commerce,2025-04,Actual,137269
Other_Opex,EXP,Central,Beverages,E-Commerce,2025-04,Actual,192177
Gross_Sales,INC,Central,Beverages,E-Commerce,2025-05,Actual,5841732
COGS,EXP,Central,Beverages,E-Commerce,2025-05,Actual,2453527
Marketing,EXP,Central,Beverages,E-Commerce,2025-05,Actual,350504
Distribution,EXP,Central,Beverages,E-Commerce,2025-05,Actual,262878
Salary,EXP,Central,Beverages,E-Commerce,2025-05,Actual,496547
Freight,EXP,Central,Beverages,E-Commerce,2025-05,Actual,146043
Other_Opex,EXP,Central,Beverages,E-Commerce,2025-05,Actual,204461
Gross_Sales,INC,Central,Beverages,E-Commerce,2025-06,Actual,5113302
COGS,EXP,Central,Beverages,E-Commerce,2025-06,Actual,2147587
Marketing,EXP,Central,Beverages,E-Commerce,2025-06,Actual,306798
Distribution,EXP,Central,Beverages,E-Commerce,2025-06,Actual,230099
Salary,EXP,Central,Beverages,E-Commerce,2025-06,Actual,434631
Freight,EXP,Central,Beverages,E-Commerce,2025-06,Actual,127833
Other_Opex,EXP,Central,Beverages,E-Commerce,2025-06,Actual,178966
Gross_Sales,INC,Central,Beverages,E-Commerce,2025-07,Actual,4624410
COGS,EXP,Central,Beverages,E-Commerce,2025-07,Actual,1942252
Marketing,EXP,Central,Beverages,E-Commerce,2025-07,Actual,277465
Distribution,EXP,Central,Beverages,E-Commerce,2025-07,Actual,208098
Salary,EXP,Central,Beverages,E-Commerce,2025-07,Actual,393075
Freight,EXP,Central,Beverages,E-Commerce,2025-07,Actual,115610
Other_Opex,EXP,Central,Beverages,E-Commerce,2025-07,Actual,161854
Gross_Sales,INC,Central,Beverages,E-Commerce,2025-08,Actual,5030283
COGS,EXP,Central,Beverages,E-Commerce,2025-08,Actual,2112719
Marketing,EXP,Central,Beverages,E-Commerce,2025-08,Actual,301817
Distribution,EXP,Central,Beverages,E-Commerce,2025-08,Actual,226363
Salary,EXP,Central,Beverages,E-Commerce,2025-08,Actual,427574
Freight,EXP,Central,Beverages,E-Commerce,2025-08,Actual,125757
Other_Opex,EXP,Central,Beverages,E-Commerce,2025-08,Actual,176060
Gross_Sales,INC,Central,Beverages,E-Commerce,2025-09,Actual,5561991
COGS,EXP,Central,Beverages,E-Commerce,2025-09,Actual,2336036
Marketing,EXP,Central,Beverages,E-Commerce,2025-09,Actual,333719
Distribution,EXP,Central,Beverages,E-Commerce,2025-09,Actual,250290
Salary,EXP,Central,Beverages,E-Commerce,2025-09,Actual,472769
Freight,EXP,Central,Beverages,E-Commerce,2025-09,Actual,139050
Other_Opex,EXP,Central,Beverages,E-Commerce,2025-09,Actual,194670
Gross_Sales,INC,Central,Beverages,E-Commerce,2025-10,Actual,6751515
COGS,EXP,Central,Beverages,E-Commerce,2025-10,Actual,2835636
Marketing,EXP,Central,Beverages,E-Commerce,2025-10,Actual,405091
Distribution,EXP,Central,Beverages,E-Commerce,2025-10,Actual,303818
Salary,EXP,Central,Beverages,E-Commerce,2025-10,Actual,573879
Freight,EXP,Central,Beverages,E-Commerce,2025-10,Actual,168788
Other_Opex,EXP,Central,Beverages,E-Commerce,2025-10,Actual,236303
Gross_Sales,INC,Central,Beverages,E-Commerce,2025-11,Actual,8077056
COGS,EXP,Central,Beverages,E-Commerce,2025-11,Actual,3392364
Marketing,EXP,Central,Beverages,E-Commerce,2025-11,Actual,484623
Distribution,EXP,Central,Beverages,E-Commerce,2025-11,Actual,363468
Salary,EXP,Central,Beverages,E-Commerce,2025-11,Actual,686550
Freight,EXP,Central,Beverages,E-Commerce,2025-11,Actual,201926
Other_Opex,EXP,Central,Beverages,E-Commerce,2025-11,Actual,282697
Gross_Sales,INC,Central,Beverages,E-Commerce,2025-12,Actual,5823531
COGS,EXP,Central,Beverages,E-Commerce,2025-12,Actual,2445883
Marketing,EXP,Central,Beverages,E-Commerce,2025-12,Actual,349412
Distribution,EXP,Central,Beverages,E-Commerce,2025-12,Actual,262059
Salary,EXP,Central,Beverages,E-Commerce,2025-12,Actual,495000
Freight,EXP,Central,Beverages,E-Commerce,2025-12,Actual,145588
Other_Opex,EXP,Central,Beverages,E-Commerce,2025-12,Actual,203824
Gross_Sales,INC,Central,Beverages,E-Commerce,2026-01,Actual,5114211
COGS,EXP,Central,Beverages,E-Commerce,2026-01,Actual,2147969
Marketing,EXP,Central,Beverages,E-Commerce,2026-01,Actual,306853
Distribution,EXP,Central,Beverages,E-Commerce,2026-01,Actual,230139
Salary,EXP,Central,Beverages,E-Commerce,2026-01,Actual,434708
Freight,EXP,Central,Beverages,E-Commerce,2026-01,Actual,127855
Other_Opex,EXP,Central,Beverages,E-Commerce,2026-01,Actual,178997
Gross_Sales,INC,Central,Beverages,E-Commerce,2026-02,Actual,5505531
COGS,EXP,Central,Beverages,E-Commerce,2026-02,Actual,2312323
Marketing,EXP,Central,Beverages,E-Commerce,2026-02,Actual,330332
Distribution,EXP,Central,Beverages,E-Commerce,2026-02,Actual,247749
Salary,EXP,Central,Beverages,E-Commerce,2026-02,Actual,467970
Freight,EXP,Central,Beverages,E-Commerce,2026-02,Actual,137638
Other_Opex,EXP,Central,Beverages,E-Commerce,2026-02,Actual,192694
Gross_Sales,INC,Central,Beverages,E-Commerce,2026-03,Actual,5851404
COGS,EXP,Central,Beverages,E-Commerce,2026-03,Actual,2457590
Marketing,EXP,Central,Beverages,E-Commerce,2026-03,Actual,351084
Distribution,EXP,Central,Beverages,E-Commerce,2026-03,Actual,263313
Salary,EXP,Central,Beverages,E-Commerce,2026-03,Actual,497369
Freight,EXP,Central,Beverages,E-Commerce,2026-03,Actual,146285
Other_Opex,EXP,Central,Beverages,E-Commerce,2026-03,Actual,204799
Gross_Sales,INC,Central,Beverages,General Trade,2025-04,Actual,4905267
COGS,EXP,Central,Beverages,General Trade,2025-04,Actual,2060212
Marketing,EXP,Central,Beverages,General Trade,2025-04,Actual,294316
Distribution,EXP,Central,Beverages,General Trade,2025-04,Actual,220737
Salary,EXP,Central,Beverages,General Trade,2025-04,Actual,416948
Freight,EXP,Central,Beverages,General Trade,2025-04,Actual,122632
Other_Opex,EXP,Central,Beverages,General Trade,2025-04,Actual,171684
Gross_Sales,INC,Central,Beverages,General Trade,2025-05,Actual,5150535
COGS,EXP,Central,Beverages,General Trade,2025-05,Actual,2163225
Marketing,EXP,Central,Beverages,General Trade,2025-05,Actual,309032
Distribution,EXP,Central,Beverages,General Trade,2025-05,Actual,231774
Salary,EXP,Central,Beverages,General Trade,2025-05,Actual,437795
Freight,EXP,Central,Beverages,General Trade,2025-05,Actual,128763
Other_Opex,EXP,Central,Beverages,General Trade,2025-05,Actual,180269
Gross_Sales,INC,Central,Beverages,General Trade,2025-06,Actual,4120431
COGS,EXP,Central,Beverages,General Trade,2025-06,Actual,1730581
Marketing,EXP,Central,Beverages,General Trade,2025-06,Actual,247226
Distribution,EXP,Central,Beverages,General Trade,2025-06,Actual,185419
Salary,EXP,Central,Beverages,General Trade,2025-06,Actual,350237
Freight,EXP,Central,Beverages,General Trade,2025-06,Actual,103011
Other_Opex,EXP,Central,Beverages,General Trade,2025-06,Actual,144215
Gross_Sales,INC,Central,Beverages,General Trade,2025-07,Actual,3973263
COGS,EXP,Central,Beverages,General Trade,2025-07,Actual,1668770
Marketing,EXP,Central,Beverages,General Trade,2025-07,Actual,238396
Distribution,EXP,Central,Beverages,General Trade,2025-07,Actual,178797
Salary,EXP,Central,Beverages,General Trade,2025-07,Actual,337727
Freight,EXP,Central,Beverages,General Trade,2025-07,Actual,99332
Other_Opex,EXP,Central,Beverages,General Trade,2025-07,Actual,139064
Gross_Sales,INC,Central,Beverages,General Trade,2025-08,Actual,4267584
COGS,EXP,Central,Beverages,General Trade,2025-08,Actual,1792385
Marketing,EXP,Central,Beverages,General Trade,2025-08,Actual,256055
Distribution,EXP,Central,Beverages,General Trade,2025-08,Actual,192041
Salary,EXP,Central,Beverages,General Trade,2025-08,Actual,362745
Freight,EXP,Central,Beverages,General Trade,2025-08,Actual,106690
Other_Opex,EXP,Central,Beverages,General Trade,2025-08,Actual,149365
Gross_Sales,INC,Central,Beverages,General Trade,2025-09,Actual,4660002
COGS,EXP,Central,Beverages,General Trade,2025-09,Actual,1957201
Marketing,EXP,Central,Beverages,General Trade,2025-09,Actual,279600
Distribution,EXP,Central,Beverages,General Trade,2025-09,Actual,209700
Salary,EXP,Central,Beverages,General Trade,2025-09,Actual,396100
Freight,EXP,Central,Beverages,General Trade,2025-09,Actual,116500
Other_Opex,EXP,Central,Beverages,General Trade,2025-09,Actual,163100
Gross_Sales,INC,Central,Beverages,General Trade,2025-10,Actual,5587149
COGS,EXP,Central,Beverages,General Trade,2025-10,Actual,2346603
Marketing,EXP,Central,Beverages,General Trade,2025-10,Actual,335229
Distribution,EXP,Central,Beverages,General Trade,2025-10,Actual,251422
Salary,EXP,Central,Beverages,General Trade,2025-10,Actual,474908
Freight,EXP,Central,Beverages,General Trade,2025-10,Actual,139679
Other_Opex,EXP,Central,Beverages,General Trade,2025-10,Actual,195550
Gross_Sales,INC,Central,Beverages,General Trade,2025-11,Actual,6603000
COGS,EXP,Central,Beverages,General Trade,2025-11,Actual,2773260
Marketing,EXP,Central,Beverages,General Trade,2025-11,Actual,396180
Distribution,EXP,Central,Beverages,General Trade,2025-11,Actual,297135
Salary,EXP,Central,Beverages,General Trade,2025-11,Actual,561255
Freight,EXP,Central,Beverages,General Trade,2025-11,Actual,165075
Other_Opex,EXP,Central,Beverages,General Trade,2025-11,Actual,231105
Gross_Sales,INC,Central,Beverages,General Trade,2025-12,Actual,5493897
COGS,EXP,Central,Beverages,General Trade,2025-12,Actual,2307437
Marketing,EXP,Central,Beverages,General Trade,2025-12,Actual,329634
Distribution,EXP,Central,Beverages,General Trade,2025-12,Actual,247225
Salary,EXP,Central,Beverages,General Trade,2025-12,Actual,466981
Freight,EXP,Central,Beverages,General Trade,2025-12,Actual,137347
Other_Opex,EXP,Central,Beverages,General Trade,2025-12,Actual,192286
Gross_Sales,INC,Central,Beverages,General Trade,2026-01,Actual,4758114
COGS,EXP,Central,Beverages,General Trade,2026-01,Actual,1998408
Marketing,EXP,Central,Beverages,General Trade,2026-01,Actual,285487
Distribution,EXP,Central,Beverages,General Trade,2026-01,Actual,214115
Salary,EXP,Central,Beverages,General Trade,2026-01,Actual,404440
Freight,EXP,Central,Beverages,General Trade,2026-01,Actual,118953
Other_Opex,EXP,Central,Beverages,General Trade,2026-01,Actual,166534
Gross_Sales,INC,Central,Beverages,General Trade,2026-02,Actual,5052429
COGS,EXP,Central,Beverages,General Trade,2026-02,Actual,2122020
Marketing,EXP,Central,Beverages,General Trade,2026-02,Actual,303146
Distribution,EXP,Central,Beverages,General Trade,2026-02,Actual,227359
Salary,EXP,Central,Beverages,General Trade,2026-02,Actual,429456
Freight,EXP,Central,Beverages,General Trade,2026-02,Actual,126311
Other_Opex,EXP,Central,Beverages,General Trade,2026-02,Actual,176835
Gross_Sales,INC,Central,Beverages,General Trade,2026-03,Actual,5297685
COGS,EXP,Central,Beverages,General Trade,2026-03,Actual,2225028
Marketing,EXP,Central,Beverages,General Trade,2026-03,Actual,317861
Distribution,EXP,Central,Beverages,General Trade,2026-03,Actual,238396
Salary,EXP,Central,Beverages,General Trade,2026-03,Actual,450303
Freight,EXP,Central,Beverages,General Trade,2026-03,Actual,132442
Other_Opex,EXP,Central,Beverages,General Trade,2026-03,Actual,185419
Gross_Sales,INC,Central,Beverages,Modern Trade,2025-04,Actual,5592009
COGS,EXP,Central,Beverages,Modern Trade,2025-04,Actual,2348644
Marketing,EXP,Central,Beverages,Modern Trade,2025-04,Actual,335521
Distribution,EXP,Central,Beverages,Modern Trade,2025-04,Actual,251640
Salary,EXP,Central,Beverages,Modern Trade,2025-04,Actual,475321
Freight,EXP,Central,Beverages,Modern Trade,2025-04,Actual,139800
Other_Opex,EXP,Central,Beverages,Modern Trade,2025-04,Actual,195720
Gross_Sales,INC,Central,Beverages,Modern Trade,2025-05,Actual,5871606
COGS,EXP,Central,Beverages,Modern Trade,2025-05,Actual,2466075
Marketing,EXP,Central,Beverages,Modern Trade,2025-05,Actual,352296
Distribution,EXP,Central,Beverages,Modern Trade,2025-05,Actual,264222
Salary,EXP,Central,Beverages,Modern Trade,2025-05,Actual,499087
Freight,EXP,Central,Beverages,Modern Trade,2025-05,Actual,146790
Other_Opex,EXP,Central,Beverages,Modern Trade,2025-05,Actual,205506
Gross_Sales,INC,Central,Beverages,Modern Trade,2025-06,Actual,4697289
COGS,EXP,Central,Beverages,Modern Trade,2025-06,Actual,1972861
Marketing,EXP,Central,Beverages,Modern Trade,2025-06,Actual,281837
Distribution,EXP,Central,Beverages,Modern Trade,2025-06,Actual,211378
Salary,EXP,Central,Beverages,Modern Trade,2025-06,Actual,399270
Freight,EXP,Central,Beverages,Modern Trade,2025-06,Actual,117432
Other_Opex,EXP,Central,Beverages,Modern Trade,2025-06,Actual,164405
Gross_Sales,INC,Central,Beverages,Modern Trade,2025-07,Actual,4529526
COGS,EXP,Central,Beverages,Modern Trade,2025-07,Actual,1902401
Marketing,EXP,Central,Beverages,Modern Trade,2025-07,Actual,271772
Distribution,EXP,Central,Beverages,Modern Trade,2025-07,Actual,203829
Salary,EXP,Central,Beverages,Modern Trade,2025-07,Actual,385010
Freight,EXP,Central,Beverages,Modern Trade,2025-07,Actual,113238
Other_Opex,EXP,Central,Beverages,Modern Trade,2025-07,Actual,158533
Gross_Sales,INC,Central,Beverages,Modern Trade,2025-08,Actual,4865049
COGS,EXP,Central,Beverages,Modern Trade,2025-08,Actual,2043321
Marketing,EXP,Central,Beverages,Modern Trade,2025-08,Actual,291903
Distribution,EXP,Central,Beverages,Modern Trade,2025-08,Actual,218927
Salary,EXP,Central,Beverages,Modern Trade,2025-08,Actual,413529
Freight,EXP,Central,Beverages,Modern Trade,2025-08,Actual,121626
Other_Opex,EXP,Central,Beverages,Modern Trade,2025-08,Actual,170277
Gross_Sales,INC,Central,Beverages,Modern Trade,2025-09,Actual,5312406
COGS,EXP,Central,Beverages,Modern Trade,2025-09,Actual,2231211
Marketing,EXP,Central,Beverages,Modern Trade,2025-09,Actual,318744
Distribution,EXP,Central,Beverages,Modern Trade,2025-09,Actual,239058
Salary,EXP,Central,Beverages,Modern Trade,2025-09,Actual,451555
Freight,EXP,Central,Beverages,Modern Trade,2025-09,Actual,132810
Other_Opex,EXP,Central,Beverages,Modern Trade,2025-09,Actual,185934
Gross_Sales,INC,Central,Beverages,Modern Trade,2025-10,Actual,6369360
COGS,EXP,Central,Beverages,Modern Trade,2025-10,Actual,2675131
Marketing,EXP,Central,Beverages,Modern Trade,2025-10,Actual,382162
Distribution,EXP,Central,Beverages,Modern Trade,2025-10,Actual,286621
Salary,EXP,Central,Beverages,Modern Trade,2025-10,Actual,541396
Freight,EXP,Central,Beverages,Modern Trade,2025-10,Actual,159234
Other_Opex,EXP,Central,Beverages,Modern Trade,2025-10,Actual,222928
Gross_Sales,INC,Central,Beverages,Modern Trade,2025-11,Actual,7527417
COGS,EXP,Central,Beverages,Modern Trade,2025-11,Actual,3161515
Marketing,EXP,Central,Beverages,Modern Trade,2025-11,Actual,451645
Distribution,EXP,Central,Beverages,Modern Trade,2025-11,Actual,338734
Salary,EXP,Central,Beverages,Modern Trade,2025-11,Actual,639830
Freight,EXP,Central,Beverages,Modern Trade,2025-11,Actual,188185
Other_Opex,EXP,Central,Beverages,Modern Trade,2025-11,Actual,263460
Gross_Sales,INC,Central,Beverages,Modern Trade,2025-12,Actual,6263049
COGS,EXP,Central,Beverages,Modern Trade,2025-12,Actual,2630481
Marketing,EXP,Central,Beverages,Modern Trade,2025-12,Actual,375783
Distribution,EXP,Central,Beverages,Modern Trade,2025-12,Actual,281837
Salary,EXP,Central,Beverages,Modern Trade,2025-12,Actual,532359
Freight,EXP,Central,Beverages,Modern Trade,2025-12,Actual,156576
Other_Opex,EXP,Central,Beverages,Modern Trade,2025-12,Actual,219207
Gross_Sales,INC,Central,Beverages,Modern Trade,2026-01,Actual,5424249
COGS,EXP,Central,Beverages,Modern Trade,2026-01,Actual,2278185
Marketing,EXP,Central,Beverages,Modern Trade,2026-01,Actual,325455
Distribution,EXP,Central,Beverages,Modern Trade,2026-01,Actual,244091
Salary,EXP,Central,Beverages,Modern Trade,2026-01,Actual,461061
Freight,EXP,Central,Beverages,Modern Trade,2026-01,Actual,135606
Other_Opex,EXP,Central,Beverages,Modern Trade,2026-01,Actual,189849
Gross_Sales,INC,Central,Beverages,Modern Trade,2026-02,Actual,5759772
COGS,EXP,Central,Beverages,Modern Trade,2026-02,Actual,2419104
Marketing,EXP,Central,Beverages,Modern Trade,2026-02,Actual,345586
Distribution,EXP,Central,Beverages,Modern Trade,2026-02,Actual,259190
Salary,EXP,Central,Beverages,Modern Trade,2026-02,Actual,489581
Freight,EXP,Central,Beverages,Modern Trade,2026-02,Actual,143994
Other_Opex,EXP,Central,Beverages,Modern Trade,2026-02,Actual,201592
Gross_Sales,INC,Central,Beverages,Modern Trade,2026-03,Actual,6039369
COGS,EXP,Central,Beverages,Modern Trade,2026-03,Actual,2536535
Marketing,EXP,Central,Beverages,Modern Trade,2026-03,Actual,362362
Distribution,EXP,Central,Beverages,Modern Trade,2026-03,Actual,271772
Salary,EXP,Central,Beverages,Modern Trade,2026-03,Actual,513346
Freight,EXP,Central,Beverages,Modern Trade,2026-03,Actual,150984
Other_Opex,EXP,Central,Beverages,Modern Trade,2026-03,Actual,211378
Gross_Sales,INC,Central,Beverages,Quick Commerce,2025-04,Actual,4765566
COGS,EXP,Central,Beverages,Quick Commerce,2025-04,Actual,2001538
Marketing,EXP,Central,Beverages,Quick Commerce,2025-04,Actual,285934
Distribution,EXP,Central,Beverages,Quick Commerce,2025-04,Actual,214450
Salary,EXP,Central,Beverages,Quick Commerce,2025-04,Actual,405073
Freight,EXP,Central,Beverages,Quick Commerce,2025-04,Actual,119139
Other_Opex,EXP,Central,Beverages,Quick Commerce,2025-04,Actual,166795
Gross_Sales,INC,Central,Beverages,Quick Commerce,2025-05,Actual,5070183
COGS,EXP,Central,Beverages,Quick Commerce,2025-05,Actual,2129477
Marketing,EXP,Central,Beverages,Quick Commerce,2025-05,Actual,304211
Distribution,EXP,Central,Beverages,Quick Commerce,2025-05,Actual,228158
Salary,EXP,Central,Beverages,Quick Commerce,2025-05,Actual,430966
Freight,EXP,Central,Beverages,Quick Commerce,2025-05,Actual,126755
Other_Opex,EXP,Central,Beverages,Quick Commerce,2025-05,Actual,177456
Gross_Sales,INC,Central,Beverages,Quick Commerce,2025-06,Actual,4109217
COGS,EXP,Central,Beverages,Quick Commerce,2025-06,Actual,1725871
Marketing,EXP,Central,Beverages,Quick Commerce,2025-06,Actual,246553
Distribution,EXP,Central,Beverages,Quick Commerce,2025-06,Actual,184915
Salary,EXP,Central,Beverages,Quick Commerce,2025-06,Actual,349283
Freight,EXP,Central,Beverages,Quick Commerce,2025-06,Actual,102730
Other_Opex,EXP,Central,Beverages,Quick Commerce,2025-06,Actual,143823
Gross_Sales,INC,Central,Beverages,Quick Commerce,2025-07,Actual,4013631
COGS,EXP,Central,Beverages,Quick Commerce,2025-07,Actual,1685725
Marketing,EXP,Central,Beverages,Quick Commerce,2025-07,Actual,240818
Distribution,EXP,Central,Beverages,Quick Commerce,2025-07,Actual,180613
Salary,EXP,Central,Beverages,Quick Commerce,2025-07,Actual,341159
Freight,EXP,Central,Beverages,Quick Commerce,2025-07,Actual,100341
Other_Opex,EXP,Central,Beverages,Quick Commerce,2025-07,Actual,140477
Gross_Sales,INC,Central,Beverages,Quick Commerce,2025-08,Actual,4365912
COGS,EXP,Central,Beverages,Quick Commerce,2025-08,Actual,1833683
Marketing,EXP,Central,Beverages,Quick Commerce,2025-08,Actual,261955
Distribution,EXP,Central,Beverages,Quick Commerce,2025-08,Actual,196466
Salary,EXP,Central,Beverages,Quick Commerce,2025-08,Actual,371103
Freight,EXP,Central,Beverages,Quick Commerce,2025-08,Actual,109148
Other_Opex,EXP,Central,Beverages,Quick Commerce,2025-08,Actual,152807
Gross_Sales,INC,Central,Beverages,Quick Commerce,2025-09,Actual,4827396
COGS,EXP,Central,Beverages,Quick Commerce,2025-09,Actual,2027506
Marketing,EXP,Central,Beverages,Quick Commerce,2025-09,Actual,289644
Distribution,EXP,Central,Beverages,Quick Commerce,2025-09,Actual,217233
Salary,EXP,Central,Beverages,Quick Commerce,2025-09,Actual,410329
Freight,EXP,Central,Beverages,Quick Commerce,2025-09,Actual,120685
Other_Opex,EXP,Central,Beverages,Quick Commerce,2025-09,Actual,168959
Gross_Sales,INC,Central,Beverages,Quick Commerce,2025-10,Actual,5859807
COGS,EXP,Central,Beverages,Quick Commerce,2025-10,Actual,2461119
Marketing,EXP,Central,Beverages,Quick Commerce,2025-10,Actual,351588
Distribution,EXP,Central,Beverages,Quick Commerce,2025-10,Actual,263691
Salary,EXP,Central,Beverages,Quick Commerce,2025-10,Actual,498084
Freight,EXP,Central,Beverages,Quick Commerce,2025-10,Actual,146495
Other_Opex,EXP,Central,Beverages,Quick Commerce,2025-10,Actual,205093
Gross_Sales,INC,Central,Beverages,Quick Commerce,2025-11,Actual,7010271
COGS,EXP,Central,Beverages,Quick Commerce,2025-11,Actual,2944314
Marketing,EXP,Central,Beverages,Quick Commerce,2025-11,Actual,420616
Distribution,EXP,Central,Beverages,Quick Commerce,2025-11,Actual,315462
Salary,EXP,Central,Beverages,Quick Commerce,2025-11,Actual,595873
Freight,EXP,Central,Beverages,Quick Commerce,2025-11,Actual,175257
Other_Opex,EXP,Central,Beverages,Quick Commerce,2025-11,Actual,245359
Gross_Sales,INC,Central,Beverages,Quick Commerce,2025-12,Actual,5054388
COGS,EXP,Central,Beverages,Quick Commerce,2025-12,Actual,2122843
Marketing,EXP,Central,Beverages,Quick Commerce,2025-12,Actual,303263
Distribution,EXP,Central,Beverages,Quick Commerce,2025-12,Actual,227447
Salary,EXP,Central,Beverages,Quick Commerce,2025-12,Actual,429623
Freight,EXP,Central,Beverages,Quick Commerce,2025-12,Actual,126360
Other_Opex,EXP,Central,Beverages,Quick Commerce,2025-12,Actual,176904
Gross_Sales,INC,Central,Beverages,Quick Commerce,2026-01,Actual,4438746
COGS,EXP,Central,Beverages,Quick Commerce,2026-01,Actual,1864273
Marketing,EXP,Central,Beverages,Quick Commerce,2026-01,Actual,266325
Distribution,EXP,Central,Beverages,Quick Commerce,2026-01,Actual,199744
Salary,EXP,Central,Beverages,Quick Commerce,2026-01,Actual,377293
Freight,EXP,Central,Beverages,Quick Commerce,2026-01,Actual,110969
Other_Opex,EXP,Central,Beverages,Quick Commerce,2026-01,Actual,155356
Gross_Sales,INC,Central,Beverages,Quick Commerce,2026-02,Actual,4778382
COGS,EXP,Central,Beverages,Quick Commerce,2026-02,Actual,2006920
Marketing,EXP,Central,Beverages,Quick Commerce,2026-02,Actual,286703
Distribution,EXP,Central,Beverages,Quick Commerce,2026-02,Actual,215027
Salary,EXP,Central,Beverages,Quick Commerce,2026-02,Actual,406162
Freight,EXP,Central,Beverages,Quick Commerce,2026-02,Actual,119460
Other_Opex,EXP,Central,Beverages,Quick Commerce,2026-02,Actual,167243
Gross_Sales,INC,Central,Beverages,Quick Commerce,2026-03,Actual,5078580
COGS,EXP,Central,Beverages,Quick Commerce,2026-03,Actual,2133004
Marketing,EXP,Central,Beverages,Quick Commerce,2026-03,Actual,304715
Distribution,EXP,Central,Beverages,Quick Commerce,2026-03,Actual,228536
Salary,EXP,Central,Beverages,Quick Commerce,2026-03,Actual,431679
Freight,EXP,Central,Beverages,Quick Commerce,2026-03,Actual,126964
Other_Opex,EXP,Central,Beverages,Quick Commerce,2026-03,Actual,177750
Gross_Sales,INC,Central,Personal Care,E-Commerce,2025-04,Actual,2819583
COGS,EXP,Central,Personal Care,E-Commerce,2025-04,Actual,1184225
Marketing,EXP,Central,Personal Care,E-Commerce,2025-04,Actual,169175
Distribution,EXP,Central,Personal Care,E-Commerce,2025-04,Actual,126881
Salary,EXP,Central,Personal Care,E-Commerce,2025-04,Actual,239665
Freight,EXP,Central,Personal Care,E-Commerce,2025-04,Actual,70490
Other_Opex,EXP,Central,Personal Care,E-Commerce,2025-04,Actual,98685
Gross_Sales,INC,Central,Personal Care,E-Commerce,2025-05,Actual,2999811
COGS,EXP,Central,Personal Care,E-Commerce,2025-05,Actual,1259921
Marketing,EXP,Central,Personal Care,E-Commerce,2025-05,Actual,179989
Distribution,EXP,Central,Personal Care,E-Commerce,2025-05,Actual,134991
Salary,EXP,Central,Personal Care,E-Commerce,2025-05,Actual,254984
Freight,EXP,Central,Personal Care,E-Commerce,2025-05,Actual,74995
Other_Opex,EXP,Central,Personal Care,E-Commerce,2025-05,Actual,104993
Gross_Sales,INC,Central,Personal Care,E-Commerce,2025-06,Actual,2625747
COGS,EXP,Central,Personal Care,E-Commerce,2025-06,Actual,1102814
Marketing,EXP,Central,Personal Care,E-Commerce,2025-06,Actual,157545
Distribution,EXP,Central,Personal Care,E-Commerce,2025-06,Actual,118159
Salary,EXP,Central,Personal Care,E-Commerce,2025-06,Actual,223188
Freight,EXP,Central,Personal Care,E-Commerce,2025-06,Actual,65644
Other_Opex,EXP,Central,Personal Care,E-Commerce,2025-06,Actual,91901
Gross_Sales,INC,Central,Personal Care,E-Commerce,2025-07,Actual,2374695
COGS,EXP,Central,Personal Care,E-Commerce,2025-07,Actual,997372
Marketing,EXP,Central,Personal Care,E-Commerce,2025-07,Actual,142482
Distribution,EXP,Central,Personal Care,E-Commerce,2025-07,Actual,106861
Salary,EXP,Central,Personal Care,E-Commerce,2025-07,Actual,201849
Freight,EXP,Central,Personal Care,E-Commerce,2025-07,Actual,59367
Other_Opex,EXP,Central,Personal Care,E-Commerce,2025-07,Actual,83114
Gross_Sales,INC,Central,Personal Care,E-Commerce,2025-08,Actual,2583120
COGS,EXP,Central,Personal Care,E-Commerce,2025-08,Actual,1084910
Marketing,EXP,Central,Personal Care,E-Commerce,2025-08,Actual,154987
Distribution,EXP,Central,Personal Care,E-Commerce,2025-08,Actual,116240
Salary,EXP,Central,Personal Care,E-Commerce,2025-08,Actual,219565
Freight,EXP,Central,Personal Care,E-Commerce,2025-08,Actual,64578
Other_Opex,EXP,Central,Personal Care,E-Commerce,2025-08,Actual,90409
Gross_Sales,INC,Central,Personal Care,E-Commerce,2025-09,Actual,2856162
COGS,EXP,Central,Personal Care,E-Commerce,2025-09,Actual,1199588
Marketing,EXP,Central,Personal Care,E-Commerce,2025-09,Actual,171370
Distribution,EXP,Central,Personal Care,E-Commerce,2025-09,Actual,128527
Salary,EXP,Central,Personal Care,E-Commerce,2025-09,Actual,242774
Freight,EXP,Central,Personal Care,E-Commerce,2025-09,Actual,71404
Other_Opex,EXP,Central,Personal Care,E-Commerce,2025-09,Actual,99966
Gross_Sales,INC,Central,Personal Care,E-Commerce,2025-10,Actual,3466992
COGS,EXP,Central,Personal Care,E-Commerce,2025-10,Actual,1456137
Marketing,EXP,Central,Personal Care,E-Commerce,2025-10,Actual,208020
Distribution,EXP,Central,Personal Care,E-Commerce,2025-10,Actual,156015
Salary,EXP,Central,Personal Care,E-Commerce,2025-10,Actual,294694
Freight,EXP,Central,Personal Care,E-Commerce,2025-10,Actual,86675
Other_Opex,EXP,Central,Personal Care,E-Commerce,2025-10,Actual,121345
Gross_Sales,INC,Central,Personal Care,E-Commerce,2025-11,Actual,4147680
COGS,EXP,Central,Personal Care,E-Commerce,2025-11,Actual,1742026
Marketing,EXP,Central,Personal Care,E-Commerce,2025-11,Actual,248861
Distribution,EXP,Central,Personal Care,E-Commerce,2025-11,Actual,186646
Salary,EXP,Central,Personal Care,E-Commerce,2025-11,Actual,352553
Freight,EXP,Central,Personal Care,E-Commerce,2025-11,Actual,103692
Other_Opex,EXP,Central,Personal Care,E-Commerce,2025-11,Actual,145169
Gross_Sales,INC,Central,Personal Care,E-Commerce,2025-12,Actual,2990463
COGS,EXP,Central,Personal Care,E-Commerce,2025-12,Actual,1255994
Marketing,EXP,Central,Personal Care,E-Commerce,2025-12,Actual,179428
Distribution,EXP,Central,Personal Care,E-Commerce,2025-12,Actual,134571
Salary,EXP,Central,Personal Care,E-Commerce,2025-12,Actual,254189
Freight,EXP,Central,Personal Care,E-Commerce,2025-12,Actual,74762
Other_Opex,EXP,Central,Personal Care,E-Commerce,2025-12,Actual,104666
Gross_Sales,INC,Central,Personal Care,E-Commerce,2026-01,Actual,2626218
COGS,EXP,Central,Personal Care,E-Commerce,2026-01,Actual,1103012
Marketing,EXP,Central,Personal Care,E-Commerce,2026-01,Actual,157573
Distribution,EXP,Central,Personal Care,E-Commerce,2026-01,Actual,118180
Salary,EXP,Central,Personal Care,E-Commerce,2026-01,Actual,223229
Freight,EXP,Central,Personal Care,E-Commerce,2026-01,Actual,65655
Other_Opex,EXP,Central,Personal Care,E-Commerce,2026-01,Actual,91918
Gross_Sales,INC,Central,Personal Care,E-Commerce,2026-02,Actual,2827167
COGS,EXP,Central,Personal Care,E-Commerce,2026-02,Actual,1187410
Marketing,EXP,Central,Personal Care,E-Commerce,2026-02,Actual,169630
Distribution,EXP,Central,Personal Care,E-Commerce,2026-02,Actual,127223
Salary,EXP,Central,Personal Care,E-Commerce,2026-02,Actual,240309
Freight,EXP,Central,Personal Care,E-Commerce,2026-02,Actual,70679
Other_Opex,EXP,Central,Personal Care,E-Commerce,2026-02,Actual,98951
Gross_Sales,INC,Central,Personal Care,E-Commerce,2026-03,Actual,3004773
COGS,EXP,Central,Personal Care,E-Commerce,2026-03,Actual,1262005
Marketing,EXP,Central,Personal Care,E-Commerce,2026-03,Actual,180286
Distribution,EXP,Central,Personal Care,E-Commerce,2026-03,Actual,135215
Salary,EXP,Central,Personal Care,E-Commerce,2026-03,Actual,255406
Freight,EXP,Central,Personal Care,E-Commerce,2026-03,Actual,75119
Other_Opex,EXP,Central,Personal Care,E-Commerce,2026-03,Actual,105167
Gross_Sales,INC,Central,Personal Care,General Trade,2025-04,Actual,2518923
COGS,EXP,Central,Personal Care,General Trade,2025-04,Actual,1057948
Marketing,EXP,Central,Personal Care,General Trade,2025-04,Actual,151135
Distribution,EXP,Central,Personal Care,General Trade,2025-04,Actual,113352
Salary,EXP,Central,Personal Care,General Trade,2025-04,Actual,214108
Freight,EXP,Central,Personal Care,General Trade,2025-04,Actual,62973
Other_Opex,EXP,Central,Personal Care,General Trade,2025-04,Actual,88162
Gross_Sales,INC,Central,Personal Care,General Trade,2025-05,Actual,2644863
COGS,EXP,Central,Personal Care,General Trade,2025-05,Actual,1110842
Marketing,EXP,Central,Personal Care,General Trade,2025-05,Actual,158692
Distribution,EXP,Central,Personal Care,General Trade,2025-05,Actual,119019
Salary,EXP,Central,Personal Care,General Trade,2025-05,Actual,224813
Freight,EXP,Central,Personal Care,General Trade,2025-05,Actual,66122
Other_Opex,EXP,Central,Personal Care,General Trade,2025-05,Actual,92570
Gross_Sales,INC,Central,Personal Care,General Trade,2025-06,Actual,2115891
COGS,EXP,Central,Personal Care,General Trade,2025-06,Actual,888674
Marketing,EXP,Central,Personal Care,General Trade,2025-06,Actual,126953
Distribution,EXP,Central,Personal Care,General Trade,2025-06,Actual,95215
Salary,EXP,Central,Personal Care,General Trade,2025-06,Actual,179851
Freight,EXP,Central,Personal Care,General Trade,2025-06,Actual,52897
Other_Opex,EXP,Central,Personal Care,General Trade,2025-06,Actual,74056
Gross_Sales,INC,Central,Personal Care,General Trade,2025-07,Actual,2040327
COGS,EXP,Central,Personal Care,General Trade,2025-07,Actual,856937
Marketing,EXP,Central,Personal Care,General Trade,2025-07,Actual,122420
Distribution,EXP,Central,Personal Care,General Trade,2025-07,Actual,91815
Salary,EXP,Central,Personal Care,General Trade,2025-07,Actual,173428
Freight,EXP,Central,Personal Care,General Trade,2025-07,Actual,51008
Other_Opex,EXP,Central,Personal Care,General Trade,2025-07,Actual,71411
Gross_Sales,INC,Central,Personal Care,General Trade,2025-08,Actual,2191461
COGS,EXP,Central,Personal Care,General Trade,2025-08,Actual,920414
Marketing,EXP,Central,Personal Care,General Trade,2025-08,Actual,131488
Distribution,EXP,Central,Personal Care,General Trade,2025-08,Actual,98616
Salary,EXP,Central,Personal Care,General Trade,2025-08,Actual,186274
Freight,EXP,Central,Personal Care,General Trade,2025-08,Actual,54787
Other_Opex,EXP,Central,Personal Care,General Trade,2025-08,Actual,76701
Gross_Sales,INC,Central,Personal Care,General Trade,2025-09,Actual,2392980
COGS,EXP,Central,Personal Care,General Trade,2025-09,Actual,1005052
Marketing,EXP,Central,Personal Care,General Trade,2025-09,Actual,143579
Distribution,EXP,Central,Personal Care,General Trade,2025-09,Actual,107684
Salary,EXP,Central,Personal Care,General Trade,2025-09,Actual,203403
Freight,EXP,Central,Personal Care,General Trade,2025-09,Actual,59824
Other_Opex,EXP,Central,Personal Care,General Trade,2025-09,Actual,83754
Gross_Sales,INC,Central,Personal Care,General Trade,2025-10,Actual,2869074
COGS,EXP,Central,Personal Care,General Trade,2025-10,Actual,1205011
Marketing,EXP,Central,Personal Care,General Trade,2025-10,Actual,172144
Distribution,EXP,Central,Personal Care,General Trade,2025-10,Actual,129108
Salary,EXP,Central,Personal Care,General Trade,2025-10,Actual,243871
Freight,EXP,Central,Personal Care,General Trade,2025-10,Actual,71727
Other_Opex,EXP,Central,Personal Care,General Trade,2025-10,Actual,100418
Gross_Sales,INC,Central,Personal Care,General Trade,2025-11,Actual,3390729
COGS,EXP,Central,Personal Care,General Trade,2025-11,Actual,1424106
Marketing,EXP,Central,Personal Care,General Trade,2025-11,Actual,203444
Distribution,EXP,Central,Personal Care,General Trade,2025-11,Actual,152583
Salary,EXP,Central,Personal Care,General Trade,2025-11,Actual,288212
Freight,EXP,Central,Personal Care,General Trade,2025-11,Actual,84768
Other_Opex,EXP,Central,Personal Care,General Trade,2025-11,Actual,118676
Gross_Sales,INC,Central,Personal Care,General Trade,2025-12,Actual,2821194
COGS,EXP,Central,Personal Care,General Trade,2025-12,Actual,1184901
Marketing,EXP,Central,Personal Care,General Trade,2025-12,Actual,169272
Distribution,EXP,Central,Personal Care,General Trade,2025-12,Actual,126954
Salary,EXP,Central,Personal Care,General Trade,2025-12,Actual,239801
Freight,EXP,Central,Personal Care,General Trade,2025-12,Actual,70530
Other_Opex,EXP,Central,Personal Care,General Trade,2025-12,Actual,98742
Gross_Sales,INC,Central,Personal Care,General Trade,2026-01,Actual,2443359
COGS,EXP,Central,Personal Care,General Trade,2026-01,Actual,1026211
Marketing,EXP,Central,Personal Care,General Trade,2026-01,Actual,146602
Distribution,EXP,Central,Personal Care,General Trade,2026-01,Actual,109951
Salary,EXP,Central,Personal Care,General Trade,2026-01,Actual,207686
Freight,EXP,Central,Personal Care,General Trade,2026-01,Actual,61084
Other_Opex,EXP,Central,Personal Care,General Trade,2026-01,Actual,85518
Gross_Sales,INC,Central,Personal Care,General Trade,2026-02,Actual,2594490
COGS,EXP,Central,Personal Care,General Trade,2026-02,Actual,1089686
Marketing,EXP,Central,Personal Care,General Trade,2026-02,Actual,155669
Distribution,EXP,Central,Personal Care,General Trade,2026-02,Actual,116752
Salary,EXP,Central,Personal Care,General Trade,2026-02,Actual,220532
Freight,EXP,Central,Personal Care,General Trade,2026-02,Actual,64862
Other_Opex,EXP,Central,Personal Care,General Trade,2026-02,Actual,90807
Gross_Sales,INC,Central,Personal Care,General Trade,2026-03,Actual,2720433
COGS,EXP,Central,Personal Care,General Trade,2026-03,Actual,1142582
Marketing,EXP,Central,Personal Care,General Trade,2026-03,Actual,163226
Distribution,EXP,Central,Personal Care,General Trade,2026-03,Actual,122419
Salary,EXP,Central,Personal Care,General Trade,2026-03,Actual,231237
Freight,EXP,Central,Personal Care,General Trade,2026-03,Actual,68011
Other_Opex,EXP,Central,Personal Care,General Trade,2026-03,Actual,95215
Gross_Sales,INC,Central,Personal Care,Modern Trade,2025-04,Actual,2871567
COGS,EXP,Central,Personal Care,Modern Trade,2025-04,Actual,1206058
Marketing,EXP,Central,Personal Care,Modern Trade,2025-04,Actual,172294
Distribution,EXP,Central,Personal Care,Modern Trade,2025-04,Actual,129221
Salary,EXP,Central,Personal Care,Modern Trade,2025-04,Actual,244083
Freight,EXP,Central,Personal Care,Modern Trade,2025-04,Actual,71789
Other_Opex,EXP,Central,Personal Care,Modern Trade,2025-04,Actual,100505
Gross_Sales,INC,Central,Personal Care,Modern Trade,2025-05,Actual,3015150
COGS,EXP,Central,Personal Care,Modern Trade,2025-05,Actual,1266363
Marketing,EXP,Central,Personal Care,Modern Trade,2025-05,Actual,180909
Distribution,EXP,Central,Personal Care,Modern Trade,2025-05,Actual,135682
Salary,EXP,Central,Personal Care,Modern Trade,2025-05,Actual,256288
Freight,EXP,Central,Personal Care,Modern Trade,2025-05,Actual,75379
Other_Opex,EXP,Central,Personal Care,Modern Trade,2025-05,Actual,105530
Gross_Sales,INC,Central,Personal Care,Modern Trade,2025-06,Actual,2412120
COGS,EXP,Central,Personal Care,Modern Trade,2025-06,Actual,1013090
Marketing,EXP,Central,Personal Care,Modern Trade,2025-06,Actual,144727
Distribution,EXP,Central,Personal Care,Modern Trade,2025-06,Actual,108545
Salary,EXP,Central,Personal Care,Modern Trade,2025-06,Actual,205030
Freight,EXP,Central,Personal Care,Modern Trade,2025-06,Actual,60303
Other_Opex,EXP,Central,Personal Care,Modern Trade,2025-06,Actual,84424
Gross_Sales,INC,Central,Personal Care,Modern Trade,2025-07,Actual,2325969
COGS,EXP,Central,Personal Care,Modern Trade,2025-07,Actual,976907
Marketing,EXP,Central,Personal Care,Modern Trade,2025-07,Actual,139558
Distribution,EXP,Central,Personal Care,Modern Trade,2025-07,Actual,104669
Salary,EXP,Central,Personal Care,Modern Trade,2025-07,Actual,197707
Freight,EXP,Central,Personal Care,Modern Trade,2025-07,Actual,58149
Other_Opex,EXP,Central,Personal Care,Modern Trade,2025-07,Actual,81409
Gross_Sales,INC,Central,Personal Care,Modern Trade,2025-08,Actual,2498268
COGS,EXP,Central,Personal Care,Modern Trade,2025-08,Actual,1049273
Marketing,EXP,Central,Personal Care,Modern Trade,2025-08,Actual,149896
Distribution,EXP,Central,Personal Care,Modern Trade,2025-08,Actual,112422
Salary,EXP,Central,Personal Care,Modern Trade,2025-08,Actual,212353
Freight,EXP,Central,Personal Care,Modern Trade,2025-08,Actual,62457
Other_Opex,EXP,Central,Personal Care,Modern Trade,2025-08,Actual,87439
Gross_Sales,INC,Central,Personal Care,Modern Trade,2025-09,Actual,2727984
COGS,EXP,Central,Personal Care,Modern Trade,2025-09,Actual,1145753
Marketing,EXP,Central,Personal Care,Modern Trade,2025-09,Actual,163679
Distribution,EXP,Central,Personal Care,Modern Trade,2025-09,Actual,122759
Salary,EXP,Central,Personal Care,Modern Trade,2025-09,Actual,231879
Freight,EXP,Central,Personal Care,Modern Trade,2025-09,Actual,68200
Other_Opex,EXP,Central,Personal Care,Modern Trade,2025-09,Actual,95479
Gross_Sales,INC,Central,Personal Care,Modern Trade,2025-10,Actual,3270750
COGS,EXP,Central,Personal Care,Modern Trade,2025-10,Actual,1373715
Marketing,EXP,Central,Personal Care,Modern Trade,2025-10,Actual,196245
Distribution,EXP,Central,Personal Care,Modern Trade,2025-10,Actual,147184
Salary,EXP,Central,Personal Care,Modern Trade,2025-10,Actual,278014
Freight,EXP,Central,Personal Care,Modern Trade,2025-10,Actual,81769
Other_Opex,EXP,Central,Personal Care,Modern Trade,2025-10,Actual,114476
Gross_Sales,INC,Central,Personal Care,Modern Trade,2025-11,Actual,3865428
COGS,EXP,Central,Personal Care,Modern Trade,2025-11,Actual,1623480
Marketing,EXP,Central,Personal Care,Modern Trade,2025-11,Actual,231926
Distribution,EXP,Central,Personal Care,Modern Trade,2025-11,Actual,173944
Salary,EXP,Central,Personal Care,Modern Trade,2025-11,Actual,328561
Freight,EXP,Central,Personal Care,Modern Trade,2025-11,Actual,96636
Other_Opex,EXP,Central,Personal Care,Modern Trade,2025-11,Actual,135290
Gross_Sales,INC,Central,Personal Care,Modern Trade,2025-12,Actual,3216156
COGS,EXP,Central,Personal Care,Modern Trade,2025-12,Actual,1350786
Marketing,EXP,Central,Personal Care,Modern Trade,2025-12,Actual,192969
Distribution,EXP,Central,Personal Care,Modern Trade,2025-12,Actual,144727
Salary,EXP,Central,Personal Care,Modern Trade,2025-12,Actual,273373
Freight,EXP,Central,Personal Care,Modern Trade,2025-12,Actual,80404
Other_Opex,EXP,Central,Personal Care,Modern Trade,2025-12,Actual,112565
Gross_Sales,INC,Central,Personal Care,Modern Trade,2026-01,Actual,2785425
COGS,EXP,Central,Personal Care,Modern Trade,2026-01,Actual,1169878
Marketing,EXP,Central,Personal Care,Modern Trade,2026-01,Actual,167126
Distribution,EXP,Central,Personal Care,Modern Trade,2026-01,Actual,125344
Salary,EXP,Central,Personal Care,Modern Trade,2026-01,Actual,236761
Freight,EXP,Central,Personal Care,Modern Trade,2026-01,Actual,69636
Other_Opex,EXP,Central,Personal Care,Modern Trade,2026-01,Actual,97490
Gross_Sales,INC,Central,Personal Care,Modern Trade,2026-02,Actual,2957718
COGS,EXP,Central,Personal Care,Modern Trade,2026-02,Actual,1242242
Marketing,EXP,Central,Personal Care,Modern Trade,2026-02,Actual,177463
Distribution,EXP,Central,Personal Care,Modern Trade,2026-02,Actual,133097
Salary,EXP,Central,Personal Care,Modern Trade,2026-02,Actual,251406
Freight,EXP,Central,Personal Care,Modern Trade,2026-02,Actual,73943
Other_Opex,EXP,Central,Personal Care,Modern Trade,2026-02,Actual,103520
Gross_Sales,INC,Central,Personal Care,Modern Trade,2026-03,Actual,3101298
COGS,EXP,Central,Personal Care,Modern Trade,2026-03,Actual,1302545
Marketing,EXP,Central,Personal Care,Modern Trade,2026-03,Actual,186078
Distribution,EXP,Central,Personal Care,Modern Trade,2026-03,Actual,139558
Salary,EXP,Central,Personal Care,Modern Trade,2026-03,Actual,263610
Freight,EXP,Central,Personal Care,Modern Trade,2026-03,Actual,77532
Other_Opex,EXP,Central,Personal Care,Modern Trade,2026-03,Actual,108545
Gross_Sales,INC,Central,Personal Care,Quick Commerce,2025-04,Actual,2447187
COGS,EXP,Central,Personal Care,Quick Commerce,2025-04,Actual,1027819
Marketing,EXP,Central,Personal Care,Quick Commerce,2025-04,Actual,146831
Distribution,EXP,Central,Personal Care,Quick Commerce,2025-04,Actual,110123
Salary,EXP,Central,Personal Care,Quick Commerce,2025-04,Actual,208011
Freight,EXP,Central,Personal Care,Quick Commerce,2025-04,Actual,61180
Other_Opex,EXP,Central,Personal Care,Quick Commerce,2025-04,Actual,85652
Gross_Sales,INC,Central,Personal Care,Quick Commerce,2025-05,Actual,2603610
COGS,EXP,Central,Personal Care,Quick Commerce,2025-05,Actual,1093516
Marketing,EXP,Central,Personal Care,Quick Commerce,2025-05,Actual,156217
Distribution,EXP,Central,Personal Care,Quick Commerce,2025-05,Actual,117162
Salary,EXP,Central,Personal Care,Quick Commerce,2025-05,Actual,221307
Freight,EXP,Central,Personal Care,Quick Commerce,2025-05,Actual,65090
Other_Opex,EXP,Central,Personal Care,Quick Commerce,2025-05,Actual,91126
Gross_Sales,INC,Central,Personal Care,Quick Commerce,2025-06,Actual,2110146
COGS,EXP,Central,Personal Care,Quick Commerce,2025-06,Actual,886261
Marketing,EXP,Central,Personal Care,Quick Commerce,2025-06,Actual,126609
Distribution,EXP,Central,Personal Care,Quick Commerce,2025-06,Actual,94957
Salary,EXP,Central,Personal Care,Quick Commerce,2025-06,Actual,179362
Freight,EXP,Central,Personal Care,Quick Commerce,2025-06,Actual,52754
Other_Opex,EXP,Central,Personal Care,Quick Commerce,2025-06,Actual,73855
Gross_Sales,INC,Central,Personal Care,Quick Commerce,2025-07,Actual,2061051
COGS,EXP,Central,Personal Care,Quick Commerce,2025-07,Actual,865641
Marketing,EXP,Central,Personal Care,Quick Commerce,2025-07,Actual,123663
Distribution,EXP,Central,Personal Care,Quick Commerce,2025-07,Actual,92747
Salary,EXP,Central,Personal Care,Quick Commerce,2025-07,Actual,175189
Freight,EXP,Central,Personal Care,Quick Commerce,2025-07,Actual,51526
Other_Opex,EXP,Central,Personal Care,Quick Commerce,2025-07,Actual,72137
Gross_Sales,INC,Central,Personal Care,Quick Commerce,2025-08,Actual,2241954
COGS,EXP,Central,Personal Care,Quick Commerce,2025-08,Actual,941621
Marketing,EXP,Central,Personal Care,Quick Commerce,2025-08,Actual,134517
Distribution,EXP,Central,Personal Care,Quick Commerce,2025-08,Actual,100888
Salary,EXP,Central,Personal Care,Quick Commerce,2025-08,Actual,190566
Freight,EXP,Central,Personal Care,Quick Commerce,2025-08,Actual,56049
Other_Opex,EXP,Central,Personal Care,Quick Commerce,2025-08,Actual,78468
Gross_Sales,INC,Central,Personal Care,Quick Commerce,2025-09,Actual,2478933
COGS,EXP,Central,Personal Care,Quick Commerce,2025-09,Actual,1041152
Marketing,EXP,Central,Personal Care,Quick Commerce,2025-09,Actual,148736
Distribution,EXP,Central,Personal Care,Quick Commerce,2025-09,Actual,111552
Salary,EXP,Central,Personal Care,Quick Commerce,2025-09,Actual,210709
Freight,EXP,Central,Personal Care,Quick Commerce,2025-09,Actual,61973
Other_Opex,EXP,Central,Personal Care,Quick Commerce,2025-09,Actual,86763
Gross_Sales,INC,Central,Personal Care,Quick Commerce,2025-10,Actual,3009093
COGS,EXP,Central,Personal Care,Quick Commerce,2025-10,Actual,1263819
Marketing,EXP,Central,Personal Care,Quick Commerce,2025-10,Actual,180546
Distribution,EXP,Central,Personal Care,Quick Commerce,2025-10,Actual,135409
Salary,EXP,Central,Personal Care,Quick Commerce,2025-10,Actual,255773
Freight,EXP,Central,Personal Care,Quick Commerce,2025-10,Actual,75227
Other_Opex,EXP,Central,Personal Care,Quick Commerce,2025-10,Actual,105318
Gross_Sales,INC,Central,Personal Care,Quick Commerce,2025-11,Actual,3599868
COGS,EXP,Central,Personal Care,Quick Commerce,2025-11,Actual,1511945
Marketing,EXP,Central,Personal Care,Quick Commerce,2025-11,Actual,215992
Distribution,EXP,Central,Personal Care,Quick Commerce,2025-11,Actual,161994
Salary,EXP,Central,Personal Care,Quick Commerce,2025-11,Actual,305989
Freight,EXP,Central,Personal Care,Quick Commerce,2025-11,Actual,89997
Other_Opex,EXP,Central,Personal Care,Quick Commerce,2025-11,Actual,125995
Gross_Sales,INC,Central,Personal Care,Quick Commerce,2025-12,Actual,2595498
COGS,EXP,Central,Personal Care,Quick Commerce,2025-12,Actual,1090109
Marketing,EXP,Central,Personal Care,Quick Commerce,2025-12,Actual,155730
Distribution,EXP,Central,Personal Care,Quick Commerce,2025-12,Actual,116797
Salary,EXP,Central,Personal Care,Quick Commerce,2025-12,Actual,220617
Freight,EXP,Central,Personal Care,Quick Commerce,2025-12,Actual,64887
Other_Opex,EXP,Central,Personal Care,Quick Commerce,2025-12,Actual,90842
Gross_Sales,INC,Central,Personal Care,Quick Commerce,2026-01,Actual,2279358
COGS,EXP,Central,Personal Care,Quick Commerce,2026-01,Actual,957330
Marketing,EXP,Central,Personal Care,Quick Commerce,2026-01,Actual,136761
Distribution,EXP,Central,Personal Care,Quick Commerce,2026-01,Actual,102571
Salary,EXP,Central,Personal Care,Quick Commerce,2026-01,Actual,193745
Freight,EXP,Central,Personal Care,Quick Commerce,2026-01,Actual,56984
Other_Opex,EXP,Central,Personal Care,Quick Commerce,2026-01,Actual,79778
Gross_Sales,INC,Central,Personal Care,Quick Commerce,2026-02,Actual,2453763
COGS,EXP,Central,Personal Care,Quick Commerce,2026-02,Actual,1030580
Marketing,EXP,Central,Personal Care,Quick Commerce,2026-02,Actual,147226
Distribution,EXP,Central,Personal Care,Quick Commerce,2026-02,Actual,110419
Salary,EXP,Central,Personal Care,Quick Commerce,2026-02,Actual,208570
Freight,EXP,Central,Personal Care,Quick Commerce,2026-02,Actual,61344
Other_Opex,EXP,Central,Personal Care,Quick Commerce,2026-02,Actual,85882
Gross_Sales,INC,Central,Personal Care,Quick Commerce,2026-03,Actual,2607915
COGS,EXP,Central,Personal Care,Quick Commerce,2026-03,Actual,1095324
Marketing,EXP,Central,Personal Care,Quick Commerce,2026-03,Actual,156475
Distribution,EXP,Central,Personal Care,Quick Commerce,2026-03,Actual,117356
Salary,EXP,Central,Personal Care,Quick Commerce,2026-03,Actual,221673
Freight,EXP,Central,Personal Care,Quick Commerce,2026-03,Actual,65198
Other_Opex,EXP,Central,Personal Care,Quick Commerce,2026-03,Actual,91277
Gross_Sales,INC,Central,Snacks,E-Commerce,2025-04,Actual,3709974
COGS,EXP,Central,Snacks,E-Commerce,2025-04,Actual,1558189
Marketing,EXP,Central,Snacks,E-Commerce,2025-04,Actual,222598
Distribution,EXP,Central,Snacks,E-Commerce,2025-04,Actual,166949
Salary,EXP,Central,Snacks,E-Commerce,2025-04,Actual,315348
Freight,EXP,Central,Snacks,E-Commerce,2025-04,Actual,92749
Other_Opex,EXP,Central,Snacks,E-Commerce,2025-04,Actual,129849
Gross_Sales,INC,Central,Snacks,E-Commerce,2025-05,Actual,3947115
COGS,EXP,Central,Snacks,E-Commerce,2025-05,Actual,1657788
Marketing,EXP,Central,Snacks,E-Commerce,2025-05,Actual,236827
Distribution,EXP,Central,Snacks,E-Commerce,2025-05,Actual,177620
Salary,EXP,Central,Snacks,E-Commerce,2025-05,Actual,335505
Freight,EXP,Central,Snacks,E-Commerce,2025-05,Actual,98678
Other_Opex,EXP,Central,Snacks,E-Commerce,2025-05,Actual,138149
Gross_Sales,INC,Central,Snacks,E-Commerce,2025-06,Actual,3454929
COGS,EXP,Central,Snacks,E-Commerce,2025-06,Actual,1451070
Marketing,EXP,Central,Snacks,E-Commerce,2025-06,Actual,207296
Distribution,EXP,Central,Snacks,E-Commerce,2025-06,Actual,155472
Salary,EXP,Central,Snacks,E-Commerce,2025-06,Actual,293669
Freight,EXP,Central,Snacks,E-Commerce,2025-06,Actual,86373
Other_Opex,EXP,Central,Snacks,E-Commerce,2025-06,Actual,120923
Gross_Sales,INC,Central,Snacks,E-Commerce,2025-07,Actual,3124593
COGS,EXP,Central,Snacks,E-Commerce,2025-07,Actual,1312329
Marketing,EXP,Central,Snacks,E-Commerce,2025-07,Actual,187476
Distribution,EXP,Central,Snacks,E-Commerce,2025-07,Actual,140607
Salary,EXP,Central,Snacks,E-Commerce,2025-07,Actual,265590
Freight,EXP,Central,Snacks,E-Commerce,2025-07,Actual,78115
Other_Opex,EXP,Central,Snacks,E-Commerce,2025-07,Actual,109361
Gross_Sales,INC,Central,Snacks,E-Commerce,2025-08,Actual,3398847
COGS,EXP,Central,Snacks,E-Commerce,2025-08,Actual,1427516
Marketing,EXP,Central,Snacks,E-Commerce,2025-08,Actual,203931
Distribution,EXP,Central,Snacks,E-Commerce,2025-08,Actual,152948
Salary,EXP,Central,Snacks,E-Commerce,2025-08,Actual,288902
Freight,EXP,Central,Snacks,E-Commerce,2025-08,Actual,84971
Other_Opex,EXP,Central,Snacks,E-Commerce,2025-08,Actual,118960
Gross_Sales,INC,Central,Snacks,E-Commerce,2025-09,Actual,3758112
COGS,EXP,Central,Snacks,E-Commerce,2025-09,Actual,1578407
Marketing,EXP,Central,Snacks,E-Commerce,2025-09,Actual,225487
Distribution,EXP,Central,Snacks,E-Commerce,2025-09,Actual,169115
Salary,EXP,Central,Snacks,E-Commerce,2025-09,Actual,319440
Freight,EXP,Central,Snacks,E-Commerce,2025-09,Actual,93953
Other_Opex,EXP,Central,Snacks,E-Commerce,2025-09,Actual,131534
Gross_Sales,INC,Central,Snacks,E-Commerce,2025-10,Actual,4561842
COGS,EXP,Central,Snacks,E-Commerce,2025-10,Actual,1915974
Marketing,EXP,Central,Snacks,E-Commerce,2025-10,Actual,273711
Distribution,EXP,Central,Snacks,E-Commerce,2025-10,Actual,205283
Salary,EXP,Central,Snacks,E-Commerce,2025-10,Actual,387757
Freight,EXP,Central,Snacks,E-Commerce,2025-10,Actual,114046
Other_Opex,EXP,Central,Snacks,E-Commerce,2025-10,Actual,159664
Gross_Sales,INC,Central,Snacks,E-Commerce,2025-11,Actual,5457471
COGS,EXP,Central,Snacks,E-Commerce,2025-11,Actual,2292138
Marketing,EXP,Central,Snacks,E-Commerce,2025-11,Actual,327448
Distribution,EXP,Central,Snacks,E-Commerce,2025-11,Actual,245586
Salary,EXP,Central,Snacks,E-Commerce,2025-11,Actual,463885
Freight,EXP,Central,Snacks,E-Commerce,2025-11,Actual,136437
Other_Opex,EXP,Central,Snacks,E-Commerce,2025-11,Actual,191011
Gross_Sales,INC,Central,Snacks,E-Commerce,2025-12,Actual,3934821
COGS,EXP,Central,Snacks,E-Commerce,2025-12,Actual,1652625
Marketing,EXP,Central,Snacks,E-Commerce,2025-12,Actual,236089
Distribution,EXP,Central,Snacks,E-Commerce,2025-12,Actual,177067
Salary,EXP,Central,Snacks,E-Commerce,2025-12,Actual,334460
Freight,EXP,Central,Snacks,E-Commerce,2025-12,Actual,98371
Other_Opex,EXP,Central,Snacks,E-Commerce,2025-12,Actual,137719
Gross_Sales,INC,Central,Snacks,E-Commerce,2026-01,Actual,3455550
COGS,EXP,Central,Snacks,E-Commerce,2026-01,Actual,1451331
Marketing,EXP,Central,Snacks,E-Commerce,2026-01,Actual,207333
Distribution,EXP,Central,Snacks,E-Commerce,2026-01,Actual,155500
Salary,EXP,Central,Snacks,E-Commerce,2026-01,Actual,293722
Freight,EXP,Central,Snacks,E-Commerce,2026-01,Actual,86389
Other_Opex,EXP,Central,Snacks,E-Commerce,2026-01,Actual,120944
Gross_Sales,INC,Central,Snacks,E-Commerce,2026-02,Actual,3719952
COGS,EXP,Central,Snacks,E-Commerce,2026-02,Actual,1562380
Marketing,EXP,Central,Snacks,E-Commerce,2026-02,Actual,223197
Distribution,EXP,Central,Snacks,E-Commerce,2026-02,Actual,167398
Salary,EXP,Central,Snacks,E-Commerce,2026-02,Actual,316196
Freight,EXP,Central,Snacks,E-Commerce,2026-02,Actual,92999
Other_Opex,EXP,Central,Snacks,E-Commerce,2026-02,Actual,130198
Gross_Sales,INC,Central,Snacks,E-Commerce,2026-03,Actual,3953646
COGS,EXP,Central,Snacks,E-Commerce,2026-03,Actual,1660531
Marketing,EXP,Central,Snacks,E-Commerce,2026-03,Actual,237219
Distribution,EXP,Central,Snacks,E-Commerce,2026-03,Actual,177914
Salary,EXP,Central,Snacks,E-Commerce,2026-03,Actual,336060
Freight,EXP,Central,Snacks,E-Commerce,2026-03,Actual,98841
Other_Opex,EXP,Central,Snacks,E-Commerce,2026-03,Actual,138378
Gross_Sales,INC,Central,Snacks,General Trade,2025-04,Actual,3314373
COGS,EXP,Central,Snacks,General Trade,2025-04,Actual,1392037
Marketing,EXP,Central,Snacks,General Trade,2025-04,Actual,198862
Distribution,EXP,Central,Snacks,General Trade,2025-04,Actual,149147
Salary,EXP,Central,Snacks,General Trade,2025-04,Actual,281722
Freight,EXP,Central,Snacks,General Trade,2025-04,Actual,82859
Other_Opex,EXP,Central,Snacks,General Trade,2025-04,Actual,116003
Gross_Sales,INC,Central,Snacks,General Trade,2025-05,Actual,3480090
COGS,EXP,Central,Snacks,General Trade,2025-05,Actual,1461638
Marketing,EXP,Central,Snacks,General Trade,2025-05,Actual,208805
Distribution,EXP,Central,Snacks,General Trade,2025-05,Actual,156604
Salary,EXP,Central,Snacks,General Trade,2025-05,Actual,295808
Freight,EXP,Central,Snacks,General Trade,2025-05,Actual,87002
Other_Opex,EXP,Central,Snacks,General Trade,2025-05,Actual,121803
Gross_Sales,INC,Central,Snacks,General Trade,2025-06,Actual,2784072
COGS,EXP,Central,Snacks,General Trade,2025-06,Actual,1169310
Marketing,EXP,Central,Snacks,General Trade,2025-06,Actual,167044
Distribution,EXP,Central,Snacks,General Trade,2025-06,Actual,125283
Salary,EXP,Central,Snacks,General Trade,2025-06,Actual,236646
Freight,EXP,Central,Snacks,General Trade,2025-06,Actual,69602
Other_Opex,EXP,Central,Snacks,General Trade,2025-06,Actual,97443
Gross_Sales,INC,Central,Snacks,General Trade,2025-07,Actual,2684637
COGS,EXP,Central,Snacks,General Trade,2025-07,Actual,1127548
Marketing,EXP,Central,Snacks,General Trade,2025-07,Actual,161078
Distribution,EXP,Central,Snacks,General Trade,2025-07,Actual,120809
Salary,EXP,Central,Snacks,General Trade,2025-07,Actual,228194
Freight,EXP,Central,Snacks,General Trade,2025-07,Actual,67116
Other_Opex,EXP,Central,Snacks,General Trade,2025-07,Actual,93962
Gross_Sales,INC,Central,Snacks,General Trade,2025-08,Actual,2883501
COGS,EXP,Central,Snacks,General Trade,2025-08,Actual,1211070
Marketing,EXP,Central,Snacks,General Trade,2025-08,Actual,173010
Distribution,EXP,Central,Snacks,General Trade,2025-08,Actual,129758
Salary,EXP,Central,Snacks,General Trade,2025-08,Actual,245098
Freight,EXP,Central,Snacks,General Trade,2025-08,Actual,72088
Other_Opex,EXP,Central,Snacks,General Trade,2025-08,Actual,100923
Gross_Sales,INC,Central,Snacks,General Trade,2025-09,Actual,3148656
COGS,EXP,Central,Snacks,General Trade,2025-09,Actual,1322436
Marketing,EXP,Central,Snacks,General Trade,2025-09,Actual,188919
Distribution,EXP,Central,Snacks,General Trade,2025-09,Actual,141690
Salary,EXP,Central,Snacks,General Trade,2025-09,Actual,267636
Freight,EXP,Central,Snacks,General Trade,2025-09,Actual,78716
Other_Opex,EXP,Central,Snacks,General Trade,2025-09,Actual,110203
Gross_Sales,INC,Central,Snacks,General Trade,2025-10,Actual,3775107
COGS,EXP,Central,Snacks,General Trade,2025-10,Actual,1585545
Marketing,EXP,Central,Snacks,General Trade,2025-10,Actual,226506
Distribution,EXP,Central,Snacks,General Trade,2025-10,Actual,169880
Salary,EXP,Central,Snacks,General Trade,2025-10,Actual,320884
Freight,EXP,Central,Snacks,General Trade,2025-10,Actual,94378
Other_Opex,EXP,Central,Snacks,General Trade,2025-10,Actual,132129
Gross_Sales,INC,Central,Snacks,General Trade,2025-11,Actual,4461489
COGS,EXP,Central,Snacks,General Trade,2025-11,Actual,1873825
Marketing,EXP,Central,Snacks,General Trade,2025-11,Actual,267689
Distribution,EXP,Central,Snacks,General Trade,2025-11,Actual,200767
Salary,EXP,Central,Snacks,General Trade,2025-11,Actual,379227
Freight,EXP,Central,Snacks,General Trade,2025-11,Actual,111537
Other_Opex,EXP,Central,Snacks,General Trade,2025-11,Actual,156152
Gross_Sales,INC,Central,Snacks,General Trade,2025-12,Actual,3712098
COGS,EXP,Central,Snacks,General Trade,2025-12,Actual,1559081
Marketing,EXP,Central,Snacks,General Trade,2025-12,Actual,222726
Distribution,EXP,Central,Snacks,General Trade,2025-12,Actual,167044
Salary,EXP,Central,Snacks,General Trade,2025-12,Actual,315528
Freight,EXP,Central,Snacks,General Trade,2025-12,Actual,92802
Other_Opex,EXP,Central,Snacks,General Trade,2025-12,Actual,129923
Gross_Sales,INC,Central,Snacks,General Trade,2026-01,Actual,3214944
COGS,EXP,Central,Snacks,General Trade,2026-01,Actual,1350276
Marketing,EXP,Central,Snacks,General Trade,2026-01,Actual,192897
Distribution,EXP,Central,Snacks,General Trade,2026-01,Actual,144672
Salary,EXP,Central,Snacks,General Trade,2026-01,Actual,273270
Freight,EXP,Central,Snacks,General Trade,2026-01,Actual,80374
Other_Opex,EXP,Central,Snacks,General Trade,2026-01,Actual,112523
Gross_Sales,INC,Central,Snacks,General Trade,2026-02,Actual,3413799
COGS,EXP,Central,Snacks,General Trade,2026-02,Actual,1433796
Marketing,EXP,Central,Snacks,General Trade,2026-02,Actual,204828
Distribution,EXP,Central,Snacks,General Trade,2026-02,Actual,153621
Salary,EXP,Central,Snacks,General Trade,2026-02,Actual,290173
Freight,EXP,Central,Snacks,General Trade,2026-02,Actual,85345
Other_Opex,EXP,Central,Snacks,General Trade,2026-02,Actual,119483
Gross_Sales,INC,Central,Snacks,General Trade,2026-03,Actual,3579522
COGS,EXP,Central,Snacks,General Trade,2026-03,Actual,1503399
Marketing,EXP,Central,Snacks,General Trade,2026-03,Actual,214771
Distribution,EXP,Central,Snacks,General Trade,2026-03,Actual,161078
Salary,EXP,Central,Snacks,General Trade,2026-03,Actual,304259
Freight,EXP,Central,Snacks,General Trade,2026-03,Actual,89488
Other_Opex,EXP,Central,Snacks,General Trade,2026-03,Actual,125283
Gross_Sales,INC,Central,Snacks,Modern Trade,2025-04,Actual,3778377
COGS,EXP,Central,Snacks,Modern Trade,2025-04,Actual,1586918
Marketing,EXP,Central,Snacks,Modern Trade,2025-04,Actual,226703
Distribution,EXP,Central,Snacks,Modern Trade,2025-04,Actual,170027
Salary,EXP,Central,Snacks,Modern Trade,2025-04,Actual,321162
Freight,EXP,Central,Snacks,Modern Trade,2025-04,Actual,94459
Other_Opex,EXP,Central,Snacks,Modern Trade,2025-04,Actual,132243
Gross_Sales,INC,Central,Snacks,Modern Trade,2025-05,Actual,3967302
COGS,EXP,Central,Snacks,Modern Trade,2025-05,Actual,1666267
Marketing,EXP,Central,Snacks,Modern Trade,2025-05,Actual,238038
Distribution,EXP,Central,Snacks,Modern Trade,2025-05,Actual,178529
Salary,EXP,Central,Snacks,Modern Trade,2025-05,Actual,337221
Freight,EXP,Central,Snacks,Modern Trade,2025-05,Actual,99183
Other_Opex,EXP,Central,Snacks,Modern Trade,2025-05,Actual,138856
Gross_Sales,INC,Central,Snacks,Modern Trade,2025-06,Actual,3173838
COGS,EXP,Central,Snacks,Modern Trade,2025-06,Actual,1333012
Marketing,EXP,Central,Snacks,Modern Trade,2025-06,Actual,190430
Distribution,EXP,Central,Snacks,Modern Trade,2025-06,Actual,142823
Salary,EXP,Central,Snacks,Modern Trade,2025-06,Actual,269776
Freight,EXP,Central,Snacks,Modern Trade,2025-06,Actual,79346
Other_Opex,EXP,Central,Snacks,Modern Trade,2025-06,Actual,111084
Gross_Sales,INC,Central,Snacks,Modern Trade,2025-07,Actual,3060486
COGS,EXP,Central,Snacks,Modern Trade,2025-07,Actual,1285404
Marketing,EXP,Central,Snacks,Modern Trade,2025-07,Actual,183629
Distribution,EXP,Central,Snacks,Modern Trade,2025-07,Actual,137722
Salary,EXP,Central,Snacks,Modern Trade,2025-07,Actual,260141
Freight,EXP,Central,Snacks,Modern Trade,2025-07,Actual,76512
Other_Opex,EXP,Central,Snacks,Modern Trade,2025-07,Actual,107117
Gross_Sales,INC,Central,Snacks,Modern Trade,2025-08,Actual,3287190
COGS,EXP,Central,Snacks,Modern Trade,2025-08,Actual,1380620
Marketing,EXP,Central,Snacks,Modern Trade,2025-08,Actual,197231
Distribution,EXP,Central,Snacks,Modern Trade,2025-08,Actual,147924
Salary,EXP,Central,Snacks,Modern Trade,2025-08,Actual,279411
Freight,EXP,Central,Snacks,Modern Trade,2025-08,Actual,82180
Other_Opex,EXP,Central,Snacks,Modern Trade,2025-08,Actual,115052
Gross_Sales,INC,Central,Snacks,Modern Trade,2025-09,Actual,3589461
COGS,EXP,Central,Snacks,Modern Trade,2025-09,Actual,1507574
Marketing,EXP,Central,Snacks,Modern Trade,2025-09,Actual,215368
Distribution,EXP,Central,Snacks,Modern Trade,2025-09,Actual,161526
Salary,EXP,Central,Snacks,Modern Trade,2025-09,Actual,305104
Freight,EXP,Central,Snacks,Modern Trade,2025-09,Actual,89737
Other_Opex,EXP,Central,Snacks,Modern Trade,2025-09,Actual,125631
Gross_Sales,INC,Central,Snacks,Modern Trade,2025-10,Actual,4303620
COGS,EXP,Central,Snacks,Modern Trade,2025-10,Actual,1807520
Marketing,EXP,Central,Snacks,Modern Trade,2025-10,Actual,258217
Distribution,EXP,Central,Snacks,Modern Trade,2025-10,Actual,193663
Salary,EXP,Central,Snacks,Modern Trade,2025-10,Actual,365808
Freight,EXP,Central,Snacks,Modern Trade,2025-10,Actual,107590
Other_Opex,EXP,Central,Snacks,Modern Trade,2025-10,Actual,150627
Gross_Sales,INC,Central,Snacks,Modern Trade,2025-11,Actual,5086098
COGS,EXP,Central,Snacks,Modern Trade,2025-11,Actual,2136161
Marketing,EXP,Central,Snacks,Modern Trade,2025-11,Actual,305166
Distribution,EXP,Central,Snacks,Modern Trade,2025-11,Actual,228874
Salary,EXP,Central,Snacks,Modern Trade,2025-11,Actual,432318
Freight,EXP,Central,Snacks,Modern Trade,2025-11,Actual,127152
Other_Opex,EXP,Central,Snacks,Modern Trade,2025-11,Actual,178013
Gross_Sales,INC,Central,Snacks,Modern Trade,2025-12,Actual,4231791
COGS,EXP,Central,Snacks,Modern Trade,2025-12,Actual,1777352
Marketing,EXP,Central,Snacks,Modern Trade,2025-12,Actual,253907
Distribution,EXP,Central,Snacks,Modern Trade,2025-12,Actual,190431
Salary,EXP,Central,Snacks,Modern Trade,2025-12,Actual,359702
Freight,EXP,Central,Snacks,Modern Trade,2025-12,Actual,105795
Other_Opex,EXP,Central,Snacks,Modern Trade,2025-12,Actual,148113
Gross_Sales,INC,Central,Snacks,Modern Trade,2026-01,Actual,3665028
COGS,EXP,Central,Snacks,Modern Trade,2026-01,Actual,1539312
Marketing,EXP,Central,Snacks,Modern Trade,2026-01,Actual,219902
Distribution,EXP,Central,Snacks,Modern Trade,2026-01,Actual,164926
Salary,EXP,Central,Snacks,Modern Trade,2026-01,Actual,311527
Freight,EXP,Central,Snacks,Modern Trade,2026-01,Actual,91626
Other_Opex,EXP,Central,Snacks,Modern Trade,2026-01,Actual,128276
Gross_Sales,INC,Central,Snacks,Modern Trade,2026-02,Actual,3891732
COGS,EXP,Central,Snacks,Modern Trade,2026-02,Actual,1634527
Marketing,EXP,Central,Snacks,Modern Trade,2026-02,Actual,233504
Distribution,EXP,Central,Snacks,Modern Trade,2026-02,Actual,175128
Salary,EXP,Central,Snacks,Modern Trade,2026-02,Actual,330797
Freight,EXP,Central,Snacks,Modern Trade,2026-02,Actual,97293
Other_Opex,EXP,Central,Snacks,Modern Trade,2026-02,Actual,136211
Gross_Sales,INC,Central,Snacks,Modern Trade,2026-03,Actual,4080654
COGS,EXP,Central,Snacks,Modern Trade,2026-03,Actual,1713875
Marketing,EXP,Central,Snacks,Modern Trade,2026-03,Actual,244839
Distribution,EXP,Central,Snacks,Modern Trade,2026-03,Actual,183629
Salary,EXP,Central,Snacks,Modern Trade,2026-03,Actual,346856
Freight,EXP,Central,Snacks,Modern Trade,2026-03,Actual,102016
Other_Opex,EXP,Central,Snacks,Modern Trade,2026-03,Actual,142823
Gross_Sales,INC,Central,Snacks,Quick Commerce,2025-04,Actual,3219975
COGS,EXP,Central,Snacks,Quick Commerce,2025-04,Actual,1352390
Marketing,EXP,Central,Snacks,Quick Commerce,2025-04,Actual,193198
Distribution,EXP,Central,Snacks,Quick Commerce,2025-04,Actual,144899
Salary,EXP,Central,Snacks,Quick Commerce,2025-04,Actual,273698
Freight,EXP,Central,Snacks,Quick Commerce,2025-04,Actual,80499
Other_Opex,EXP,Central,Snacks,Quick Commerce,2025-04,Actual,112699
Gross_Sales,INC,Central,Snacks,Quick Commerce,2025-05,Actual,3425799
COGS,EXP,Central,Snacks,Quick Commerce,2025-05,Actual,1438836
Marketing,EXP,Central,Snacks,Quick Commerce,2025-05,Actual,205548
Distribution,EXP,Central,Snacks,Quick Commerce,2025-05,Actual,154161
Salary,EXP,Central,Snacks,Quick Commerce,2025-05,Actual,291193
Freight,EXP,Central,Snacks,Quick Commerce,2025-05,Actual,85645
Other_Opex,EXP,Central,Snacks,Quick Commerce,2025-05,Actual,119903
Gross_Sales,INC,Central,Snacks,Quick Commerce,2025-06,Actual,2776494
COGS,EXP,Central,Snacks,Quick Commerce,2025-06,Actual,1166127
Marketing,EXP,Central,Snacks,Quick Commerce,2025-06,Actual,166590
Distribution,EXP,Central,Snacks,Quick Commerce,2025-06,Actual,124942
Salary,EXP,Central,Snacks,Quick Commerce,2025-06,Actual,236002
Freight,EXP,Central,Snacks,Quick Commerce,2025-06,Actual,69412
Other_Opex,EXP,Central,Snacks,Quick Commerce,2025-06,Actual,97177
Gross_Sales,INC,Central,Snacks,Quick Commerce,2025-07,Actual,2711919
COGS,EXP,Central,Snacks,Quick Commerce,2025-07,Actual,1139006
Marketing,EXP,Central,Snacks,Quick Commerce,2025-07,Actual,162715
Distribution,EXP,Central,Snacks,Quick Commerce,2025-07,Actual,122036
Salary,EXP,Central,Snacks,Quick Commerce,2025-07,Actual,230513
Freight,EXP,Central,Snacks,Quick Commerce,2025-07,Actual,67798
Other_Opex,EXP,Central,Snacks,Quick Commerce,2025-07,Actual,94917
Gross_Sales,INC,Central,Snacks,Quick Commerce,2025-08,Actual,2949939
COGS,EXP,Central,Snacks,Quick Commerce,2025-08,Actual,1238974
Marketing,EXP,Central,Snacks,Quick Commerce,2025-08,Actual,176996
Distribution,EXP,Central,Snacks,Quick Commerce,2025-08,Actual,132747
Salary,EXP,Central,Snacks,Quick Commerce,2025-08,Actual,250745
Freight,EXP,Central,Snacks,Quick Commerce,2025-08,Actual,73748
Other_Opex,EXP,Central,Snacks,Quick Commerce,2025-08,Actual,103248
Gross_Sales,INC,Central,Snacks,Quick Commerce,2025-09,Actual,3261750
COGS,EXP,Central,Snacks,Quick Commerce,2025-09,Actual,1369935
Marketing,EXP,Central,Snacks,Quick Commerce,2025-09,Actual,195705
Distribution,EXP,Central,Snacks,Quick Commerce,2025-09,Actual,146779
Salary,EXP,Central,Snacks,Quick Commerce,2025-09,Actual,277249
Freight,EXP,Central,Snacks,Quick Commerce,2025-09,Actual,81544
Other_Opex,EXP,Central,Snacks,Quick Commerce,2025-09,Actual,114161
Gross_Sales,INC,Central,Snacks,Quick Commerce,2025-10,Actual,3959331
COGS,EXP,Central,Snacks,Quick Commerce,2025-10,Actual,1662919
Marketing,EXP,Central,Snacks,Quick Commerce,2025-10,Actual,237560
Distribution,EXP,Central,Snacks,Quick Commerce,2025-10,Actual,178170
Salary,EXP,Central,Snacks,Quick Commerce,2025-10,Actual,336543
Freight,EXP,Central,Snacks,Quick Commerce,2025-10,Actual,98983
Other_Opex,EXP,Central,Snacks,Quick Commerce,2025-10,Actual,138577
Gross_Sales,INC,Central,Snacks,Quick Commerce,2025-11,Actual,4736673
COGS,EXP,Central,Snacks,Quick Commerce,2025-11,Actual,1989403
Marketing,EXP,Central,Snacks,Quick Commerce,2025-11,Actual,284200
Distribution,EXP,Central,Snacks,Quick Commerce,2025-11,Actual,213150
Salary,EXP,Central,Snacks,Quick Commerce,2025-11,Actual,402617
Freight,EXP,Central,Snacks,Quick Commerce,2025-11,Actual,118417
Other_Opex,EXP,Central,Snacks,Quick Commerce,2025-11,Actual,165784
Gross_Sales,INC,Central,Snacks,Quick Commerce,2025-12,Actual,3415128
COGS,EXP,Central,Snacks,Quick Commerce,2025-12,Actual,1434354
Marketing,EXP,Central,Snacks,Quick Commerce,2025-12,Actual,204908
Distribution,EXP,Central,Snacks,Quick Commerce,2025-12,Actual,153681
Salary,EXP,Central,Snacks,Quick Commerce,2025-12,Actual,290286
Freight,EXP,Central,Snacks,Quick Commerce,2025-12,Actual,85378
Other_Opex,EXP,Central,Snacks,Quick Commerce,2025-12,Actual,119529
Gross_Sales,INC,Central,Snacks,Quick Commerce,2026-01,Actual,2999151
COGS,EXP,Central,Snacks,Quick Commerce,2026-01,Actual,1259643
Marketing,EXP,Central,Snacks,Quick Commerce,2026-01,Actual,179949
Distribution,EXP,Central,Snacks,Quick Commerce,2026-01,Actual,134962
Salary,EXP,Central,Snacks,Quick Commerce,2026-01,Actual,254928
Freight,EXP,Central,Snacks,Quick Commerce,2026-01,Actual,74979
Other_Opex,EXP,Central,Snacks,Quick Commerce,2026-01,Actual,104970
Gross_Sales,INC,Central,Snacks,Quick Commerce,2026-02,Actual,3228636
COGS,EXP,Central,Snacks,Quick Commerce,2026-02,Actual,1356027
Marketing,EXP,Central,Snacks,Quick Commerce,2026-02,Actual,193718
Distribution,EXP,Central,Snacks,Quick Commerce,2026-02,Actual,145289
Salary,EXP,Central,Snacks,Quick Commerce,2026-02,Actual,274434
Freight,EXP,Central,Snacks,Quick Commerce,2026-02,Actual,80716
Other_Opex,EXP,Central,Snacks,Quick Commerce,2026-02,Actual,113002
Gross_Sales,INC,Central,Snacks,Quick Commerce,2026-03,Actual,3431469
COGS,EXP,Central,Snacks,Quick Commerce,2026-03,Actual,1441217
Marketing,EXP,Central,Snacks,Quick Commerce,2026-03,Actual,205888
Distribution,EXP,Central,Snacks,Quick Commerce,2026-03,Actual,154416
Salary,EXP,Central,Snacks,Quick Commerce,2026-03,Actual,291675
Freight,EXP,Central,Snacks,Quick Commerce,2026-03,Actual,85787
Other_Opex,EXP,Central,Snacks,Quick Commerce,2026-03,Actual,120101
Gross_Sales,INC,East,Beverages,E-Commerce,2025-04,Actual,5737542
COGS,EXP,East,Beverages,E-Commerce,2025-04,Actual,2409768
Marketing,EXP,East,Beverages,E-Commerce,2025-04,Actual,344253
Distribution,EXP,East,Beverages,E-Commerce,2025-04,Actual,258189
Salary,EXP,East,Beverages,E-Commerce,2025-04,Actual,487691
Freight,EXP,East,Beverages,E-Commerce,2025-04,Actual,143439
Other_Opex,EXP,East,Beverages,E-Commerce,2025-04,Actual,200814
Gross_Sales,INC,East,Beverages,E-Commerce,2025-05,Actual,6104283
COGS,EXP,East,Beverages,E-Commerce,2025-05,Actual,2563799
Marketing,EXP,East,Beverages,E-Commerce,2025-05,Actual,366257
Distribution,EXP,East,Beverages,E-Commerce,2025-05,Actual,274693
Salary,EXP,East,Beverages,E-Commerce,2025-05,Actual,518864
Freight,EXP,East,Beverages,E-Commerce,2025-05,Actual,152607
Other_Opex,EXP,East,Beverages,E-Commerce,2025-05,Actual,213650
Gross_Sales,INC,East,Beverages,E-Commerce,2025-06,Actual,5343114
COGS,EXP,East,Beverages,E-Commerce,2025-06,Actual,2244108
Marketing,EXP,East,Beverages,E-Commerce,2025-06,Actual,320587
Distribution,EXP,East,Beverages,E-Commerce,2025-06,Actual,240440
Salary,EXP,East,Beverages,E-Commerce,2025-06,Actual,454165
Freight,EXP,East,Beverages,E-Commerce,2025-06,Actual,133578
Other_Opex,EXP,East,Beverages,E-Commerce,2025-06,Actual,187009
Gross_Sales,INC,East,Beverages,E-Commerce,2025-07,Actual,4832244
COGS,EXP,East,Beverages,E-Commerce,2025-07,Actual,2029542
Marketing,EXP,East,Beverages,E-Commerce,2025-07,Actual,289935
Distribution,EXP,East,Beverages,E-Commerce,2025-07,Actual,217451
Salary,EXP,East,Beverages,E-Commerce,2025-07,Actual,410741
Freight,EXP,East,Beverages,E-Commerce,2025-07,Actual,120806
Other_Opex,EXP,East,Beverages,E-Commerce,2025-07,Actual,169129
Gross_Sales,INC,East,Beverages,E-Commerce,2025-08,Actual,5256369
COGS,EXP,East,Beverages,E-Commerce,2025-08,Actual,2207675
Marketing,EXP,East,Beverages,E-Commerce,2025-08,Actual,315382
Distribution,EXP,East,Beverages,E-Commerce,2025-08,Actual,236537
Salary,EXP,East,Beverages,E-Commerce,2025-08,Actual,446791
Freight,EXP,East,Beverages,E-Commerce,2025-08,Actual,131409
Other_Opex,EXP,East,Beverages,E-Commerce,2025-08,Actual,183973
Gross_Sales,INC,East,Beverages,E-Commerce,2025-09,Actual,5811972
COGS,EXP,East,Beverages,E-Commerce,2025-09,Actual,2441028
Marketing,EXP,East,Beverages,E-Commerce,2025-09,Actual,348718
Distribution,EXP,East,Beverages,E-Commerce,2025-09,Actual,261539
Salary,EXP,East,Beverages,E-Commerce,2025-09,Actual,494018
Freight,EXP,East,Beverages,E-Commerce,2025-09,Actual,145299
Other_Opex,EXP,East,Beverages,E-Commerce,2025-09,Actual,203419
Gross_Sales,INC,East,Beverages,E-Commerce,2025-10,Actual,7054956
COGS,EXP,East,Beverages,E-Commerce,2025-10,Actual,2963082
Marketing,EXP,East,Beverages,E-Commerce,2025-10,Actual,423297
Distribution,EXP,East,Beverages,E-Commerce,2025-10,Actual,317473
Salary,EXP,East,Beverages,E-Commerce,2025-10,Actual,599671
Freight,EXP,East,Beverages,E-Commerce,2025-10,Actual,176374
Other_Opex,EXP,East,Beverages,E-Commerce,2025-10,Actual,246923
Gross_Sales,INC,East,Beverages,E-Commerce,2025-11,Actual,8440068
COGS,EXP,East,Beverages,E-Commerce,2025-11,Actual,3544829
Marketing,EXP,East,Beverages,E-Commerce,2025-11,Actual,506404
Distribution,EXP,East,Beverages,E-Commerce,2025-11,Actual,379803
Salary,EXP,East,Beverages,E-Commerce,2025-11,Actual,717406
Freight,EXP,East,Beverages,E-Commerce,2025-11,Actual,211002
Other_Opex,EXP,East,Beverages,E-Commerce,2025-11,Actual,295402
Gross_Sales,INC,East,Beverages,E-Commerce,2025-12,Actual,6085263
COGS,EXP,East,Beverages,E-Commerce,2025-12,Actual,2555810
Marketing,EXP,East,Beverages,E-Commerce,2025-12,Actual,365116
Distribution,EXP,East,Beverages,E-Commerce,2025-12,Actual,273837
Salary,EXP,East,Beverages,E-Commerce,2025-12,Actual,517247
Freight,EXP,East,Beverages,E-Commerce,2025-12,Actual,152132
Other_Opex,EXP,East,Beverages,E-Commerce,2025-12,Actual,212984
Gross_Sales,INC,East,Beverages,E-Commerce,2026-01,Actual,5344056
COGS,EXP,East,Beverages,E-Commerce,2026-01,Actual,2244504
Marketing,EXP,East,Beverages,E-Commerce,2026-01,Actual,320643
Distribution,EXP,East,Beverages,E-Commerce,2026-01,Actual,240483
Salary,EXP,East,Beverages,E-Commerce,2026-01,Actual,454245
Freight,EXP,East,Beverages,E-Commerce,2026-01,Actual,133601
Other_Opex,EXP,East,Beverages,E-Commerce,2026-01,Actual,187042
Gross_Sales,INC,East,Beverages,E-Commerce,2026-02,Actual,5752971
COGS,EXP,East,Beverages,E-Commerce,2026-02,Actual,2416248
Marketing,EXP,East,Beverages,E-Commerce,2026-02,Actual,345178
Distribution,EXP,East,Beverages,E-Commerce,2026-02,Actual,258884
Salary,EXP,East,Beverages,E-Commerce,2026-02,Actual,489003
Freight,EXP,East,Beverages,E-Commerce,2026-02,Actual,143824
Other_Opex,EXP,East,Beverages,E-Commerce,2026-02,Actual,201354
Gross_Sales,INC,East,Beverages,E-Commerce,2026-03,Actual,6114384
COGS,EXP,East,Beverages,E-Commerce,2026-03,Actual,2568041
Marketing,EXP,East,Beverages,E-Commerce,2026-03,Actual,366863
Distribution,EXP,East,Beverages,E-Commerce,2026-03,Actual,275147
Salary,EXP,East,Beverages,E-Commerce,2026-03,Actual,519723
Freight,EXP,East,Beverages,E-Commerce,2026-03,Actual,152860
Other_Opex,EXP,East,Beverages,E-Commerce,2026-03,Actual,214003
Gross_Sales,INC,East,Beverages,General Trade,2025-04,Actual,5125731
COGS,EXP,East,Beverages,General Trade,2025-04,Actual,2152807
Marketing,EXP,East,Beverages,General Trade,2025-04,Actual,307544
Distribution,EXP,East,Beverages,General Trade,2025-04,Actual,230658
Salary,EXP,East,Beverages,General Trade,2025-04,Actual,435687
Freight,EXP,East,Beverages,General Trade,2025-04,Actual,128143
Other_Opex,EXP,East,Beverages,General Trade,2025-04,Actual,179401
Gross_Sales,INC,East,Beverages,General Trade,2025-05,Actual,5382018
COGS,EXP,East,Beverages,General Trade,2025-05,Actual,2260448
Marketing,EXP,East,Beverages,General Trade,2025-05,Actual,322921
Distribution,EXP,East,Beverages,General Trade,2025-05,Actual,242191
Salary,EXP,East,Beverages,General Trade,2025-05,Actual,457472
Freight,EXP,East,Beverages,General Trade,2025-05,Actual,134550
Other_Opex,EXP,East,Beverages,General Trade,2025-05,Actual,188371
Gross_Sales,INC,East,Beverages,General Trade,2025-06,Actual,4305612
COGS,EXP,East,Beverages,General Trade,2025-06,Actual,1808357
Marketing,EXP,East,Beverages,General Trade,2025-06,Actual,258337
Distribution,EXP,East,Beverages,General Trade,2025-06,Actual,193753
Salary,EXP,East,Beverages,General Trade,2025-06,Actual,365977
Freight,EXP,East,Beverages,General Trade,2025-06,Actual,107640
Other_Opex,EXP,East,Beverages,General Trade,2025-06,Actual,150696
Gross_Sales,INC,East,Beverages,General Trade,2025-07,Actual,4151844
COGS,EXP,East,Beverages,General Trade,2025-07,Actual,1743774
Marketing,EXP,East,Beverages,General Trade,2025-07,Actual,249111
Distribution,EXP,East,Beverages,General Trade,2025-07,Actual,186833
Salary,EXP,East,Beverages,General Trade,2025-07,Actual,352907
Freight,EXP,East,Beverages,General Trade,2025-07,Actual,103796
Other_Opex,EXP,East,Beverages,General Trade,2025-07,Actual,145315
Gross_Sales,INC,East,Beverages,General Trade,2025-08,Actual,4459386
COGS,EXP,East,Beverages,General Trade,2025-08,Actual,1872942
Marketing,EXP,East,Beverages,General Trade,2025-08,Actual,267563
Distribution,EXP,East,Beverages,General Trade,2025-08,Actual,200672
Salary,EXP,East,Beverages,General Trade,2025-08,Actual,379048
Freight,EXP,East,Beverages,General Trade,2025-08,Actual,111485
Other_Opex,EXP,East,Beverages,General Trade,2025-08,Actual,156079
Gross_Sales,INC,East,Beverages,General Trade,2025-09,Actual,4869441
COGS,EXP,East,Beverages,General Trade,2025-09,Actual,2045165
Marketing,EXP,East,Beverages,General Trade,2025-09,Actual,292166
Distribution,EXP,East,Beverages,General Trade,2025-09,Actual,219125
Salary,EXP,East,Beverages,General Trade,2025-09,Actual,413902
Freight,EXP,East,Beverages,General Trade,2025-09,Actual,121736
Other_Opex,EXP,East,Beverages,General Trade,2025-09,Actual,170430
Gross_Sales,INC,East,Beverages,General Trade,2025-10,Actual,5838258
COGS,EXP,East,Beverages,General Trade,2025-10,Actual,2452068
Marketing,EXP,East,Beverages,General Trade,2025-10,Actual,350295
Distribution,EXP,East,Beverages,General Trade,2025-10,Actual,262722
Salary,EXP,East,Beverages,General Trade,2025-10,Actual,496252
Freight,EXP,East,Beverages,General Trade,2025-10,Actual,145956
Other_Opex,EXP,East,Beverages,General Trade,2025-10,Actual,204339
Gross_Sales,INC,East,Beverages,General Trade,2025-11,Actual,6899760
COGS,EXP,East,Beverages,General Trade,2025-11,Actual,2897899
Marketing,EXP,East,Beverages,General Trade,2025-11,Actual,413986
Distribution,EXP,East,Beverages,General Trade,2025-11,Actual,310489
Salary,EXP,East,Beverages,General Trade,2025-11,Actual,586480
Freight,EXP,East,Beverages,General Trade,2025-11,Actual,172494
Other_Opex,EXP,East,Beverages,General Trade,2025-11,Actual,241492
Gross_Sales,INC,East,Beverages,General Trade,2025-12,Actual,5740821
COGS,EXP,East,Beverages,General Trade,2025-12,Actual,2411145
Marketing,EXP,East,Beverages,General Trade,2025-12,Actual,344449
Distribution,EXP,East,Beverages,General Trade,2025-12,Actual,258337
Salary,EXP,East,Beverages,General Trade,2025-12,Actual,487970
Freight,EXP,East,Beverages,General Trade,2025-12,Actual,143521
Other_Opex,EXP,East,Beverages,General Trade,2025-12,Actual,200929
Gross_Sales,INC,East,Beverages,General Trade,2026-01,Actual,4971960
COGS,EXP,East,Beverages,General Trade,2026-01,Actual,2088223
Marketing,EXP,East,Beverages,General Trade,2026-01,Actual,298318
Distribution,EXP,East,Beverages,General Trade,2026-01,Actual,223738
Salary,EXP,East,Beverages,General Trade,2026-01,Actual,422617
Freight,EXP,East,Beverages,General Trade,2026-01,Actual,124299
Other_Opex,EXP,East,Beverages,General Trade,2026-01,Actual,174019
Gross_Sales,INC,East,Beverages,General Trade,2026-02,Actual,5279505
COGS,EXP,East,Beverages,General Trade,2026-02,Actual,2217392
Marketing,EXP,East,Beverages,General Trade,2026-02,Actual,316770
Distribution,EXP,East,Beverages,General Trade,2026-02,Actual,237578
Salary,EXP,East,Beverages,General Trade,2026-02,Actual,448758
Freight,EXP,East,Beverages,General Trade,2026-02,Actual,131988
Other_Opex,EXP,East,Beverages,General Trade,2026-02,Actual,184783
Gross_Sales,INC,East,Beverages,General Trade,2026-03,Actual,5535786
COGS,EXP,East,Beverages,General Trade,2026-03,Actual,2325030
Marketing,EXP,East,Beverages,General Trade,2026-03,Actual,332147
Distribution,EXP,East,Beverages,General Trade,2026-03,Actual,249110
Salary,EXP,East,Beverages,General Trade,2026-03,Actual,470542
Freight,EXP,East,Beverages,General Trade,2026-03,Actual,138395
Other_Opex,EXP,East,Beverages,General Trade,2026-03,Actual,193753
Gross_Sales,INC,East,Beverages,Modern Trade,2025-04,Actual,5843331
COGS,EXP,East,Beverages,Modern Trade,2025-04,Actual,2454199
Marketing,EXP,East,Beverages,Modern Trade,2025-04,Actual,350600
Distribution,EXP,East,Beverages,Modern Trade,2025-04,Actual,262950
Salary,EXP,East,Beverages,Modern Trade,2025-04,Actual,496683
Freight,EXP,East,Beverages,Modern Trade,2025-04,Actual,146083
Other_Opex,EXP,East,Beverages,Modern Trade,2025-04,Actual,204517
Gross_Sales,INC,East,Beverages,Modern Trade,2025-05,Actual,6135501
COGS,EXP,East,Beverages,Modern Trade,2025-05,Actual,2576910
Marketing,EXP,East,Beverages,Modern Trade,2025-05,Actual,368130
Distribution,EXP,East,Beverages,Modern Trade,2025-05,Actual,276098
Salary,EXP,East,Beverages,Modern Trade,2025-05,Actual,521518
Freight,EXP,East,Beverages,Modern Trade,2025-05,Actual,153388
Other_Opex,EXP,East,Beverages,Modern Trade,2025-05,Actual,214743
Gross_Sales,INC,East,Beverages,Modern Trade,2025-06,Actual,4908399
COGS,EXP,East,Beverages,Modern Trade,2025-06,Actual,2061528
Marketing,EXP,East,Beverages,Modern Trade,2025-06,Actual,294504
Distribution,EXP,East,Beverages,Modern Trade,2025-06,Actual,220878
Salary,EXP,East,Beverages,Modern Trade,2025-06,Actual,417214
Freight,EXP,East,Beverages,Modern Trade,2025-06,Actual,122710
Other_Opex,EXP,East,Beverages,Modern Trade,2025-06,Actual,171794
Gross_Sales,INC,East,Beverages,Modern Trade,2025-07,Actual,4733100
COGS,EXP,East,Beverages,Modern Trade,2025-07,Actual,1987902
Marketing,EXP,East,Beverages,Modern Trade,2025-07,Actual,283986
Distribution,EXP,East,Beverages,Modern Trade,2025-07,Actual,212990
Salary,EXP,East,Beverages,Modern Trade,2025-07,Actual,402314
Freight,EXP,East,Beverages,Modern Trade,2025-07,Actual,118328
Other_Opex,EXP,East,Beverages,Modern Trade,2025-07,Actual,165659
Gross_Sales,INC,East,Beverages,Modern Trade,2025-08,Actual,5083695
COGS,EXP,East,Beverages,Modern Trade,2025-08,Actual,2135152
Marketing,EXP,East,Beverages,Modern Trade,2025-08,Actual,305022
Distribution,EXP,East,Beverages,Modern Trade,2025-08,Actual,228766
Salary,EXP,East,Beverages,Modern Trade,2025-08,Actual,432114
Freight,EXP,East,Beverages,Modern Trade,2025-08,Actual,127092
Other_Opex,EXP,East,Beverages,Modern Trade,2025-08,Actual,177929
Gross_Sales,INC,East,Beverages,Modern Trade,2025-09,Actual,5551167
COGS,EXP,East,Beverages,Modern Trade,2025-09,Actual,2331490
Marketing,EXP,East,Beverages,Modern Trade,2025-09,Actual,333070
Distribution,EXP,East,Beverages,Modern Trade,2025-09,Actual,249803
Salary,EXP,East,Beverages,Modern Trade,2025-09,Actual,471849
Freight,EXP,East,Beverages,Modern Trade,2025-09,Actual,138779
Other_Opex,EXP,East,Beverages,Modern Trade,2025-09,Actual,194291
Gross_Sales,INC,East,Beverages,Modern Trade,2025-10,Actual,6655617
COGS,EXP,East,Beverages,Modern Trade,2025-10,Actual,2795359
Marketing,EXP,East,Beverages,Modern Trade,2025-10,Actual,399337
Distribution,EXP,East,Beverages,Modern Trade,2025-10,Actual,299503
Salary,EXP,East,Beverages,Modern Trade,2025-10,Actual,565727
Freight,EXP,East,Beverages,Modern Trade,2025-10,Actual,166390
Other_Opex,EXP,East,Beverages,Modern Trade,2025-10,Actual,232947
Gross_Sales,INC,East,Beverages,Modern Trade,2025-11,Actual,7865736
COGS,EXP,East,Beverages,Modern Trade,2025-11,Actual,3303609
Marketing,EXP,East,Beverages,Modern Trade,2025-11,Actual,471944
Distribution,EXP,East,Beverages,Modern Trade,2025-11,Actual,353958
Salary,EXP,East,Beverages,Modern Trade,2025-11,Actual,668588
Freight,EXP,East,Beverages,Modern Trade,2025-11,Actual,196643
Other_Opex,EXP,East,Beverages,Modern Trade,2025-11,Actual,275301
Gross_Sales,INC,East,Beverages,Modern Trade,2025-12,Actual,6544533
COGS,EXP,East,Beverages,Modern Trade,2025-12,Actual,2748704
Marketing,EXP,East,Beverages,Modern Trade,2025-12,Actual,392672
Distribution,EXP,East,Beverages,Modern Trade,2025-12,Actual,294504
Salary,EXP,East,Beverages,Modern Trade,2025-12,Actual,556285
Freight,EXP,East,Beverages,Modern Trade,2025-12,Actual,163613
Other_Opex,EXP,East,Beverages,Modern Trade,2025-12,Actual,229059
Gross_Sales,INC,East,Beverages,Modern Trade,2026-01,Actual,5668029
COGS,EXP,East,Beverages,Modern Trade,2026-01,Actual,2380572
Marketing,EXP,East,Beverages,Modern Trade,2026-01,Actual,340082
Distribution,EXP,East,Beverages,Modern Trade,2026-01,Actual,255061
Salary,EXP,East,Beverages,Modern Trade,2026-01,Actual,481782
Freight,EXP,East,Beverages,Modern Trade,2026-01,Actual,141701
Other_Opex,EXP,East,Beverages,Modern Trade,2026-01,Actual,198381
Gross_Sales,INC,East,Beverages,Modern Trade,2026-02,Actual,6018630
COGS,EXP,East,Beverages,Modern Trade,2026-02,Actual,2527825
Marketing,EXP,East,Beverages,Modern Trade,2026-02,Actual,361118
Distribution,EXP,East,Beverages,Modern Trade,2026-02,Actual,270838
Salary,EXP,East,Beverages,Modern Trade,2026-02,Actual,511584
Freight,EXP,East,Beverages,Modern Trade,2026-02,Actual,150466
Other_Opex,EXP,East,Beverages,Modern Trade,2026-02,Actual,210652
Gross_Sales,INC,East,Beverages,Modern Trade,2026-03,Actual,6310800
COGS,EXP,East,Beverages,Modern Trade,2026-03,Actual,2650536
Marketing,EXP,East,Beverages,Modern Trade,2026-03,Actual,378648
Distribution,EXP,East,Beverages,Modern Trade,2026-03,Actual,283986
Salary,EXP,East,Beverages,Modern Trade,2026-03,Actual,536418
Freight,EXP,East,Beverages,Modern Trade,2026-03,Actual,157770
Other_Opex,EXP,East,Beverages,Modern Trade,2026-03,Actual,220878
Gross_Sales,INC,East,Beverages,Quick Commerce,2025-04,Actual,4979748
COGS,EXP,East,Beverages,Quick Commerce,2025-04,Actual,2091494
Marketing,EXP,East,Beverages,Quick Commerce,2025-04,Actual,298785
Distribution,EXP,East,Beverages,Quick Commerce,2025-04,Actual,224089
Salary,EXP,East,Beverages,Quick Commerce,2025-04,Actual,423279
Freight,EXP,East,Beverages,Quick Commerce,2025-04,Actual,124494
Other_Opex,EXP,East,Beverages,Quick Commerce,2025-04,Actual,174291
Gross_Sales,INC,East,Beverages,Quick Commerce,2025-05,Actual,5298051
COGS,EXP,East,Beverages,Quick Commerce,2025-05,Actual,2225181
Marketing,EXP,East,Beverages,Quick Commerce,2025-05,Actual,317883
Distribution,EXP,East,Beverages,Quick Commerce,2025-05,Actual,238412
Salary,EXP,East,Beverages,Quick Commerce,2025-05,Actual,450334
Freight,EXP,East,Beverages,Quick Commerce,2025-05,Actual,132451
Other_Opex,EXP,East,Beverages,Quick Commerce,2025-05,Actual,185432
Gross_Sales,INC,East,Beverages,Quick Commerce,2025-06,Actual,4293900
COGS,EXP,East,Beverages,Quick Commerce,2025-06,Actual,1803438
Marketing,EXP,East,Beverages,Quick Commerce,2025-06,Actual,257634
Distribution,EXP,East,Beverages,Quick Commerce,2025-06,Actual,193226
Salary,EXP,East,Beverages,Quick Commerce,2025-06,Actual,364982
Freight,EXP,East,Beverages,Quick Commerce,2025-06,Actual,107348
Other_Opex,EXP,East,Beverages,Quick Commerce,2025-06,Actual,150286
Gross_Sales,INC,East,Beverages,Quick Commerce,2025-07,Actual,4194024
COGS,EXP,East,Beverages,Quick Commerce,2025-07,Actual,1761490
Marketing,EXP,East,Beverages,Quick Commerce,2025-07,Actual,251641
Distribution,EXP,East,Beverages,Quick Commerce,2025-07,Actual,188731
Salary,EXP,East,Beverages,Quick Commerce,2025-07,Actual,356492
Freight,EXP,East,Beverages,Quick Commerce,2025-07,Actual,104851
Other_Opex,EXP,East,Beverages,Quick Commerce,2025-07,Actual,146791
Gross_Sales,INC,East,Beverages,Quick Commerce,2025-08,Actual,4562127
COGS,EXP,East,Beverages,Quick Commerce,2025-08,Actual,1916093
Marketing,EXP,East,Beverages,Quick Commerce,2025-08,Actual,273728
Distribution,EXP,East,Beverages,Quick Commerce,2025-08,Actual,205296
Salary,EXP,East,Beverages,Quick Commerce,2025-08,Actual,387781
Freight,EXP,East,Beverages,Quick Commerce,2025-08,Actual,114053
Other_Opex,EXP,East,Beverages,Quick Commerce,2025-08,Actual,159674
Gross_Sales,INC,East,Beverages,Quick Commerce,2025-09,Actual,5044350
COGS,EXP,East,Beverages,Quick Commerce,2025-09,Actual,2118627
Marketing,EXP,East,Beverages,Quick Commerce,2025-09,Actual,302661
Distribution,EXP,East,Beverages,Quick Commerce,2025-09,Actual,226996
Salary,EXP,East,Beverages,Quick Commerce,2025-09,Actual,428770
Freight,EXP,East,Beverages,Quick Commerce,2025-09,Actual,126109
Other_Opex,EXP,East,Beverages,Quick Commerce,2025-09,Actual,176552
Gross_Sales,INC,East,Beverages,Quick Commerce,2025-10,Actual,6123168
COGS,EXP,East,Beverages,Quick Commerce,2025-10,Actual,2571731
Marketing,EXP,East,Beverages,Quick Commerce,2025-10,Actual,367390
Distribution,EXP,East,Beverages,Quick Commerce,2025-10,Actual,275543
Salary,EXP,East,Beverages,Quick Commerce,2025-10,Actual,520469
Freight,EXP,East,Beverages,Quick Commerce,2025-10,Actual,153079
Other_Opex,EXP,East,Beverages,Quick Commerce,2025-10,Actual,214311
Gross_Sales,INC,East,Beverages,Quick Commerce,2025-11,Actual,7325337
COGS,EXP,East,Beverages,Quick Commerce,2025-11,Actual,3076642
Marketing,EXP,East,Beverages,Quick Commerce,2025-11,Actual,439520
Distribution,EXP,East,Beverages,Quick Commerce,2025-11,Actual,329640
Salary,EXP,East,Beverages,Quick Commerce,2025-11,Actual,622654
Freight,EXP,East,Beverages,Quick Commerce,2025-11,Actual,183133
Other_Opex,EXP,East,Beverages,Quick Commerce,2025-11,Actual,256387
Gross_Sales,INC,East,Beverages,Quick Commerce,2025-12,Actual,5281551
COGS,EXP,East,Beverages,Quick Commerce,2025-12,Actual,2218251
Marketing,EXP,East,Beverages,Quick Commerce,2025-12,Actual,316893
Distribution,EXP,East,Beverages,Quick Commerce,2025-12,Actual,237670
Salary,EXP,East,Beverages,Quick Commerce,2025-12,Actual,448932
Freight,EXP,East,Beverages,Quick Commerce,2025-12,Actual,132039
Other_Opex,EXP,East,Beverages,Quick Commerce,2025-12,Actual,184854
Gross_Sales,INC,East,Beverages,Quick Commerce,2026-01,Actual,4638237
COGS,EXP,East,Beverages,Quick Commerce,2026-01,Actual,1948060
Marketing,EXP,East,Beverages,Quick Commerce,2026-01,Actual,278294
Distribution,EXP,East,Beverages,Quick Commerce,2026-01,Actual,208721
Salary,EXP,East,Beverages,Quick Commerce,2026-01,Actual,394250
Freight,EXP,East,Beverages,Quick Commerce,2026-01,Actual,115956
Other_Opex,EXP,East,Beverages,Quick Commerce,2026-01,Actual,162338
Gross_Sales,INC,East,Beverages,Quick Commerce,2026-02,Actual,4993149
COGS,EXP,East,Beverages,Quick Commerce,2026-02,Actual,2097123
Marketing,EXP,East,Beverages,Quick Commerce,2026-02,Actual,299589
Distribution,EXP,East,Beverages,Quick Commerce,2026-02,Actual,224692
Salary,EXP,East,Beverages,Quick Commerce,2026-02,Actual,424418
Freight,EXP,East,Beverages,Quick Commerce,2026-02,Actual,124829
Other_Opex,EXP,East,Beverages,Quick Commerce,2026-02,Actual,174760
Gross_Sales,INC,East,Beverages,Quick Commerce,2026-03,Actual,5306826
COGS,EXP,East,Beverages,Quick Commerce,2026-03,Actual,2228867
Marketing,EXP,East,Beverages,Quick Commerce,2026-03,Actual,318410
Distribution,EXP,East,Beverages,Quick Commerce,2026-03,Actual,238807
Salary,EXP,East,Beverages,Quick Commerce,2026-03,Actual,451080
Freight,EXP,East,Beverages,Quick Commerce,2026-03,Actual,132671
Other_Opex,EXP,East,Beverages,Quick Commerce,2026-03,Actual,185739
Gross_Sales,INC,East,Personal Care,E-Commerce,2025-04,Actual,2946303
COGS,EXP,East,Personal Care,E-Commerce,2025-04,Actual,1237447
Marketing,EXP,East,Personal Care,E-Commerce,2025-04,Actual,176778
Distribution,EXP,East,Personal Care,E-Commerce,2025-04,Actual,132584
Salary,EXP,East,Personal Care,E-Commerce,2025-04,Actual,250436
Freight,EXP,East,Personal Care,E-Commerce,2025-04,Actual,73658
Other_Opex,EXP,East,Personal Care,E-Commerce,2025-04,Actual,103121
Gross_Sales,INC,East,Personal Care,E-Commerce,2025-05,Actual,3134631
COGS,EXP,East,Personal Care,E-Commerce,2025-05,Actual,1316545
Marketing,EXP,East,Personal Care,E-Commerce,2025-05,Actual,188078
Distribution,EXP,East,Personal Care,E-Commerce,2025-05,Actual,141058
Salary,EXP,East,Personal Care,E-Commerce,2025-05,Actual,266444
Freight,EXP,East,Personal Care,E-Commerce,2025-05,Actual,78366
Other_Opex,EXP,East,Personal Care,E-Commerce,2025-05,Actual,109712
Gross_Sales,INC,East,Personal Care,E-Commerce,2025-06,Actual,2743761
COGS,EXP,East,Personal Care,E-Commerce,2025-06,Actual,1152380
Marketing,EXP,East,Personal Care,E-Commerce,2025-06,Actual,164626
Distribution,EXP,East,Personal Care,E-Commerce,2025-06,Actual,123469
Salary,EXP,East,Personal Care,E-Commerce,2025-06,Actual,233220
Freight,EXP,East,Personal Care,E-Commerce,2025-06,Actual,68594
Other_Opex,EXP,East,Personal Care,E-Commerce,2025-06,Actual,96032
Gross_Sales,INC,East,Personal Care,E-Commerce,2025-07,Actual,2481420
COGS,EXP,East,Personal Care,E-Commerce,2025-07,Actual,1042196
Marketing,EXP,East,Personal Care,E-Commerce,2025-07,Actual,148885
Distribution,EXP,East,Personal Care,E-Commerce,2025-07,Actual,111664
Salary,EXP,East,Personal Care,E-Commerce,2025-07,Actual,210921
Freight,EXP,East,Personal Care,E-Commerce,2025-07,Actual,62036
Other_Opex,EXP,East,Personal Care,E-Commerce,2025-07,Actual,86850
Gross_Sales,INC,East,Personal Care,E-Commerce,2025-08,Actual,2699217
COGS,EXP,East,Personal Care,E-Commerce,2025-08,Actual,1133671
Marketing,EXP,East,Personal Care,E-Commerce,2025-08,Actual,161953
Distribution,EXP,East,Personal Care,E-Commerce,2025-08,Actual,121465
Salary,EXP,East,Personal Care,E-Commerce,2025-08,Actual,229433
Freight,EXP,East,Personal Care,E-Commerce,2025-08,Actual,67480
Other_Opex,EXP,East,Personal Care,E-Commerce,2025-08,Actual,94473
Gross_Sales,INC,East,Personal Care,E-Commerce,2025-09,Actual,2984529
COGS,EXP,East,Personal Care,E-Commerce,2025-09,Actual,1253502
Marketing,EXP,East,Personal Care,E-Commerce,2025-09,Actual,179072
Distribution,EXP,East,Personal Care,E-Commerce,2025-09,Actual,134304
Salary,EXP,East,Personal Care,E-Commerce,2025-09,Actual,253685
Freight,EXP,East,Personal Care,E-Commerce,2025-09,Actual,74613
Other_Opex,EXP,East,Personal Care,E-Commerce,2025-09,Actual,104459
Gross_Sales,INC,East,Personal Care,E-Commerce,2025-10,Actual,3622815
COGS,EXP,East,Personal Care,E-Commerce,2025-10,Actual,1521582
Marketing,EXP,East,Personal Care,E-Commerce,2025-10,Actual,217369
Distribution,EXP,East,Personal Care,E-Commerce,2025-10,Actual,163027
Salary,EXP,East,Personal Care,E-Commerce,2025-10,Actual,307939
Freight,EXP,East,Personal Care,E-Commerce,2025-10,Actual,90570
Other_Opex,EXP,East,Personal Care,E-Commerce,2025-10,Actual,126799
Gross_Sales,INC,East,Personal Care,E-Commerce,2025-11,Actual,4334085
COGS,EXP,East,Personal Care,E-Commerce,2025-11,Actual,1820316
Marketing,EXP,East,Personal Care,E-Commerce,2025-11,Actual,260045
Distribution,EXP,East,Personal Care,E-Commerce,2025-11,Actual,195034
Salary,EXP,East,Personal Care,E-Commerce,2025-11,Actual,368397
Freight,EXP,East,Personal Care,E-Commerce,2025-11,Actual,108352
Other_Opex,EXP,East,Personal Care,E-Commerce,2025-11,Actual,151693
Gross_Sales,INC,East,Personal Care,E-Commerce,2025-12,Actual,3124869
COGS,EXP,East,Personal Care,E-Commerce,2025-12,Actual,1312445
Marketing,EXP,East,Personal Care,E-Commerce,2025-12,Actual,187492
Distribution,EXP,East,Personal Care,E-Commerce,2025-12,Actual,140619
Salary,EXP,East,Personal Care,E-Commerce,2025-12,Actual,265614
Freight,EXP,East,Personal Care,E-Commerce,2025-12,Actual,78122
Other_Opex,EXP,East,Personal Care,E-Commerce,2025-12,Actual,109370
Gross_Sales,INC,East,Personal Care,E-Commerce,2026-01,Actual,2744247
COGS,EXP,East,Personal Care,E-Commerce,2026-01,Actual,1152584
Marketing,EXP,East,Personal Care,E-Commerce,2026-01,Actual,164655
Distribution,EXP,East,Personal Care,E-Commerce,2026-01,Actual,123491
Salary,EXP,East,Personal Care,E-Commerce,2026-01,Actual,233261
Freight,EXP,East,Personal Care,E-Commerce,2026-01,Actual,68606
Other_Opex,EXP,East,Personal Care,E-Commerce,2026-01,Actual,96049
Gross_Sales,INC,East,Personal Care,E-Commerce,2026-02,Actual,2954229
COGS,EXP,East,Personal Care,E-Commerce,2026-02,Actual,1240776
Marketing,EXP,East,Personal Care,E-Commerce,2026-02,Actual,177254
Distribution,EXP,East,Personal Care,E-Commerce,2026-02,Actual,132940
Salary,EXP,East,Personal Care,E-Commerce,2026-02,Actual,251109
Freight,EXP,East,Personal Care,E-Commerce,2026-02,Actual,73856
Other_Opex,EXP,East,Personal Care,E-Commerce,2026-02,Actual,103398
Gross_Sales,INC,East,Personal Care,E-Commerce,2026-03,Actual,3139818
COGS,EXP,East,Personal Care,E-Commerce,2026-03,Actual,1318724
Marketing,EXP,East,Personal Care,E-Commerce,2026-03,Actual,188389
Distribution,EXP,East,Personal Care,E-Commerce,2026-03,Actual,141292
Salary,EXP,East,Personal Care,E-Commerce,2026-03,Actual,266885
Freight,EXP,East,Personal Care,E-Commerce,2026-03,Actual,78495
Other_Opex,EXP,East,Personal Care,E-Commerce,2026-03,Actual,109894
Gross_Sales,INC,East,Personal Care,General Trade,2025-04,Actual,2632131
COGS,EXP,East,Personal Care,General Trade,2025-04,Actual,1105495
Marketing,EXP,East,Personal Care,General Trade,2025-04,Actual,157928
Distribution,EXP,East,Personal Care,General Trade,2025-04,Actual,118446
Salary,EXP,East,Personal Care,General Trade,2025-04,Actual,223731
Freight,EXP,East,Personal Care,General Trade,2025-04,Actual,65803
Other_Opex,EXP,East,Personal Care,General Trade,2025-04,Actual,92125
Gross_Sales,INC,East,Personal Care,General Trade,2025-05,Actual,2763738
COGS,EXP,East,Personal Care,General Trade,2025-05,Actual,1160770
Marketing,EXP,East,Personal Care,General Trade,2025-05,Actual,165824
Distribution,EXP,East,Personal Care,General Trade,2025-05,Actual,124368
Salary,EXP,East,Personal Care,General Trade,2025-05,Actual,234918
Freight,EXP,East,Personal Care,General Trade,2025-05,Actual,69093
Other_Opex,EXP,East,Personal Care,General Trade,2025-05,Actual,96731
Gross_Sales,INC,East,Personal Care,General Trade,2025-06,Actual,2210994
COGS,EXP,East,Personal Care,General Trade,2025-06,Actual,928617
Marketing,EXP,East,Personal Care,General Trade,2025-06,Actual,132660
Distribution,EXP,East,Personal Care,General Trade,2025-06,Actual,99495
Salary,EXP,East,Personal Care,General Trade,2025-06,Actual,187934
Freight,EXP,East,Personal Care,General Trade,2025-06,Actual,55275
Other_Opex,EXP,East,Personal Care,General Trade,2025-06,Actual,77385
Gross_Sales,INC,East,Personal Care,General Trade,2025-07,Actual,2132031
COGS,EXP,East,Personal Care,General Trade,2025-07,Actual,895453
Marketing,EXP,East,Personal Care,General Trade,2025-07,Actual,127922
Distribution,EXP,East,Personal Care,General Trade,2025-07,Actual,95941
Salary,EXP,East,Personal Care,General Trade,2025-07,Actual,181223
Freight,EXP,East,Personal Care,General Trade,2025-07,Actual,53301
Other_Opex,EXP,East,Personal Care,General Trade,2025-07,Actual,74621
Gross_Sales,INC,East,Personal Care,General Trade,2025-08,Actual,2289954
COGS,EXP,East,Personal Care,General Trade,2025-08,Actual,961781
Marketing,EXP,East,Personal Care,General Trade,2025-08,Actual,137397
Distribution,EXP,East,Personal Care,General Trade,2025-08,Actual,103048
Salary,EXP,East,Personal Care,General Trade,2025-08,Actual,194646
Freight,EXP,East,Personal Care,General Trade,2025-08,Actual,57249
Other_Opex,EXP,East,Personal Care,General Trade,2025-08,Actual,80148
Gross_Sales,INC,East,Personal Care,General Trade,2025-09,Actual,2500524
COGS,EXP,East,Personal Care,General Trade,2025-09,Actual,1050220
Marketing,EXP,East,Personal Care,General Trade,2025-09,Actual,150031
Distribution,EXP,East,Personal Care,General Trade,2025-09,Actual,112524
Salary,EXP,East,Personal Care,General Trade,2025-09,Actual,212545
Freight,EXP,East,Personal Care,General Trade,2025-09,Actual,62513
Other_Opex,EXP,East,Personal Care,General Trade,2025-09,Actual,87518
Gross_Sales,INC,East,Personal Care,General Trade,2025-10,Actual,2998029
COGS,EXP,East,Personal Care,General Trade,2025-10,Actual,1259172
Marketing,EXP,East,Personal Care,General Trade,2025-10,Actual,179882
Distribution,EXP,East,Personal Care,General Trade,2025-10,Actual,134911
Salary,EXP,East,Personal Care,General Trade,2025-10,Actual,254832
Freight,EXP,East,Personal Care,General Trade,2025-10,Actual,74951
Other_Opex,EXP,East,Personal Care,General Trade,2025-10,Actual,104931
Gross_Sales,INC,East,Personal Care,General Trade,2025-11,Actual,3543123
COGS,EXP,East,Personal Care,General Trade,2025-11,Actual,1488112
Marketing,EXP,East,Personal Care,General Trade,2025-11,Actual,212587
Distribution,EXP,East,Personal Care,General Trade,2025-11,Actual,159441
Salary,EXP,East,Personal Care,General Trade,2025-11,Actual,301165
Freight,EXP,East,Personal Care,General Trade,2025-11,Actual,88578
Other_Opex,EXP,East,Personal Care,General Trade,2025-11,Actual,124009
Gross_Sales,INC,East,Personal Care,General Trade,2025-12,Actual,2947986
COGS,EXP,East,Personal Care,General Trade,2025-12,Actual,1238154
Marketing,EXP,East,Personal Care,General Trade,2025-12,Actual,176879
Distribution,EXP,East,Personal Care,General Trade,2025-12,Actual,132659
Salary,EXP,East,Personal Care,General Trade,2025-12,Actual,250579
Freight,EXP,East,Personal Care,General Trade,2025-12,Actual,73700
Other_Opex,EXP,East,Personal Care,General Trade,2025-12,Actual,103180
Gross_Sales,INC,East,Personal Care,General Trade,2026-01,Actual,2553168
COGS,EXP,East,Personal Care,General Trade,2026-01,Actual,1072331
Marketing,EXP,East,Personal Care,General Trade,2026-01,Actual,153190
Distribution,EXP,East,Personal Care,General Trade,2026-01,Actual,114893
Salary,EXP,East,Personal Care,General Trade,2026-01,Actual,217019
Freight,EXP,East,Personal Care,General Trade,2026-01,Actual,63829
Other_Opex,EXP,East,Personal Care,General Trade,2026-01,Actual,89361
Gross_Sales,INC,East,Personal Care,General Trade,2026-02,Actual,2711097
COGS,EXP,East,Personal Care,General Trade,2026-02,Actual,1138661
Marketing,EXP,East,Personal Care,General Trade,2026-02,Actual,162666
Distribution,EXP,East,Personal Care,General Trade,2026-02,Actual,121999
Salary,EXP,East,Personal Care,General Trade,2026-02,Actual,230443
Freight,EXP,East,Personal Care,General Trade,2026-02,Actual,67777
Other_Opex,EXP,East,Personal Care,General Trade,2026-02,Actual,94888
Gross_Sales,INC,East,Personal Care,General Trade,2026-03,Actual,2842704
COGS,EXP,East,Personal Care,General Trade,2026-03,Actual,1193936
Marketing,EXP,East,Personal Care,General Trade,2026-03,Actual,170562
Distribution,EXP,East,Personal Care,General Trade,2026-03,Actual,127922
Salary,EXP,East,Personal Care,General Trade,2026-03,Actual,241630
Freight,EXP,East,Personal Care,General Trade,2026-03,Actual,71068
Other_Opex,EXP,East,Personal Care,General Trade,2026-03,Actual,99495
Gross_Sales,INC,East,Personal Care,Modern Trade,2025-04,Actual,3000630
COGS,EXP,East,Personal Care,Modern Trade,2025-04,Actual,1260265
Marketing,EXP,East,Personal Care,Modern Trade,2025-04,Actual,180038
Distribution,EXP,East,Personal Care,Modern Trade,2025-04,Actual,135028
Salary,EXP,East,Personal Care,Modern Trade,2025-04,Actual,255054
Freight,EXP,East,Personal Care,Modern Trade,2025-04,Actual,75016
Other_Opex,EXP,East,Personal Care,Modern Trade,2025-04,Actual,105022
Gross_Sales,INC,East,Personal Care,Modern Trade,2025-05,Actual,3150663
COGS,EXP,East,Personal Care,Modern Trade,2025-05,Actual,1323278
Marketing,EXP,East,Personal Care,Modern Trade,2025-05,Actual,189040
Distribution,EXP,East,Personal Care,Modern Trade,2025-05,Actual,141780
Salary,EXP,East,Personal Care,Modern Trade,2025-05,Actual,267806
Freight,EXP,East,Personal Care,Modern Trade,2025-05,Actual,78767
Other_Opex,EXP,East,Personal Care,Modern Trade,2025-05,Actual,110273
Gross_Sales,INC,East,Personal Care,Modern Trade,2025-06,Actual,2520528
COGS,EXP,East,Personal Care,Modern Trade,2025-06,Actual,1058622
Marketing,EXP,East,Personal Care,Modern Trade,2025-06,Actual,151232
Distribution,EXP,East,Personal Care,Modern Trade,2025-06,Actual,113424
Salary,EXP,East,Personal Care,Modern Trade,2025-06,Actual,214245
Freight,EXP,East,Personal Care,Modern Trade,2025-06,Actual,63013
Other_Opex,EXP,East,Personal Care,Modern Trade,2025-06,Actual,88218
Gross_Sales,INC,East,Personal Care,Modern Trade,2025-07,Actual,2430507
COGS,EXP,East,Personal Care,Modern Trade,2025-07,Actual,1020813
Marketing,EXP,East,Personal Care,Modern Trade,2025-07,Actual,145830
Distribution,EXP,East,Personal Care,Modern Trade,2025-07,Actual,109373
Salary,EXP,East,Personal Care,Modern Trade,2025-07,Actual,206593
Freight,EXP,East,Personal Care,Modern Trade,2025-07,Actual,60763
Other_Opex,EXP,East,Personal Care,Modern Trade,2025-07,Actual,85068
Gross_Sales,INC,East,Personal Care,Modern Trade,2025-08,Actual,2610552
COGS,EXP,East,Personal Care,Modern Trade,2025-08,Actual,1096432
Marketing,EXP,East,Personal Care,Modern Trade,2025-08,Actual,156633
Distribution,EXP,East,Personal Care,Modern Trade,2025-08,Actual,117475
Salary,EXP,East,Personal Care,Modern Trade,2025-08,Actual,221897
Freight,EXP,East,Personal Care,Modern Trade,2025-08,Actual,65264
Other_Opex,EXP,East,Personal Care,Modern Trade,2025-08,Actual,91369
Gross_Sales,INC,East,Personal Care,Modern Trade,2025-09,Actual,2850603
COGS,EXP,East,Personal Care,Modern Trade,2025-09,Actual,1197253
Marketing,EXP,East,Personal Care,Modern Trade,2025-09,Actual,171036
Distribution,EXP,East,Personal Care,Modern Trade,2025-09,Actual,128277
Salary,EXP,East,Personal Care,Modern Trade,2025-09,Actual,242301
Freight,EXP,East,Personal Care,Modern Trade,2025-09,Actual,71265
Other_Opex,EXP,East,Personal Care,Modern Trade,2025-09,Actual,99771
Gross_Sales,INC,East,Personal Care,Modern Trade,2025-10,Actual,3417753
COGS,EXP,East,Personal Care,Modern Trade,2025-10,Actual,1435456
Marketing,EXP,East,Personal Care,Modern Trade,2025-10,Actual,205065
Distribution,EXP,East,Personal Care,Modern Trade,2025-10,Actual,153799
Salary,EXP,East,Personal Care,Modern Trade,2025-10,Actual,290509
Freight,EXP,East,Personal Care,Modern Trade,2025-10,Actual,85444
Other_Opex,EXP,East,Personal Care,Modern Trade,2025-10,Actual,119621
Gross_Sales,INC,East,Personal Care,Modern Trade,2025-11,Actual,4039161
COGS,EXP,East,Personal Care,Modern Trade,2025-11,Actual,1696448
Marketing,EXP,East,Personal Care,Modern Trade,2025-11,Actual,242350
Distribution,EXP,East,Personal Care,Modern Trade,2025-11,Actual,181762
Salary,EXP,East,Personal Care,Modern Trade,2025-11,Actual,343329
Freight,EXP,East,Personal Care,Modern Trade,2025-11,Actual,100979
Other_Opex,EXP,East,Personal Care,Modern Trade,2025-11,Actual,141371
Gross_Sales,INC,East,Personal Care,Modern Trade,2025-12,Actual,3360705
COGS,EXP,East,Personal Care,Modern Trade,2025-12,Actual,1411496
Marketing,EXP,East,Personal Care,Modern Trade,2025-12,Actual,201642
Distribution,EXP,East,Personal Care,Modern Trade,2025-12,Actual,151232
Salary,EXP,East,Personal Care,Modern Trade,2025-12,Actual,285660
Freight,EXP,East,Personal Care,Modern Trade,2025-12,Actual,84018
Other_Opex,EXP,East,Personal Care,Modern Trade,2025-12,Actual,117625
Gross_Sales,INC,East,Personal Care,Modern Trade,2026-01,Actual,2910609
COGS,EXP,East,Personal Care,Modern Trade,2026-01,Actual,1222456
Marketing,EXP,East,Personal Care,Modern Trade,2026-01,Actual,174637
Distribution,EXP,East,Personal Care,Modern Trade,2026-01,Actual,130977
Salary,EXP,East,Personal Care,Modern Trade,2026-01,Actual,247402
Freight,EXP,East,Personal Care,Modern Trade,2026-01,Actual,72765
Other_Opex,EXP,East,Personal Care,Modern Trade,2026-01,Actual,101871
Gross_Sales,INC,East,Personal Care,Modern Trade,2026-02,Actual,3090651
COGS,EXP,East,Personal Care,Modern Trade,2026-02,Actual,1298073
Marketing,EXP,East,Personal Care,Modern Trade,2026-02,Actual,185439
Distribution,EXP,East,Personal Care,Modern Trade,2026-02,Actual,139079
Salary,EXP,East,Personal Care,Modern Trade,2026-02,Actual,262705
Freight,EXP,East,Personal Care,Modern Trade,2026-02,Actual,77266
Other_Opex,EXP,East,Personal Care,Modern Trade,2026-02,Actual,108173
Gross_Sales,INC,East,Personal Care,Modern Trade,2026-03,Actual,3240681
COGS,EXP,East,Personal Care,Modern Trade,2026-03,Actual,1361086
Marketing,EXP,East,Personal Care,Modern Trade,2026-03,Actual,194441
Distribution,EXP,East,Personal Care,Modern Trade,2026-03,Actual,145831
Salary,EXP,East,Personal Care,Modern Trade,2026-03,Actual,275458
Freight,EXP,East,Personal Care,Modern Trade,2026-03,Actual,81017
Other_Opex,EXP,East,Personal Care,Modern Trade,2026-03,Actual,113424
Gross_Sales,INC,East,Personal Care,Quick Commerce,2025-04,Actual,2557167
COGS,EXP,East,Personal Care,Quick Commerce,2025-04,Actual,1074010
Marketing,EXP,East,Personal Care,Quick Commerce,2025-04,Actual,153430
Distribution,EXP,East,Personal Care,Quick Commerce,2025-04,Actual,115073
Salary,EXP,East,Personal Care,Quick Commerce,2025-04,Actual,217359
Freight,EXP,East,Personal Care,Quick Commerce,2025-04,Actual,63929
Other_Opex,EXP,East,Personal Care,Quick Commerce,2025-04,Actual,89501
Gross_Sales,INC,East,Personal Care,Quick Commerce,2025-05,Actual,2720628
COGS,EXP,East,Personal Care,Quick Commerce,2025-05,Actual,1142664
Marketing,EXP,East,Personal Care,Quick Commerce,2025-05,Actual,163238
Distribution,EXP,East,Personal Care,Quick Commerce,2025-05,Actual,122428
Salary,EXP,East,Personal Care,Quick Commerce,2025-05,Actual,231253
Freight,EXP,East,Personal Care,Quick Commerce,2025-05,Actual,68016
Other_Opex,EXP,East,Personal Care,Quick Commerce,2025-05,Actual,95222
Gross_Sales,INC,East,Personal Care,Quick Commerce,2025-06,Actual,2204976
COGS,EXP,East,Personal Care,Quick Commerce,2025-06,Actual,926090
Marketing,EXP,East,Personal Care,Quick Commerce,2025-06,Actual,132299
Distribution,EXP,East,Personal Care,Quick Commerce,2025-06,Actual,99224
Salary,EXP,East,Personal Care,Quick Commerce,2025-06,Actual,187423
Freight,EXP,East,Personal Care,Quick Commerce,2025-06,Actual,55124
Other_Opex,EXP,East,Personal Care,Quick Commerce,2025-06,Actual,77174
Gross_Sales,INC,East,Personal Care,Quick Commerce,2025-07,Actual,2153688
COGS,EXP,East,Personal Care,Quick Commerce,2025-07,Actual,904549
Marketing,EXP,East,Personal Care,Quick Commerce,2025-07,Actual,129221
Distribution,EXP,East,Personal Care,Quick Commerce,2025-07,Actual,96916
Salary,EXP,East,Personal Care,Quick Commerce,2025-07,Actual,183063
Freight,EXP,East,Personal Care,Quick Commerce,2025-07,Actual,53842
Other_Opex,EXP,East,Personal Care,Quick Commerce,2025-07,Actual,75379
Gross_Sales,INC,East,Personal Care,Quick Commerce,2025-08,Actual,2342715
COGS,EXP,East,Personal Care,Quick Commerce,2025-08,Actual,983940
Marketing,EXP,East,Personal Care,Quick Commerce,2025-08,Actual,140563
Distribution,EXP,East,Personal Care,Quick Commerce,2025-08,Actual,105422
Salary,EXP,East,Personal Care,Quick Commerce,2025-08,Actual,199131
Freight,EXP,East,Personal Care,Quick Commerce,2025-08,Actual,58568
Other_Opex,EXP,East,Personal Care,Quick Commerce,2025-08,Actual,81995
Gross_Sales,INC,East,Personal Care,Quick Commerce,2025-09,Actual,2590341
COGS,EXP,East,Personal Care,Quick Commerce,2025-09,Actual,1087943
Marketing,EXP,East,Personal Care,Quick Commerce,2025-09,Actual,155420
Distribution,EXP,East,Personal Care,Quick Commerce,2025-09,Actual,116565
Salary,EXP,East,Personal Care,Quick Commerce,2025-09,Actual,220179
Freight,EXP,East,Personal Care,Quick Commerce,2025-09,Actual,64759
Other_Opex,EXP,East,Personal Care,Quick Commerce,2025-09,Actual,90662
Gross_Sales,INC,East,Personal Care,Quick Commerce,2025-10,Actual,3144333
COGS,EXP,East,Personal Care,Quick Commerce,2025-10,Actual,1320620
Marketing,EXP,East,Personal Care,Quick Commerce,2025-10,Actual,188660
Distribution,EXP,East,Personal Care,Quick Commerce,2025-10,Actual,141495
Salary,EXP,East,Personal Care,Quick Commerce,2025-10,Actual,267268
Freight,EXP,East,Personal Care,Quick Commerce,2025-10,Actual,78608
Other_Opex,EXP,East,Personal Care,Quick Commerce,2025-10,Actual,110052
Gross_Sales,INC,East,Personal Care,Quick Commerce,2025-11,Actual,3761658
COGS,EXP,East,Personal Care,Quick Commerce,2025-11,Actual,1579896
Marketing,EXP,East,Personal Care,Quick Commerce,2025-11,Actual,225699
Distribution,EXP,East,Personal Care,Quick Commerce,2025-11,Actual,169275
Salary,EXP,East,Personal Care,Quick Commerce,2025-11,Actual,319741
Freight,EXP,East,Personal Care,Quick Commerce,2025-11,Actual,94041
Other_Opex,EXP,East,Personal Care,Quick Commerce,2025-11,Actual,131658
Gross_Sales,INC,East,Personal Care,Quick Commerce,2025-12,Actual,2712150
COGS,EXP,East,Personal Care,Quick Commerce,2025-12,Actual,1139103
Marketing,EXP,East,Personal Care,Quick Commerce,2025-12,Actual,162729
Distribution,EXP,East,Personal Care,Quick Commerce,2025-12,Actual,122047
Salary,EXP,East,Personal Care,Quick Commerce,2025-12,Actual,230533
Freight,EXP,East,Personal Care,Quick Commerce,2025-12,Actual,67804
Other_Opex,EXP,East,Personal Care,Quick Commerce,2025-12,Actual,94925
Gross_Sales,INC,East,Personal Care,Quick Commerce,2026-01,Actual,2381799
COGS,EXP,East,Personal Care,Quick Commerce,2026-01,Actual,1000356
Marketing,EXP,East,Personal Care,Quick Commerce,2026-01,Actual,142908
Distribution,EXP,East,Personal Care,Quick Commerce,2026-01,Actual,107181
Salary,EXP,East,Personal Care,Quick Commerce,2026-01,Actual,202453
Freight,EXP,East,Personal Care,Quick Commerce,2026-01,Actual,59545
Other_Opex,EXP,East,Personal Care,Quick Commerce,2026-01,Actual,83363
Gross_Sales,INC,East,Personal Care,Quick Commerce,2026-02,Actual,2564046
COGS,EXP,East,Personal Care,Quick Commerce,2026-02,Actual,1076899
Marketing,EXP,East,Personal Care,Quick Commerce,2026-02,Actual,153843
Distribution,EXP,East,Personal Care,Quick Commerce,2026-02,Actual,115382
Salary,EXP,East,Personal Care,Quick Commerce,2026-02,Actual,217944
Freight,EXP,East,Personal Care,Quick Commerce,2026-02,Actual,64101
Other_Opex,EXP,East,Personal Care,Quick Commerce,2026-02,Actual,89742
Gross_Sales,INC,East,Personal Care,Quick Commerce,2026-03,Actual,2725131
COGS,EXP,East,Personal Care,Quick Commerce,2026-03,Actual,1144555
Marketing,EXP,East,Personal Care,Quick Commerce,2026-03,Actual,163508
Distribution,EXP,East,Personal Care,Quick Commerce,2026-03,Actual,122631
Salary,EXP,East,Personal Care,Quick Commerce,2026-03,Actual,231636
Freight,EXP,East,Personal Care,Quick Commerce,2026-03,Actual,68128
Other_Opex,EXP,East,Personal Care,Quick Commerce,2026-03,Actual,95380
Gross_Sales,INC,East,Snacks,E-Commerce,2025-04,Actual,3876717
COGS,EXP,East,Snacks,E-Commerce,2025-04,Actual,1628221
Marketing,EXP,East,Snacks,E-Commerce,2025-04,Actual,232603
Distribution,EXP,East,Snacks,E-Commerce,2025-04,Actual,174452
Salary,EXP,East,Snacks,E-Commerce,2025-04,Actual,329521
Freight,EXP,East,Snacks,E-Commerce,2025-04,Actual,96918
Other_Opex,EXP,East,Snacks,E-Commerce,2025-04,Actual,135685
Gross_Sales,INC,East,Snacks,E-Commerce,2025-05,Actual,4124514
COGS,EXP,East,Snacks,E-Commerce,2025-05,Actual,1732296
Marketing,EXP,East,Snacks,E-Commerce,2025-05,Actual,247471
Distribution,EXP,East,Snacks,E-Commerce,2025-05,Actual,185603
Salary,EXP,East,Snacks,E-Commerce,2025-05,Actual,350584
Freight,EXP,East,Snacks,E-Commerce,2025-05,Actual,103113
Other_Opex,EXP,East,Snacks,E-Commerce,2025-05,Actual,144358
Gross_Sales,INC,East,Snacks,E-Commerce,2025-06,Actual,3610212
COGS,EXP,East,Snacks,E-Commerce,2025-06,Actual,1516289
Marketing,EXP,East,Snacks,E-Commerce,2025-06,Actual,216613
Distribution,EXP,East,Snacks,E-Commerce,2025-06,Actual,162460
Salary,EXP,East,Snacks,E-Commerce,2025-06,Actual,306868
Freight,EXP,East,Snacks,E-Commerce,2025-06,Actual,90255
Other_Opex,EXP,East,Snacks,E-Commerce,2025-06,Actual,126357
Gross_Sales,INC,East,Snacks,E-Commerce,2025-07,Actual,3265029
COGS,EXP,East,Snacks,E-Commerce,2025-07,Actual,1371312
Marketing,EXP,East,Snacks,E-Commerce,2025-07,Actual,195902
Distribution,EXP,East,Snacks,E-Commerce,2025-07,Actual,146926
Salary,EXP,East,Snacks,E-Commerce,2025-07,Actual,277527
Freight,EXP,East,Snacks,E-Commerce,2025-07,Actual,81626
Other_Opex,EXP,East,Snacks,E-Commerce,2025-07,Actual,114276
Gross_Sales,INC,East,Snacks,E-Commerce,2025-08,Actual,3551604
COGS,EXP,East,Snacks,E-Commerce,2025-08,Actual,1491674
Marketing,EXP,East,Snacks,E-Commerce,2025-08,Actual,213096
Distribution,EXP,East,Snacks,E-Commerce,2025-08,Actual,159822
Salary,EXP,East,Snacks,E-Commerce,2025-08,Actual,301886
Freight,EXP,East,Snacks,E-Commerce,2025-08,Actual,88790
Other_Opex,EXP,East,Snacks,E-Commerce,2025-08,Actual,124306
Gross_Sales,INC,East,Snacks,E-Commerce,2025-09,Actual,3927009
COGS,EXP,East,Snacks,E-Commerce,2025-09,Actual,1649344
Marketing,EXP,East,Snacks,E-Commerce,2025-09,Actual,235621
Distribution,EXP,East,Snacks,E-Commerce,2025-09,Actual,176715
Salary,EXP,East,Snacks,E-Commerce,2025-09,Actual,333796
Freight,EXP,East,Snacks,E-Commerce,2025-09,Actual,98175
Other_Opex,EXP,East,Snacks,E-Commerce,2025-09,Actual,137445
Gross_Sales,INC,East,Snacks,E-Commerce,2025-10,Actual,4766865
COGS,EXP,East,Snacks,E-Commerce,2025-10,Actual,2002083
Marketing,EXP,East,Snacks,E-Commerce,2025-10,Actual,286012
Distribution,EXP,East,Snacks,E-Commerce,2025-10,Actual,214509
Salary,EXP,East,Snacks,E-Commerce,2025-10,Actual,405184
Freight,EXP,East,Snacks,E-Commerce,2025-10,Actual,119172
Other_Opex,EXP,East,Snacks,E-Commerce,2025-10,Actual,166840
Gross_Sales,INC,East,Snacks,E-Commerce,2025-11,Actual,5702745
COGS,EXP,East,Snacks,E-Commerce,2025-11,Actual,2395153
Marketing,EXP,East,Snacks,E-Commerce,2025-11,Actual,342165
Distribution,EXP,East,Snacks,E-Commerce,2025-11,Actual,256624
Salary,EXP,East,Snacks,E-Commerce,2025-11,Actual,484733
Freight,EXP,East,Snacks,E-Commerce,2025-11,Actual,142569
Other_Opex,EXP,East,Snacks,E-Commerce,2025-11,Actual,199596
Gross_Sales,INC,East,Snacks,E-Commerce,2025-12,Actual,4111668
COGS,EXP,East,Snacks,E-Commerce,2025-12,Actual,1726901
Marketing,EXP,East,Snacks,E-Commerce,2025-12,Actual,246700
Distribution,EXP,East,Snacks,E-Commerce,2025-12,Actual,185025
Salary,EXP,East,Snacks,E-Commerce,2025-12,Actual,349492
Freight,EXP,East,Snacks,E-Commerce,2025-12,Actual,102792
Other_Opex,EXP,East,Snacks,E-Commerce,2025-12,Actual,143908
Gross_Sales,INC,East,Snacks,E-Commerce,2026-01,Actual,3610848
COGS,EXP,East,Snacks,E-Commerce,2026-01,Actual,1516556
Marketing,EXP,East,Snacks,E-Commerce,2026-01,Actual,216651
Distribution,EXP,East,Snacks,E-Commerce,2026-01,Actual,162488
Salary,EXP,East,Snacks,E-Commerce,2026-01,Actual,306922
Freight,EXP,East,Snacks,E-Commerce,2026-01,Actual,90271
Other_Opex,EXP,East,Snacks,E-Commerce,2026-01,Actual,126380
Gross_Sales,INC,East,Snacks,E-Commerce,2026-02,Actual,3887145
COGS,EXP,East,Snacks,E-Commerce,2026-02,Actual,1632601
Marketing,EXP,East,Snacks,E-Commerce,2026-02,Actual,233229
Distribution,EXP,East,Snacks,E-Commerce,2026-02,Actual,174922
Salary,EXP,East,Snacks,E-Commerce,2026-02,Actual,330407
Freight,EXP,East,Snacks,E-Commerce,2026-02,Actual,97179
Other_Opex,EXP,East,Snacks,E-Commerce,2026-02,Actual,136050
Gross_Sales,INC,East,Snacks,E-Commerce,2026-03,Actual,4131342
COGS,EXP,East,Snacks,E-Commerce,2026-03,Actual,1735164
Marketing,EXP,East,Snacks,E-Commerce,2026-03,Actual,247881
Distribution,EXP,East,Snacks,E-Commerce,2026-03,Actual,185910
Salary,EXP,East,Snacks,E-Commerce,2026-03,Actual,351164
Freight,EXP,East,Snacks,E-Commerce,2026-03,Actual,103284
Other_Opex,EXP,East,Snacks,E-Commerce,2026-03,Actual,144597
Gross_Sales,INC,East,Snacks,General Trade,2025-04,Actual,3463332
COGS,EXP,East,Snacks,General Trade,2025-04,Actual,1454599
Marketing,EXP,East,Snacks,General Trade,2025-04,Actual,207800
Distribution,EXP,East,Snacks,General Trade,2025-04,Actual,155850
Salary,EXP,East,Snacks,General Trade,2025-04,Actual,294383
Freight,EXP,East,Snacks,General Trade,2025-04,Actual,86583
Other_Opex,EXP,East,Snacks,General Trade,2025-04,Actual,121217
Gross_Sales,INC,East,Snacks,General Trade,2025-05,Actual,3636498
COGS,EXP,East,Snacks,General Trade,2025-05,Actual,1527329
Marketing,EXP,East,Snacks,General Trade,2025-05,Actual,218190
Distribution,EXP,East,Snacks,General Trade,2025-05,Actual,163642
Salary,EXP,East,Snacks,General Trade,2025-05,Actual,309102
Freight,EXP,East,Snacks,General Trade,2025-05,Actual,90912
Other_Opex,EXP,East,Snacks,General Trade,2025-05,Actual,127277
Gross_Sales,INC,East,Snacks,General Trade,2025-06,Actual,2909196
COGS,EXP,East,Snacks,General Trade,2025-06,Actual,1221862
Marketing,EXP,East,Snacks,General Trade,2025-06,Actual,174552
Distribution,EXP,East,Snacks,General Trade,2025-06,Actual,130914
Salary,EXP,East,Snacks,General Trade,2025-06,Actual,247282
Freight,EXP,East,Snacks,General Trade,2025-06,Actual,72730
Other_Opex,EXP,East,Snacks,General Trade,2025-06,Actual,101822
Gross_Sales,INC,East,Snacks,General Trade,2025-07,Actual,2805300
COGS,EXP,East,Snacks,General Trade,2025-07,Actual,1178226
Marketing,EXP,East,Snacks,General Trade,2025-07,Actual,168318
Distribution,EXP,East,Snacks,General Trade,2025-07,Actual,126238
Salary,EXP,East,Snacks,General Trade,2025-07,Actual,238451
Freight,EXP,East,Snacks,General Trade,2025-07,Actual,70132
Other_Opex,EXP,East,Snacks,General Trade,2025-07,Actual,98186
Gross_Sales,INC,East,Snacks,General Trade,2025-08,Actual,3013101
COGS,EXP,East,Snacks,General Trade,2025-08,Actual,1265502
Marketing,EXP,East,Snacks,General Trade,2025-08,Actual,180786
Distribution,EXP,East,Snacks,General Trade,2025-08,Actual,135590
Salary,EXP,East,Snacks,General Trade,2025-08,Actual,256114
Freight,EXP,East,Snacks,General Trade,2025-08,Actual,75328
Other_Opex,EXP,East,Snacks,General Trade,2025-08,Actual,105459
Gross_Sales,INC,East,Snacks,General Trade,2025-09,Actual,3290163
COGS,EXP,East,Snacks,General Trade,2025-09,Actual,1381868
Marketing,EXP,East,Snacks,General Trade,2025-09,Actual,197410
Distribution,EXP,East,Snacks,General Trade,2025-09,Actual,148057
Salary,EXP,East,Snacks,General Trade,2025-09,Actual,279664
Freight,EXP,East,Snacks,General Trade,2025-09,Actual,82254
Other_Opex,EXP,East,Snacks,General Trade,2025-09,Actual,115156
Gross_Sales,INC,East,Snacks,General Trade,2025-10,Actual,3944766
COGS,EXP,East,Snacks,General Trade,2025-10,Actual,1656802
Marketing,EXP,East,Snacks,General Trade,2025-10,Actual,236686
Distribution,EXP,East,Snacks,General Trade,2025-10,Actual,177514
Salary,EXP,East,Snacks,General Trade,2025-10,Actual,335305
Freight,EXP,East,Snacks,General Trade,2025-10,Actual,98619
Other_Opex,EXP,East,Snacks,General Trade,2025-10,Actual,138067
Gross_Sales,INC,East,Snacks,General Trade,2025-11,Actual,4662006
COGS,EXP,East,Snacks,General Trade,2025-11,Actual,1958043
Marketing,EXP,East,Snacks,General Trade,2025-11,Actual,279720
Distribution,EXP,East,Snacks,General Trade,2025-11,Actual,209790
Salary,EXP,East,Snacks,General Trade,2025-11,Actual,396271
Freight,EXP,East,Snacks,General Trade,2025-11,Actual,116550
Other_Opex,EXP,East,Snacks,General Trade,2025-11,Actual,163170
Gross_Sales,INC,East,Snacks,General Trade,2025-12,Actual,3878931
COGS,EXP,East,Snacks,General Trade,2025-12,Actual,1629151
Marketing,EXP,East,Snacks,General Trade,2025-12,Actual,232736
Distribution,EXP,East,Snacks,General Trade,2025-12,Actual,174552
Salary,EXP,East,Snacks,General Trade,2025-12,Actual,329709
Freight,EXP,East,Snacks,General Trade,2025-12,Actual,96973
Other_Opex,EXP,East,Snacks,General Trade,2025-12,Actual,135763
Gross_Sales,INC,East,Snacks,General Trade,2026-01,Actual,3359433
COGS,EXP,East,Snacks,General Trade,2026-01,Actual,1410962
Marketing,EXP,East,Snacks,General Trade,2026-01,Actual,201566
Distribution,EXP,East,Snacks,General Trade,2026-01,Actual,151174
Salary,EXP,East,Snacks,General Trade,2026-01,Actual,285552
Freight,EXP,East,Snacks,General Trade,2026-01,Actual,83986
Other_Opex,EXP,East,Snacks,General Trade,2026-01,Actual,117580
Gross_Sales,INC,East,Snacks,General Trade,2026-02,Actual,3567231
COGS,EXP,East,Snacks,General Trade,2026-02,Actual,1498237
Marketing,EXP,East,Snacks,General Trade,2026-02,Actual,214034
Distribution,EXP,East,Snacks,General Trade,2026-02,Actual,160525
Salary,EXP,East,Snacks,General Trade,2026-02,Actual,303215
Freight,EXP,East,Snacks,General Trade,2026-02,Actual,89181
Other_Opex,EXP,East,Snacks,General Trade,2026-02,Actual,124853
Gross_Sales,INC,East,Snacks,General Trade,2026-03,Actual,3740400
COGS,EXP,East,Snacks,General Trade,2026-03,Actual,1570968
Marketing,EXP,East,Snacks,General Trade,2026-03,Actual,224424
Distribution,EXP,East,Snacks,General Trade,2026-03,Actual,168318
Salary,EXP,East,Snacks,General Trade,2026-03,Actual,317934
Freight,EXP,East,Snacks,General Trade,2026-03,Actual,93510
Other_Opex,EXP,East,Snacks,General Trade,2026-03,Actual,130914
Gross_Sales,INC,East,Snacks,Modern Trade,2025-04,Actual,3948201
COGS,EXP,East,Snacks,Modern Trade,2025-04,Actual,1658244
Marketing,EXP,East,Snacks,Modern Trade,2025-04,Actual,236892
Distribution,EXP,East,Snacks,Modern Trade,2025-04,Actual,177669
Salary,EXP,East,Snacks,Modern Trade,2025-04,Actual,335597
Freight,EXP,East,Snacks,Modern Trade,2025-04,Actual,98705
Other_Opex,EXP,East,Snacks,Modern Trade,2025-04,Actual,138187
Gross_Sales,INC,East,Snacks,Modern Trade,2025-05,Actual,4145610
COGS,EXP,East,Snacks,Modern Trade,2025-05,Actual,1741156
Marketing,EXP,East,Snacks,Modern Trade,2025-05,Actual,248737
Distribution,EXP,East,Snacks,Modern Trade,2025-05,Actual,186552
Salary,EXP,East,Snacks,Modern Trade,2025-05,Actual,352377
Freight,EXP,East,Snacks,Modern Trade,2025-05,Actual,103640
Other_Opex,EXP,East,Snacks,Modern Trade,2025-05,Actual,145096
Gross_Sales,INC,East,Snacks,Modern Trade,2025-06,Actual,3316485
COGS,EXP,East,Snacks,Modern Trade,2025-06,Actual,1392924
Marketing,EXP,East,Snacks,Modern Trade,2025-06,Actual,198989
Distribution,EXP,East,Snacks,Modern Trade,2025-06,Actual,149242
Salary,EXP,East,Snacks,Modern Trade,2025-06,Actual,281901
Freight,EXP,East,Snacks,Modern Trade,2025-06,Actual,82912
Other_Opex,EXP,East,Snacks,Modern Trade,2025-06,Actual,116077
Gross_Sales,INC,East,Snacks,Modern Trade,2025-07,Actual,3198039
COGS,EXP,East,Snacks,Modern Trade,2025-07,Actual,1343176
Marketing,EXP,East,Snacks,Modern Trade,2025-07,Actual,191882
Distribution,EXP,East,Snacks,Modern Trade,2025-07,Actual,143912
Salary,EXP,East,Snacks,Modern Trade,2025-07,Actual,271833
Freight,EXP,East,Snacks,Modern Trade,2025-07,Actual,79951
Other_Opex,EXP,East,Snacks,Modern Trade,2025-07,Actual,111931
Gross_Sales,INC,East,Snacks,Modern Trade,2025-08,Actual,3434937
COGS,EXP,East,Snacks,Modern Trade,2025-08,Actual,1442674
Marketing,EXP,East,Snacks,Modern Trade,2025-08,Actual,206096
Distribution,EXP,East,Snacks,Modern Trade,2025-08,Actual,154572
Salary,EXP,East,Snacks,Modern Trade,2025-08,Actual,291970
Freight,EXP,East,Snacks,Modern Trade,2025-08,Actual,85873
Other_Opex,EXP,East,Snacks,Modern Trade,2025-08,Actual,120223
Gross_Sales,INC,East,Snacks,Modern Trade,2025-09,Actual,3750795
COGS,EXP,East,Snacks,Modern Trade,2025-09,Actual,1575334
Marketing,EXP,East,Snacks,Modern Trade,2025-09,Actual,225048
Distribution,EXP,East,Snacks,Modern Trade,2025-09,Actual,168786
Salary,EXP,East,Snacks,Modern Trade,2025-09,Actual,318818
Freight,EXP,East,Snacks,Modern Trade,2025-09,Actual,93770
Other_Opex,EXP,East,Snacks,Modern Trade,2025-09,Actual,131278
Gross_Sales,INC,East,Snacks,Modern Trade,2025-10,Actual,4497039
COGS,EXP,East,Snacks,Modern Trade,2025-10,Actual,1888756
Marketing,EXP,East,Snacks,Modern Trade,2025-10,Actual,269822
Distribution,EXP,East,Snacks,Modern Trade,2025-10,Actual,202367
Salary,EXP,East,Snacks,Modern Trade,2025-10,Actual,382248
Freight,EXP,East,Snacks,Modern Trade,2025-10,Actual,112426
Other_Opex,EXP,East,Snacks,Modern Trade,2025-10,Actual,157396
Gross_Sales,INC,East,Snacks,Modern Trade,2025-11,Actual,5314686
COGS,EXP,East,Snacks,Modern Trade,2025-11,Actual,2232168
Marketing,EXP,East,Snacks,Modern Trade,2025-11,Actual,318881
Distribution,EXP,East,Snacks,Modern Trade,2025-11,Actual,239161
Salary,EXP,East,Snacks,Modern Trade,2025-11,Actual,451748
Freight,EXP,East,Snacks,Modern Trade,2025-11,Actual,132867
Other_Opex,EXP,East,Snacks,Modern Trade,2025-11,Actual,186014
Gross_Sales,INC,East,Snacks,Modern Trade,2025-12,Actual,4421982
COGS,EXP,East,Snacks,Modern Trade,2025-12,Actual,1857232
Marketing,EXP,East,Snacks,Modern Trade,2025-12,Actual,265319
Distribution,EXP,East,Snacks,Modern Trade,2025-12,Actual,198989
Salary,EXP,East,Snacks,Modern Trade,2025-12,Actual,375868
Freight,EXP,East,Snacks,Modern Trade,2025-12,Actual,110550
Other_Opex,EXP,East,Snacks,Modern Trade,2025-12,Actual,154769
Gross_Sales,INC,East,Snacks,Modern Trade,2026-01,Actual,3829758
COGS,EXP,East,Snacks,Modern Trade,2026-01,Actual,1608498
Marketing,EXP,East,Snacks,Modern Trade,2026-01,Actual,229785
Distribution,EXP,East,Snacks,Modern Trade,2026-01,Actual,172339
Salary,EXP,East,Snacks,Modern Trade,2026-01,Actual,325529
Freight,EXP,East,Snacks,Modern Trade,2026-01,Actual,95744
Other_Opex,EXP,East,Snacks,Modern Trade,2026-01,Actual,134042
Gross_Sales,INC,East,Snacks,Modern Trade,2026-02,Actual,4066647
COGS,EXP,East,Snacks,Modern Trade,2026-02,Actual,1707992
Marketing,EXP,East,Snacks,Modern Trade,2026-02,Actual,243999
Distribution,EXP,East,Snacks,Modern Trade,2026-02,Actual,182999
Salary,EXP,East,Snacks,Modern Trade,2026-02,Actual,345665
Freight,EXP,East,Snacks,Modern Trade,2026-02,Actual,101666
Other_Opex,EXP,East,Snacks,Modern Trade,2026-02,Actual,142333
Gross_Sales,INC,East,Snacks,Modern Trade,2026-03,Actual,4264056
COGS,EXP,East,Snacks,Modern Trade,2026-03,Actual,1790904
Marketing,EXP,East,Snacks,Modern Trade,2026-03,Actual,255843
Distribution,EXP,East,Snacks,Modern Trade,2026-03,Actual,191883
Salary,EXP,East,Snacks,Modern Trade,2026-03,Actual,362445
Freight,EXP,East,Snacks,Modern Trade,2026-03,Actual,106601
Other_Opex,EXP,East,Snacks,Modern Trade,2026-03,Actual,149242
Gross_Sales,INC,East,Snacks,Quick Commerce,2025-04,Actual,3364692
COGS,EXP,East,Snacks,Quick Commerce,2025-04,Actual,1413171
Marketing,EXP,East,Snacks,Quick Commerce,2025-04,Actual,201882
Distribution,EXP,East,Snacks,Quick Commerce,2025-04,Actual,151411
Salary,EXP,East,Snacks,Quick Commerce,2025-04,Actual,285999
Freight,EXP,East,Snacks,Quick Commerce,2025-04,Actual,84117
Other_Opex,EXP,East,Snacks,Quick Commerce,2025-04,Actual,117764
Gross_Sales,INC,East,Snacks,Quick Commerce,2025-05,Actual,3579768
COGS,EXP,East,Snacks,Quick Commerce,2025-05,Actual,1503503
Marketing,EXP,East,Snacks,Quick Commerce,2025-05,Actual,214786
Distribution,EXP,East,Snacks,Quick Commerce,2025-05,Actual,161090
Salary,EXP,East,Snacks,Quick Commerce,2025-05,Actual,304280
Freight,EXP,East,Snacks,Quick Commerce,2025-05,Actual,89494
Other_Opex,EXP,East,Snacks,Quick Commerce,2025-05,Actual,125292
Gross_Sales,INC,East,Snacks,Quick Commerce,2025-06,Actual,2901276
COGS,EXP,East,Snacks,Quick Commerce,2025-06,Actual,1218536
Marketing,EXP,East,Snacks,Quick Commerce,2025-06,Actual,174077
Distribution,EXP,East,Snacks,Quick Commerce,2025-06,Actual,130557
Salary,EXP,East,Snacks,Quick Commerce,2025-06,Actual,246608
Freight,EXP,East,Snacks,Quick Commerce,2025-06,Actual,72532
Other_Opex,EXP,East,Snacks,Quick Commerce,2025-06,Actual,101545
Gross_Sales,INC,East,Snacks,Quick Commerce,2025-07,Actual,2833800
COGS,EXP,East,Snacks,Quick Commerce,2025-07,Actual,1190196
Marketing,EXP,East,Snacks,Quick Commerce,2025-07,Actual,170028
Distribution,EXP,East,Snacks,Quick Commerce,2025-07,Actual,127521
Salary,EXP,East,Snacks,Quick Commerce,2025-07,Actual,240873
Freight,EXP,East,Snacks,Quick Commerce,2025-07,Actual,70845
Other_Opex,EXP,East,Snacks,Quick Commerce,2025-07,Actual,99183
Gross_Sales,INC,East,Snacks,Quick Commerce,2025-08,Actual,3082521
COGS,EXP,East,Snacks,Quick Commerce,2025-08,Actual,1294659
Marketing,EXP,East,Snacks,Quick Commerce,2025-08,Actual,184951
Distribution,EXP,East,Snacks,Quick Commerce,2025-08,Actual,138713
Salary,EXP,East,Snacks,Quick Commerce,2025-08,Actual,262014
Freight,EXP,East,Snacks,Quick Commerce,2025-08,Actual,77063
Other_Opex,EXP,East,Snacks,Quick Commerce,2025-08,Actual,107888
Gross_Sales,INC,East,Snacks,Quick Commerce,2025-09,Actual,3408345
COGS,EXP,East,Snacks,Quick Commerce,2025-09,Actual,1431505
Marketing,EXP,East,Snacks,Quick Commerce,2025-09,Actual,204501
Distribution,EXP,East,Snacks,Quick Commerce,2025-09,Actual,153376
Salary,EXP,East,Snacks,Quick Commerce,2025-09,Actual,289709
Freight,EXP,East,Snacks,Quick Commerce,2025-09,Actual,85209
Other_Opex,EXP,East,Snacks,Quick Commerce,2025-09,Actual,119292
Gross_Sales,INC,East,Snacks,Quick Commerce,2025-10,Actual,4137273
COGS,EXP,East,Snacks,Quick Commerce,2025-10,Actual,1737655
Marketing,EXP,East,Snacks,Quick Commerce,2025-10,Actual,248236
Distribution,EXP,East,Snacks,Quick Commerce,2025-10,Actual,186177
Salary,EXP,East,Snacks,Quick Commerce,2025-10,Actual,351668
Freight,EXP,East,Snacks,Quick Commerce,2025-10,Actual,103432
Other_Opex,EXP,East,Snacks,Quick Commerce,2025-10,Actual,144805
Gross_Sales,INC,East,Snacks,Quick Commerce,2025-11,Actual,4949556
COGS,EXP,East,Snacks,Quick Commerce,2025-11,Actual,2078814
Marketing,EXP,East,Snacks,Quick Commerce,2025-11,Actual,296973
Distribution,EXP,East,Snacks,Quick Commerce,2025-11,Actual,222730
Salary,EXP,East,Snacks,Quick Commerce,2025-11,Actual,420712
Freight,EXP,East,Snacks,Quick Commerce,2025-11,Actual,123739
Other_Opex,EXP,East,Snacks,Quick Commerce,2025-11,Actual,173234
Gross_Sales,INC,East,Snacks,Quick Commerce,2025-12,Actual,3568620
COGS,EXP,East,Snacks,Quick Commerce,2025-12,Actual,1498820
Marketing,EXP,East,Snacks,Quick Commerce,2025-12,Actual,214117
Distribution,EXP,East,Snacks,Quick Commerce,2025-12,Actual,160588
Salary,EXP,East,Snacks,Quick Commerce,2025-12,Actual,303333
Freight,EXP,East,Snacks,Quick Commerce,2025-12,Actual,89216
Other_Opex,EXP,East,Snacks,Quick Commerce,2025-12,Actual,124902
Gross_Sales,INC,East,Snacks,Quick Commerce,2026-01,Actual,3133944
COGS,EXP,East,Snacks,Quick Commerce,2026-01,Actual,1316256
Marketing,EXP,East,Snacks,Quick Commerce,2026-01,Actual,188037
Distribution,EXP,East,Snacks,Quick Commerce,2026-01,Actual,141027
Salary,EXP,East,Snacks,Quick Commerce,2026-01,Actual,266385
Freight,EXP,East,Snacks,Quick Commerce,2026-01,Actual,78349
Other_Opex,EXP,East,Snacks,Quick Commerce,2026-01,Actual,109688
Gross_Sales,INC,East,Snacks,Quick Commerce,2026-02,Actual,3373746
COGS,EXP,East,Snacks,Quick Commerce,2026-02,Actual,1416973
Marketing,EXP,East,Snacks,Quick Commerce,2026-02,Actual,202425
Distribution,EXP,East,Snacks,Quick Commerce,2026-02,Actual,151819
Salary,EXP,East,Snacks,Quick Commerce,2026-02,Actual,286768
Freight,EXP,East,Snacks,Quick Commerce,2026-02,Actual,84344
Other_Opex,EXP,East,Snacks,Quick Commerce,2026-02,Actual,118081
Gross_Sales,INC,East,Snacks,Quick Commerce,2026-03,Actual,3585696
COGS,EXP,East,Snacks,Quick Commerce,2026-03,Actual,1505992
Marketing,EXP,East,Snacks,Quick Commerce,2026-03,Actual,215142
Distribution,EXP,East,Snacks,Quick Commerce,2026-03,Actual,161356
Salary,EXP,East,Snacks,Quick Commerce,2026-03,Actual,304784
Freight,EXP,East,Snacks,Quick Commerce,2026-03,Actual,89642
Other_Opex,EXP,East,Snacks,Quick Commerce,2026-03,Actual,125499
Gross_Sales,INC,North,Beverages,E-Commerce,2025-04,Actual,7074240
COGS,EXP,North,Beverages,E-Commerce,2025-04,Actual,2971181
Marketing,EXP,North,Beverages,E-Commerce,2025-04,Actual,424454
Distribution,EXP,North,Beverages,E-Commerce,2025-04,Actual,318341
Salary,EXP,North,Beverages,E-Commerce,2025-04,Actual,601310
Freight,EXP,North,Beverages,E-Commerce,2025-04,Actual,176856
Other_Opex,EXP,North,Beverages,E-Commerce,2025-04,Actual,247598
Gross_Sales,INC,North,Beverages,E-Commerce,2025-05,Actual,7526428
COGS,EXP,North,Beverages,E-Commerce,2025-05,Actual,3161100
Marketing,EXP,North,Beverages,E-Commerce,2025-05,Actual,451586
Distribution,EXP,North,Beverages,E-Commerce,2025-05,Actual,338689
Salary,EXP,North,Beverages,E-Commerce,2025-05,Actual,639746
Freight,EXP,North,Beverages,E-Commerce,2025-05,Actual,188161
Other_Opex,EXP,North,Beverages,E-Commerce,2025-05,Actual,263425
Gross_Sales,INC,North,Beverages,E-Commerce,2025-06,Actual,6587919
COGS,EXP,North,Beverages,E-Commerce,2025-06,Actual,2766926
Marketing,EXP,North,Beverages,E-Commerce,2025-06,Actual,395275
Distribution,EXP,North,Beverages,E-Commerce,2025-06,Actual,296456
Salary,EXP,North,Beverages,E-Commerce,2025-06,Actual,559973
Freight,EXP,North,Beverages,E-Commerce,2025-06,Actual,164698
Other_Opex,EXP,North,Beverages,E-Commerce,2025-06,Actual,230577
Gross_Sales,INC,North,Beverages,E-Commerce,2025-07,Actual,5958042
COGS,EXP,North,Beverages,E-Commerce,2025-07,Actual,2502378
Marketing,EXP,North,Beverages,E-Commerce,2025-07,Actual,357483
Distribution,EXP,North,Beverages,E-Commerce,2025-07,Actual,268112
Salary,EXP,North,Beverages,E-Commerce,2025-07,Actual,506434
Freight,EXP,North,Beverages,E-Commerce,2025-07,Actual,148951
Other_Opex,EXP,North,Beverages,E-Commerce,2025-07,Actual,208531
Gross_Sales,INC,North,Beverages,E-Commerce,2025-08,Actual,6480967
COGS,EXP,North,Beverages,E-Commerce,2025-08,Actual,2722006
Marketing,EXP,North,Beverages,E-Commerce,2025-08,Actual,388858
Distribution,EXP,North,Beverages,E-Commerce,2025-08,Actual,291644
Salary,EXP,North,Beverages,E-Commerce,2025-08,Actual,550882
Freight,EXP,North,Beverages,E-Commerce,2025-08,Actual,162024
Other_Opex,EXP,North,Beverages,E-Commerce,2025-08,Actual,226834
Gross_Sales,INC,North,Beverages,E-Commerce,2025-09,Actual,7166022
COGS,EXP,North,Beverages,E-Commerce,2025-09,Actual,3009729
Marketing,EXP,North,Beverages,E-Commerce,2025-09,Actual,429961
Distribution,EXP,North,Beverages,E-Commerce,2025-09,Actual,322471
Salary,EXP,North,Beverages,E-Commerce,2025-09,Actual,609112
Freight,EXP,North,Beverages,E-Commerce,2025-09,Actual,179151
Other_Opex,EXP,North,Beverages,E-Commerce,2025-09,Actual,250811
Gross_Sales,INC,North,Beverages,E-Commerce,2025-10,Actual,8698586
COGS,EXP,North,Beverages,E-Commerce,2025-10,Actual,3653406
Marketing,EXP,North,Beverages,E-Commerce,2025-10,Actual,521915
Distribution,EXP,North,Beverages,E-Commerce,2025-10,Actual,391436
Salary,EXP,North,Beverages,E-Commerce,2025-10,Actual,739380
Freight,EXP,North,Beverages,E-Commerce,2025-10,Actual,217465
Other_Opex,EXP,North,Beverages,E-Commerce,2025-10,Actual,304451
Gross_Sales,INC,North,Beverages,E-Commerce,2025-11,Actual,10406388
COGS,EXP,North,Beverages,E-Commerce,2025-11,Actual,4370683
Marketing,EXP,North,Beverages,E-Commerce,2025-11,Actual,624383
Distribution,EXP,North,Beverages,E-Commerce,2025-11,Actual,468287
Salary,EXP,North,Beverages,E-Commerce,2025-11,Actual,884543
Freight,EXP,North,Beverages,E-Commerce,2025-11,Actual,260160
Other_Opex,EXP,North,Beverages,E-Commerce,2025-11,Actual,364224
Gross_Sales,INC,North,Beverages,E-Commerce,2025-12,Actual,7502984
COGS,EXP,North,Beverages,E-Commerce,2025-12,Actual,3151253
Marketing,EXP,North,Beverages,E-Commerce,2025-12,Actual,450179
Distribution,EXP,North,Beverages,E-Commerce,2025-12,Actual,337634
Salary,EXP,North,Beverages,E-Commerce,2025-12,Actual,637754
Freight,EXP,North,Beverages,E-Commerce,2025-12,Actual,187575
Other_Opex,EXP,North,Beverages,E-Commerce,2025-12,Actual,262604
Gross_Sales,INC,North,Beverages,E-Commerce,2026-01,Actual,6589097
COGS,EXP,North,Beverages,E-Commerce,2026-01,Actual,2767421
Marketing,EXP,North,Beverages,E-Commerce,2026-01,Actual,395346
Distribution,EXP,North,Beverages,E-Commerce,2026-01,Actual,296509
Salary,EXP,North,Beverages,E-Commerce,2026-01,Actual,560073
Freight,EXP,North,Beverages,E-Commerce,2026-01,Actual,164727
Other_Opex,EXP,North,Beverages,E-Commerce,2026-01,Actual,230618
Gross_Sales,INC,North,Beverages,E-Commerce,2026-02,Actual,7093273
COGS,EXP,North,Beverages,E-Commerce,2026-02,Actual,2979175
Marketing,EXP,North,Beverages,E-Commerce,2026-02,Actual,425596
Distribution,EXP,North,Beverages,E-Commerce,2026-02,Actual,319197
Salary,EXP,North,Beverages,E-Commerce,2026-02,Actual,602928
Freight,EXP,North,Beverages,E-Commerce,2026-02,Actual,177332
Other_Opex,EXP,North,Beverages,E-Commerce,2026-02,Actual,248265
Gross_Sales,INC,North,Beverages,E-Commerce,2026-03,Actual,7538894
COGS,EXP,North,Beverages,E-Commerce,2026-03,Actual,3166335
Marketing,EXP,North,Beverages,E-Commerce,2026-03,Actual,452334
Distribution,EXP,North,Beverages,E-Commerce,2026-03,Actual,339250
Salary,EXP,North,Beverages,E-Commerce,2026-03,Actual,640806
Freight,EXP,North,Beverages,E-Commerce,2026-03,Actual,188472
Other_Opex,EXP,North,Beverages,E-Commerce,2026-03,Actual,263861
Gross_Sales,INC,North,Beverages,General Trade,2025-04,Actual,6319895
COGS,EXP,North,Beverages,General Trade,2025-04,Actual,2654356
Marketing,EXP,North,Beverages,General Trade,2025-04,Actual,379194
Distribution,EXP,North,Beverages,General Trade,2025-04,Actual,284395
Salary,EXP,North,Beverages,General Trade,2025-04,Actual,537191
Freight,EXP,North,Beverages,General Trade,2025-04,Actual,157997
Other_Opex,EXP,North,Beverages,General Trade,2025-04,Actual,221196
Gross_Sales,INC,North,Beverages,General Trade,2025-05,Actual,6635894
COGS,EXP,North,Beverages,General Trade,2025-05,Actual,2787075
Marketing,EXP,North,Beverages,General Trade,2025-05,Actual,398154
Distribution,EXP,North,Beverages,General Trade,2025-05,Actual,298615
Salary,EXP,North,Beverages,General Trade,2025-05,Actual,564051
Freight,EXP,North,Beverages,General Trade,2025-05,Actual,165897
Other_Opex,EXP,North,Beverages,General Trade,2025-05,Actual,232256
Gross_Sales,INC,North,Beverages,General Trade,2025-06,Actual,5308715
COGS,EXP,North,Beverages,General Trade,2025-06,Actual,2229660
Marketing,EXP,North,Beverages,General Trade,2025-06,Actual,318523
Distribution,EXP,North,Beverages,General Trade,2025-06,Actual,238892
Salary,EXP,North,Beverages,General Trade,2025-06,Actual,451241
Freight,EXP,North,Beverages,General Trade,2025-06,Actual,132718
Other_Opex,EXP,North,Beverages,General Trade,2025-06,Actual,185805
Gross_Sales,INC,North,Beverages,General Trade,2025-07,Actual,5119116
COGS,EXP,North,Beverages,General Trade,2025-07,Actual,2150029
Marketing,EXP,North,Beverages,General Trade,2025-07,Actual,307147
Distribution,EXP,North,Beverages,General Trade,2025-07,Actual,230360
Salary,EXP,North,Beverages,General Trade,2025-07,Actual,435125
Freight,EXP,North,Beverages,General Trade,2025-07,Actual,127978
Other_Opex,EXP,North,Beverages,General Trade,2025-07,Actual,179169
Gross_Sales,INC,North,Beverages,General Trade,2025-08,Actual,5498310
COGS,EXP,North,Beverages,General Trade,2025-08,Actual,2309290
Marketing,EXP,North,Beverages,General Trade,2025-08,Actual,329899
Distribution,EXP,North,Beverages,General Trade,2025-08,Actual,247424
Salary,EXP,North,Beverages,General Trade,2025-08,Actual,467356
Freight,EXP,North,Beverages,General Trade,2025-08,Actual,137458
Other_Opex,EXP,North,Beverages,General Trade,2025-08,Actual,192441
Gross_Sales,INC,North,Beverages,General Trade,2025-09,Actual,6003904
COGS,EXP,North,Beverages,General Trade,2025-09,Actual,2521640
Marketing,EXP,North,Beverages,General Trade,2025-09,Actual,360234
Distribution,EXP,North,Beverages,General Trade,2025-09,Actual,270176
Salary,EXP,North,Beverages,General Trade,2025-09,Actual,510332
Freight,EXP,North,Beverages,General Trade,2025-09,Actual,150098
Other_Opex,EXP,North,Beverages,General Trade,2025-09,Actual,210137
Gross_Sales,INC,North,Beverages,General Trade,2025-10,Actual,7198430
COGS,EXP,North,Beverages,General Trade,2025-10,Actual,3023341
Marketing,EXP,North,Beverages,General Trade,2025-10,Actual,431906
Distribution,EXP,North,Beverages,General Trade,2025-10,Actual,323929
Salary,EXP,North,Beverages,General Trade,2025-10,Actual,611867
Freight,EXP,North,Beverages,General Trade,2025-10,Actual,179961
Other_Opex,EXP,North,Beverages,General Trade,2025-10,Actual,251945
Gross_Sales,INC,North,Beverages,General Trade,2025-11,Actual,8507237
COGS,EXP,North,Beverages,General Trade,2025-11,Actual,3573040
Marketing,EXP,North,Beverages,General Trade,2025-11,Actual,510434
Distribution,EXP,North,Beverages,General Trade,2025-11,Actual,382826
Salary,EXP,North,Beverages,General Trade,2025-11,Actual,723115
Freight,EXP,North,Beverages,General Trade,2025-11,Actual,212681
Other_Opex,EXP,North,Beverages,General Trade,2025-11,Actual,297753
Gross_Sales,INC,North,Beverages,General Trade,2025-12,Actual,7078285
COGS,EXP,North,Beverages,General Trade,2025-12,Actual,2972880
Marketing,EXP,North,Beverages,General Trade,2025-12,Actual,424697
Distribution,EXP,North,Beverages,General Trade,2025-12,Actual,318523
Salary,EXP,North,Beverages,General Trade,2025-12,Actual,601654
Freight,EXP,North,Beverages,General Trade,2025-12,Actual,176957
Other_Opex,EXP,North,Beverages,General Trade,2025-12,Actual,247740
Gross_Sales,INC,North,Beverages,General Trade,2026-01,Actual,6130300
COGS,EXP,North,Beverages,General Trade,2026-01,Actual,2574726
Marketing,EXP,North,Beverages,General Trade,2026-01,Actual,367818
Distribution,EXP,North,Beverages,General Trade,2026-01,Actual,275864
Salary,EXP,North,Beverages,General Trade,2026-01,Actual,521076
Freight,EXP,North,Beverages,General Trade,2026-01,Actual,153258
Other_Opex,EXP,North,Beverages,General Trade,2026-01,Actual,214561
Gross_Sales,INC,North,Beverages,General Trade,2026-02,Actual,6509492
COGS,EXP,North,Beverages,General Trade,2026-02,Actual,2733987
Marketing,EXP,North,Beverages,General Trade,2026-02,Actual,390570
Distribution,EXP,North,Beverages,General Trade,2026-02,Actual,292927
Salary,EXP,North,Beverages,General Trade,2026-02,Actual,553307
Freight,EXP,North,Beverages,General Trade,2026-02,Actual,162737
Other_Opex,EXP,North,Beverages,General Trade,2026-02,Actual,227832
Gross_Sales,INC,North,Beverages,General Trade,2026-03,Actual,6825489
COGS,EXP,North,Beverages,General Trade,2026-03,Actual,2866705
Marketing,EXP,North,Beverages,General Trade,2026-03,Actual,409529
Distribution,EXP,North,Beverages,General Trade,2026-03,Actual,307147
Salary,EXP,North,Beverages,General Trade,2026-03,Actual,580167
Freight,EXP,North,Beverages,General Trade,2026-03,Actual,170637
Other_Opex,EXP,North,Beverages,General Trade,2026-03,Actual,238892
Gross_Sales,INC,North,Beverages,Modern Trade,2025-04,Actual,7204681
COGS,EXP,North,Beverages,Modern Trade,2025-04,Actual,3025966
Marketing,EXP,North,Beverages,Modern Trade,2025-04,Actual,432281
Distribution,EXP,North,Beverages,Modern Trade,2025-04,Actual,324211
Salary,EXP,North,Beverages,Modern Trade,2025-04,Actual,612398
Freight,EXP,North,Beverages,Modern Trade,2025-04,Actual,180117
Other_Opex,EXP,North,Beverages,Modern Trade,2025-04,Actual,252164
Gross_Sales,INC,North,Beverages,Modern Trade,2025-05,Actual,7564918
COGS,EXP,North,Beverages,Modern Trade,2025-05,Actual,3177266
Marketing,EXP,North,Beverages,Modern Trade,2025-05,Actual,453895
Distribution,EXP,North,Beverages,Modern Trade,2025-05,Actual,340421
Salary,EXP,North,Beverages,Modern Trade,2025-05,Actual,643018
Freight,EXP,North,Beverages,Modern Trade,2025-05,Actual,189123
Other_Opex,EXP,North,Beverages,Modern Trade,2025-05,Actual,264772
Gross_Sales,INC,North,Beverages,Modern Trade,2025-06,Actual,6051937
COGS,EXP,North,Beverages,Modern Trade,2025-06,Actual,2541814
Marketing,EXP,North,Beverages,Modern Trade,2025-06,Actual,363116
Distribution,EXP,North,Beverages,Modern Trade,2025-06,Actual,272337
Salary,EXP,North,Beverages,Modern Trade,2025-06,Actual,514415
Freight,EXP,North,Beverages,Modern Trade,2025-06,Actual,151298
Other_Opex,EXP,North,Beverages,Modern Trade,2025-06,Actual,211818
Gross_Sales,INC,North,Beverages,Modern Trade,2025-07,Actual,5835795
COGS,EXP,North,Beverages,Modern Trade,2025-07,Actual,2451034
Marketing,EXP,North,Beverages,Modern Trade,2025-07,Actual,350148
Distribution,EXP,North,Beverages,Modern Trade,2025-07,Actual,262611
Salary,EXP,North,Beverages,Modern Trade,2025-07,Actual,496043
Freight,EXP,North,Beverages,Modern Trade,2025-07,Actual,145895
Other_Opex,EXP,North,Beverages,Modern Trade,2025-07,Actual,204253
Gross_Sales,INC,North,Beverages,Modern Trade,2025-08,Actual,6268073
COGS,EXP,North,Beverages,Modern Trade,2025-08,Actual,2632591
Marketing,EXP,North,Beverages,Modern Trade,2025-08,Actual,376084
Distribution,EXP,North,Beverages,Modern Trade,2025-08,Actual,282063
Salary,EXP,North,Beverages,Modern Trade,2025-08,Actual,532786
Freight,EXP,North,Beverages,Modern Trade,2025-08,Actual,156702
Other_Opex,EXP,North,Beverages,Modern Trade,2025-08,Actual,219383
Gross_Sales,INC,North,Beverages,Modern Trade,2025-09,Actual,6844452
COGS,EXP,North,Beverages,Modern Trade,2025-09,Actual,2874670
Marketing,EXP,North,Beverages,Modern Trade,2025-09,Actual,410667
Distribution,EXP,North,Beverages,Modern Trade,2025-09,Actual,308000
Salary,EXP,North,Beverages,Modern Trade,2025-09,Actual,581778
Freight,EXP,North,Beverages,Modern Trade,2025-09,Actual,171111
Other_Opex,EXP,North,Beverages,Modern Trade,2025-09,Actual,239556
Gross_Sales,INC,North,Beverages,Modern Trade,2025-10,Actual,8206213
COGS,EXP,North,Beverages,Modern Trade,2025-10,Actual,3446609
Marketing,EXP,North,Beverages,Modern Trade,2025-10,Actual,492373
Distribution,EXP,North,Beverages,Modern Trade,2025-10,Actual,369280
Salary,EXP,North,Beverages,Modern Trade,2025-10,Actual,697528
Freight,EXP,North,Beverages,Modern Trade,2025-10,Actual,205155
Other_Opex,EXP,North,Beverages,Modern Trade,2025-10,Actual,287217
Gross_Sales,INC,North,Beverages,Modern Trade,2025-11,Actual,9698247
COGS,EXP,North,Beverages,Modern Trade,2025-11,Actual,4073264
Marketing,EXP,North,Beverages,Modern Trade,2025-11,Actual,581895
Distribution,EXP,North,Beverages,Modern Trade,2025-11,Actual,436421
Salary,EXP,North,Beverages,Modern Trade,2025-11,Actual,824351
Freight,EXP,North,Beverages,Modern Trade,2025-11,Actual,242456
Other_Opex,EXP,North,Beverages,Modern Trade,2025-11,Actual,339439
Gross_Sales,INC,North,Beverages,Modern Trade,2025-12,Actual,8069243
COGS,EXP,North,Beverages,Modern Trade,2025-12,Actual,3389082
Marketing,EXP,North,Beverages,Modern Trade,2025-12,Actual,484155
Distribution,EXP,North,Beverages,Modern Trade,2025-12,Actual,363116
Salary,EXP,North,Beverages,Modern Trade,2025-12,Actual,685886
Freight,EXP,North,Beverages,Modern Trade,2025-12,Actual,201731
Other_Opex,EXP,North,Beverages,Modern Trade,2025-12,Actual,282424
Gross_Sales,INC,North,Beverages,Modern Trade,2026-01,Actual,6988542
COGS,EXP,North,Beverages,Modern Trade,2026-01,Actual,2935188
Marketing,EXP,North,Beverages,Modern Trade,2026-01,Actual,419313
Distribution,EXP,North,Beverages,Modern Trade,2026-01,Actual,314484
Salary,EXP,North,Beverages,Modern Trade,2026-01,Actual,594026
Freight,EXP,North,Beverages,Modern Trade,2026-01,Actual,174714
Other_Opex,EXP,North,Beverages,Modern Trade,2026-01,Actual,244599
Gross_Sales,INC,North,Beverages,Modern Trade,2026-02,Actual,7420820
COGS,EXP,North,Beverages,Modern Trade,2026-02,Actual,3116744
Marketing,EXP,North,Beverages,Modern Trade,2026-02,Actual,445249
Distribution,EXP,North,Beverages,Modern Trade,2026-02,Actual,333937
Salary,EXP,North,Beverages,Modern Trade,2026-02,Actual,630770
Freight,EXP,North,Beverages,Modern Trade,2026-02,Actual,185520
Other_Opex,EXP,North,Beverages,Modern Trade,2026-02,Actual,259729
Gross_Sales,INC,North,Beverages,Modern Trade,2026-03,Actual,7781059
COGS,EXP,North,Beverages,Modern Trade,2026-03,Actual,3268045
Marketing,EXP,North,Beverages,Modern Trade,2026-03,Actual,466864
Distribution,EXP,North,Beverages,Modern Trade,2026-03,Actual,350148
Salary,EXP,North,Beverages,Modern Trade,2026-03,Actual,661390
Freight,EXP,North,Beverages,Modern Trade,2026-03,Actual,194526
Other_Opex,EXP,North,Beverages,Modern Trade,2026-03,Actual,272337
Gross_Sales,INC,North,Beverages,Quick Commerce,2025-04,Actual,6139904
COGS,EXP,North,Beverages,Quick Commerce,2025-04,Actual,2578760
Marketing,EXP,North,Beverages,Quick Commerce,2025-04,Actual,368394
Distribution,EXP,North,Beverages,Quick Commerce,2025-04,Actual,276296
Salary,EXP,North,Beverages,Quick Commerce,2025-04,Actual,521892
Freight,EXP,North,Beverages,Quick Commerce,2025-04,Actual,153498
Other_Opex,EXP,North,Beverages,Quick Commerce,2025-04,Actual,214897
Gross_Sales,INC,North,Beverages,Quick Commerce,2025-05,Actual,6532377
COGS,EXP,North,Beverages,Quick Commerce,2025-05,Actual,2743598
Marketing,EXP,North,Beverages,Quick Commerce,2025-05,Actual,391943
Distribution,EXP,North,Beverages,Quick Commerce,2025-05,Actual,293957
Salary,EXP,North,Beverages,Quick Commerce,2025-05,Actual,555252
Freight,EXP,North,Beverages,Quick Commerce,2025-05,Actual,163309
Other_Opex,EXP,North,Beverages,Quick Commerce,2025-05,Actual,228633
Gross_Sales,INC,North,Beverages,Quick Commerce,2025-06,Actual,5294273
COGS,EXP,North,Beverages,Quick Commerce,2025-06,Actual,2223595
Marketing,EXP,North,Beverages,Quick Commerce,2025-06,Actual,317656
Distribution,EXP,North,Beverages,Quick Commerce,2025-06,Actual,238242
Salary,EXP,North,Beverages,Quick Commerce,2025-06,Actual,450013
Freight,EXP,North,Beverages,Quick Commerce,2025-06,Actual,132357
Other_Opex,EXP,North,Beverages,Quick Commerce,2025-06,Actual,185300
Gross_Sales,INC,North,Beverages,Quick Commerce,2025-07,Actual,5171131
COGS,EXP,North,Beverages,Quick Commerce,2025-07,Actual,2171875
Marketing,EXP,North,Beverages,Quick Commerce,2025-07,Actual,310268
Distribution,EXP,North,Beverages,Quick Commerce,2025-07,Actual,232701
Salary,EXP,North,Beverages,Quick Commerce,2025-07,Actual,439546
Freight,EXP,North,Beverages,Quick Commerce,2025-07,Actual,129278
Other_Opex,EXP,North,Beverages,Quick Commerce,2025-07,Actual,180990
Gross_Sales,INC,North,Beverages,Quick Commerce,2025-08,Actual,5624989
COGS,EXP,North,Beverages,Quick Commerce,2025-08,Actual,2362495
Marketing,EXP,North,Beverages,Quick Commerce,2025-08,Actual,337499
Distribution,EXP,North,Beverages,Quick Commerce,2025-08,Actual,253125
Salary,EXP,North,Beverages,Quick Commerce,2025-08,Actual,478124
Freight,EXP,North,Beverages,Quick Commerce,2025-08,Actual,140625
Other_Opex,EXP,North,Beverages,Quick Commerce,2025-08,Actual,196875
Gross_Sales,INC,North,Beverages,Quick Commerce,2025-09,Actual,6219565
COGS,EXP,North,Beverages,Quick Commerce,2025-09,Actual,2612217
Marketing,EXP,North,Beverages,Quick Commerce,2025-09,Actual,373174
Distribution,EXP,North,Beverages,Quick Commerce,2025-09,Actual,279880
Salary,EXP,North,Beverages,Quick Commerce,2025-09,Actual,528663
Freight,EXP,North,Beverages,Quick Commerce,2025-09,Actual,155489
Other_Opex,EXP,North,Beverages,Quick Commerce,2025-09,Actual,217685
Gross_Sales,INC,North,Beverages,Quick Commerce,2025-10,Actual,7549713
COGS,EXP,North,Beverages,Quick Commerce,2025-10,Actual,3170879
Marketing,EXP,North,Beverages,Quick Commerce,2025-10,Actual,452983
Distribution,EXP,North,Beverages,Quick Commerce,2025-10,Actual,339737
Salary,EXP,North,Beverages,Quick Commerce,2025-10,Actual,641726
Freight,EXP,North,Beverages,Quick Commerce,2025-10,Actual,188743
Other_Opex,EXP,North,Beverages,Quick Commerce,2025-10,Actual,264240
Gross_Sales,INC,North,Beverages,Quick Commerce,2025-11,Actual,9031964
COGS,EXP,North,Beverages,Quick Commerce,2025-11,Actual,3793425
Marketing,EXP,North,Beverages,Quick Commerce,2025-11,Actual,541918
Distribution,EXP,North,Beverages,Quick Commerce,2025-11,Actual,406438
Salary,EXP,North,Beverages,Quick Commerce,2025-11,Actual,767717
Freight,EXP,North,Beverages,Quick Commerce,2025-11,Actual,225799
Other_Opex,EXP,North,Beverages,Quick Commerce,2025-11,Actual,316119
Gross_Sales,INC,North,Beverages,Quick Commerce,2025-12,Actual,6512020
COGS,EXP,North,Beverages,Quick Commerce,2025-12,Actual,2735048
Marketing,EXP,North,Beverages,Quick Commerce,2025-12,Actual,390721
Distribution,EXP,North,Beverages,Quick Commerce,2025-12,Actual,293041
Salary,EXP,North,Beverages,Quick Commerce,2025-12,Actual,553522
Freight,EXP,North,Beverages,Quick Commerce,2025-12,Actual,162800
Other_Opex,EXP,North,Beverages,Quick Commerce,2025-12,Actual,227921
Gross_Sales,INC,North,Beverages,Quick Commerce,2026-01,Actual,5718835
COGS,EXP,North,Beverages,Quick Commerce,2026-01,Actual,2401911
Marketing,EXP,North,Beverages,Quick Commerce,2026-01,Actual,343130
Distribution,EXP,North,Beverages,Quick Commerce,2026-01,Actual,257348
Salary,EXP,North,Beverages,Quick Commerce,2026-01,Actual,486101
Freight,EXP,North,Beverages,Quick Commerce,2026-01,Actual,142971
Other_Opex,EXP,North,Beverages,Quick Commerce,2026-01,Actual,200159
Gross_Sales,INC,North,Beverages,Quick Commerce,2026-02,Actual,6156420
COGS,EXP,North,Beverages,Quick Commerce,2026-02,Actual,2585696
Marketing,EXP,North,Beverages,Quick Commerce,2026-02,Actual,369385
Distribution,EXP,North,Beverages,Quick Commerce,2026-02,Actual,277039
Salary,EXP,North,Beverages,Quick Commerce,2026-02,Actual,523296
Freight,EXP,North,Beverages,Quick Commerce,2026-02,Actual,153910
Other_Opex,EXP,North,Beverages,Quick Commerce,2026-02,Actual,215475
Gross_Sales,INC,North,Beverages,Quick Commerce,2026-03,Actual,6543182
COGS,EXP,North,Beverages,Quick Commerce,2026-03,Actual,2748136
Marketing,EXP,North,Beverages,Quick Commerce,2026-03,Actual,392591
Distribution,EXP,North,Beverages,Quick Commerce,2026-03,Actual,294443
Salary,EXP,North,Beverages,Quick Commerce,2026-03,Actual,556170
Freight,EXP,North,Beverages,Quick Commerce,2026-03,Actual,163580
Other_Opex,EXP,North,Beverages,Quick Commerce,2026-03,Actual,229011
Gross_Sales,INC,North,Personal Care,E-Commerce,2025-04,Actual,3632719
COGS,EXP,North,Personal Care,E-Commerce,2025-04,Actual,1525742
Marketing,EXP,North,Personal Care,E-Commerce,2025-04,Actual,217963
Distribution,EXP,North,Personal Care,E-Commerce,2025-04,Actual,163472
Salary,EXP,North,Personal Care,E-Commerce,2025-04,Actual,308781
Freight,EXP,North,Personal Care,E-Commerce,2025-04,Actual,90818
Other_Opex,EXP,North,Personal Care,E-Commerce,2025-04,Actual,127145
Gross_Sales,INC,North,Personal Care,E-Commerce,2025-05,Actual,3864919
COGS,EXP,North,Personal Care,E-Commerce,2025-05,Actual,1623266
Marketing,EXP,North,Personal Care,E-Commerce,2025-05,Actual,231895
Distribution,EXP,North,Personal Care,E-Commerce,2025-05,Actual,173921
Salary,EXP,North,Personal Care,E-Commerce,2025-05,Actual,328518
Freight,EXP,North,Personal Care,E-Commerce,2025-05,Actual,96623
Other_Opex,EXP,North,Personal Care,E-Commerce,2025-05,Actual,135272
Gross_Sales,INC,North,Personal Care,E-Commerce,2025-06,Actual,3382982
COGS,EXP,North,Personal Care,E-Commerce,2025-06,Actual,1420852
Marketing,EXP,North,Personal Care,E-Commerce,2025-06,Actual,202979
Distribution,EXP,North,Personal Care,E-Commerce,2025-06,Actual,152234
Salary,EXP,North,Personal Care,E-Commerce,2025-06,Actual,287553
Freight,EXP,North,Personal Care,E-Commerce,2025-06,Actual,84575
Other_Opex,EXP,North,Personal Care,E-Commerce,2025-06,Actual,118404
Gross_Sales,INC,North,Personal Care,E-Commerce,2025-07,Actual,3059532
COGS,EXP,North,Personal Care,E-Commerce,2025-07,Actual,1285003
Marketing,EXP,North,Personal Care,E-Commerce,2025-07,Actual,183572
Distribution,EXP,North,Personal Care,E-Commerce,2025-07,Actual,137679
Salary,EXP,North,Personal Care,E-Commerce,2025-07,Actual,260060
Freight,EXP,North,Personal Care,E-Commerce,2025-07,Actual,76488
Other_Opex,EXP,North,Personal Care,E-Commerce,2025-07,Actual,107084
Gross_Sales,INC,North,Personal Care,E-Commerce,2025-08,Actual,3328066
COGS,EXP,North,Personal Care,E-Commerce,2025-08,Actual,1397788
Marketing,EXP,North,Personal Care,E-Commerce,2025-08,Actual,199684
Distribution,EXP,North,Personal Care,E-Commerce,2025-08,Actual,149763
Salary,EXP,North,Personal Care,E-Commerce,2025-08,Actual,282886
Freight,EXP,North,Personal Care,E-Commerce,2025-08,Actual,83202
Other_Opex,EXP,North,Personal Care,E-Commerce,2025-08,Actual,116482
Gross_Sales,INC,North,Personal Care,E-Commerce,2025-09,Actual,3679844
COGS,EXP,North,Personal Care,E-Commerce,2025-09,Actual,1545534
Marketing,EXP,North,Personal Care,E-Commerce,2025-09,Actual,220791
Distribution,EXP,North,Personal Care,E-Commerce,2025-09,Actual,165593
Salary,EXP,North,Personal Care,E-Commerce,2025-09,Actual,312787
Freight,EXP,North,Personal Care,E-Commerce,2025-09,Actual,91996
Other_Opex,EXP,North,Personal Care,E-Commerce,2025-09,Actual,128795
Gross_Sales,INC,North,Personal Care,E-Commerce,2025-10,Actual,4466840
COGS,EXP,North,Personal Care,E-Commerce,2025-10,Actual,1876073
Marketing,EXP,North,Personal Care,E-Commerce,2025-10,Actual,268010
Distribution,EXP,North,Personal Care,E-Commerce,2025-10,Actual,201008
Salary,EXP,North,Personal Care,E-Commerce,2025-10,Actual,379681
Freight,EXP,North,Personal Care,E-Commerce,2025-10,Actual,111671
Other_Opex,EXP,North,Personal Care,E-Commerce,2025-10,Actual,156339
Gross_Sales,INC,North,Personal Care,E-Commerce,2025-11,Actual,5343823
COGS,EXP,North,Personal Care,E-Commerce,2025-11,Actual,2244406
Marketing,EXP,North,Personal Care,E-Commerce,2025-11,Actual,320629
Distribution,EXP,North,Personal Care,E-Commerce,2025-11,Actual,240472
Salary,EXP,North,Personal Care,E-Commerce,2025-11,Actual,454225
Freight,EXP,North,Personal Care,E-Commerce,2025-11,Actual,133596
Other_Opex,EXP,North,Personal Care,E-Commerce,2025-11,Actual,187034
Gross_Sales,INC,North,Personal Care,E-Commerce,2025-12,Actual,3852883
COGS,EXP,North,Personal Care,E-Commerce,2025-12,Actual,1618211
Marketing,EXP,North,Personal Care,E-Commerce,2025-12,Actual,231173
Distribution,EXP,North,Personal Care,E-Commerce,2025-12,Actual,173380
Salary,EXP,North,Personal Care,E-Commerce,2025-12,Actual,327495
Freight,EXP,North,Personal Care,E-Commerce,2025-12,Actual,96322
Other_Opex,EXP,North,Personal Care,E-Commerce,2025-12,Actual,134851
Gross_Sales,INC,North,Personal Care,E-Commerce,2026-01,Actual,3383588
COGS,EXP,North,Personal Care,E-Commerce,2026-01,Actual,1421107
Marketing,EXP,North,Personal Care,E-Commerce,2026-01,Actual,203015
Distribution,EXP,North,Personal Care,E-Commerce,2026-01,Actual,152261
Salary,EXP,North,Personal Care,E-Commerce,2026-01,Actual,287605
Freight,EXP,North,Personal Care,E-Commerce,2026-01,Actual,84590
Other_Opex,EXP,North,Personal Care,E-Commerce,2026-01,Actual,118426
Gross_Sales,INC,North,Personal Care,E-Commerce,2026-02,Actual,3642485
COGS,EXP,North,Personal Care,E-Commerce,2026-02,Actual,1529844
Marketing,EXP,North,Personal Care,E-Commerce,2026-02,Actual,218549
Distribution,EXP,North,Personal Care,E-Commerce,2026-02,Actual,163912
Salary,EXP,North,Personal Care,E-Commerce,2026-02,Actual,309611
Freight,EXP,North,Personal Care,E-Commerce,2026-02,Actual,91062
Other_Opex,EXP,North,Personal Care,E-Commerce,2026-02,Actual,127487
Gross_Sales,INC,North,Personal Care,E-Commerce,2026-03,Actual,3871325
COGS,EXP,North,Personal Care,E-Commerce,2026-03,Actual,1625956
Marketing,EXP,North,Personal Care,E-Commerce,2026-03,Actual,232280
Distribution,EXP,North,Personal Care,E-Commerce,2026-03,Actual,174210
Salary,EXP,North,Personal Care,E-Commerce,2026-03,Actual,329063
Freight,EXP,North,Personal Care,E-Commerce,2026-03,Actual,96783
Other_Opex,EXP,North,Personal Care,E-Commerce,2026-03,Actual,135496
Gross_Sales,INC,North,Personal Care,General Trade,2025-04,Actual,3245351
COGS,EXP,North,Personal Care,General Trade,2025-04,Actual,1363047
Marketing,EXP,North,Personal Care,General Trade,2025-04,Actual,194721
Distribution,EXP,North,Personal Care,General Trade,2025-04,Actual,146041
Salary,EXP,North,Personal Care,General Trade,2025-04,Actual,275855
Freight,EXP,North,Personal Care,General Trade,2025-04,Actual,81134
Other_Opex,EXP,North,Personal Care,General Trade,2025-04,Actual,113587
Gross_Sales,INC,North,Personal Care,General Trade,2025-05,Actual,3407620
COGS,EXP,North,Personal Care,General Trade,2025-05,Actual,1431200
Marketing,EXP,North,Personal Care,General Trade,2025-05,Actual,204457
Distribution,EXP,North,Personal Care,General Trade,2025-05,Actual,153343
Salary,EXP,North,Personal Care,General Trade,2025-05,Actual,289648
Freight,EXP,North,Personal Care,General Trade,2025-05,Actual,85190
Other_Opex,EXP,North,Personal Care,General Trade,2025-05,Actual,119267
Gross_Sales,INC,North,Personal Care,General Trade,2025-06,Actual,2726100
COGS,EXP,North,Personal Care,General Trade,2025-06,Actual,1144962
Marketing,EXP,North,Personal Care,General Trade,2025-06,Actual,163566
Distribution,EXP,North,Personal Care,General Trade,2025-06,Actual,122674
Salary,EXP,North,Personal Care,General Trade,2025-06,Actual,231719
Freight,EXP,North,Personal Care,General Trade,2025-06,Actual,68152
Other_Opex,EXP,North,Personal Care,General Trade,2025-06,Actual,95414
Gross_Sales,INC,North,Personal Care,General Trade,2025-07,Actual,2628734
COGS,EXP,North,Personal Care,General Trade,2025-07,Actual,1104068
Marketing,EXP,North,Personal Care,General Trade,2025-07,Actual,157724
Distribution,EXP,North,Personal Care,General Trade,2025-07,Actual,118293
Salary,EXP,North,Personal Care,General Trade,2025-07,Actual,223442
Freight,EXP,North,Personal Care,General Trade,2025-07,Actual,65718
Other_Opex,EXP,North,Personal Care,General Trade,2025-07,Actual,92006
Gross_Sales,INC,North,Personal Care,General Trade,2025-08,Actual,2823455
COGS,EXP,North,Personal Care,General Trade,2025-08,Actual,1185851
Marketing,EXP,North,Personal Care,General Trade,2025-08,Actual,169407
Distribution,EXP,North,Personal Care,General Trade,2025-08,Actual,127055
Salary,EXP,North,Personal Care,General Trade,2025-08,Actual,239994
Freight,EXP,North,Personal Care,General Trade,2025-08,Actual,70586
Other_Opex,EXP,North,Personal Care,General Trade,2025-08,Actual,98821
Gross_Sales,INC,North,Personal Care,General Trade,2025-09,Actual,3083083
COGS,EXP,North,Personal Care,General Trade,2025-09,Actual,1294895
Marketing,EXP,North,Personal Care,General Trade,2025-09,Actual,184985
Distribution,EXP,North,Personal Care,General Trade,2025-09,Actual,138739
Salary,EXP,North,Personal Care,General Trade,2025-09,Actual,262062
Freight,EXP,North,Personal Care,General Trade,2025-09,Actual,77077
Other_Opex,EXP,North,Personal Care,General Trade,2025-09,Actual,107908
Gross_Sales,INC,North,Personal Care,General Trade,2025-10,Actual,3696493
COGS,EXP,North,Personal Care,General Trade,2025-10,Actual,1552527
Marketing,EXP,North,Personal Care,General Trade,2025-10,Actual,221790
Distribution,EXP,North,Personal Care,General Trade,2025-10,Actual,166342
Salary,EXP,North,Personal Care,General Trade,2025-10,Actual,314202
Freight,EXP,North,Personal Care,General Trade,2025-10,Actual,92412
Other_Opex,EXP,North,Personal Care,General Trade,2025-10,Actual,129377
Gross_Sales,INC,North,Personal Care,General Trade,2025-11,Actual,4368583
COGS,EXP,North,Personal Care,General Trade,2025-11,Actual,1834805
Marketing,EXP,North,Personal Care,General Trade,2025-11,Actual,262115
Distribution,EXP,North,Personal Care,General Trade,2025-11,Actual,196586
Salary,EXP,North,Personal Care,General Trade,2025-11,Actual,371330
Freight,EXP,North,Personal Care,General Trade,2025-11,Actual,109215
Other_Opex,EXP,North,Personal Care,General Trade,2025-11,Actual,152900
Gross_Sales,INC,North,Personal Care,General Trade,2025-12,Actual,3634793
COGS,EXP,North,Personal Care,General Trade,2025-12,Actual,1526613
Marketing,EXP,North,Personal Care,General Trade,2025-12,Actual,218088
Distribution,EXP,North,Personal Care,General Trade,2025-12,Actual,163566
Salary,EXP,North,Personal Care,General Trade,2025-12,Actual,308957
Freight,EXP,North,Personal Care,General Trade,2025-12,Actual,90870
Other_Opex,EXP,North,Personal Care,General Trade,2025-12,Actual,127218
Gross_Sales,INC,North,Personal Care,General Trade,2026-01,Actual,3147996
COGS,EXP,North,Personal Care,General Trade,2026-01,Actual,1322158
Marketing,EXP,North,Personal Care,General Trade,2026-01,Actual,188880
Distribution,EXP,North,Personal Care,General Trade,2026-01,Actual,141660
Salary,EXP,North,Personal Care,General Trade,2026-01,Actual,267580
Freight,EXP,North,Personal Care,General Trade,2026-01,Actual,78700
Other_Opex,EXP,North,Personal Care,General Trade,2026-01,Actual,110180
Gross_Sales,INC,North,Personal Care,General Trade,2026-02,Actual,3342710
COGS,EXP,North,Personal Care,General Trade,2026-02,Actual,1403938
Marketing,EXP,North,Personal Care,General Trade,2026-02,Actual,200563
Distribution,EXP,North,Personal Care,General Trade,2026-02,Actual,150422
Salary,EXP,North,Personal Care,General Trade,2026-02,Actual,284130
Freight,EXP,North,Personal Care,General Trade,2026-02,Actual,83568
Other_Opex,EXP,North,Personal Care,General Trade,2026-02,Actual,116995
Gross_Sales,INC,North,Personal Care,General Trade,2026-03,Actual,3504982
COGS,EXP,North,Personal Care,General Trade,2026-03,Actual,1472092
Marketing,EXP,North,Personal Care,General Trade,2026-03,Actual,210299
Distribution,EXP,North,Personal Care,General Trade,2026-03,Actual,157724
Salary,EXP,North,Personal Care,General Trade,2026-03,Actual,297923
Freight,EXP,North,Personal Care,General Trade,2026-03,Actual,87625
Other_Opex,EXP,North,Personal Care,General Trade,2026-03,Actual,122674
Gross_Sales,INC,North,Personal Care,Modern Trade,2025-04,Actual,3699707
COGS,EXP,North,Personal Care,Modern Trade,2025-04,Actual,1553877
Marketing,EXP,North,Personal Care,Modern Trade,2025-04,Actual,221982
Distribution,EXP,North,Personal Care,Modern Trade,2025-04,Actual,166487
Salary,EXP,North,Personal Care,Modern Trade,2025-04,Actual,314475
Freight,EXP,North,Personal Care,Modern Trade,2025-04,Actual,92493
Other_Opex,EXP,North,Personal Care,Modern Trade,2025-04,Actual,129490
Gross_Sales,INC,North,Personal Care,Modern Trade,2025-05,Actual,3884682
COGS,EXP,North,Personal Care,Modern Trade,2025-05,Actual,1631566
Marketing,EXP,North,Personal Care,Modern Trade,2025-05,Actual,233081
Distribution,EXP,North,Personal Care,Modern Trade,2025-05,Actual,174811
Salary,EXP,North,Personal Care,Modern Trade,2025-05,Actual,330198
Freight,EXP,North,Personal Care,Modern Trade,2025-05,Actual,97117
Other_Opex,EXP,North,Personal Care,Modern Trade,2025-05,Actual,135964
Gross_Sales,INC,North,Personal Care,Modern Trade,2025-06,Actual,3107751
COGS,EXP,North,Personal Care,Modern Trade,2025-06,Actual,1305255
Marketing,EXP,North,Personal Care,Modern Trade,2025-06,Actual,186465
Distribution,EXP,North,Personal Care,Modern Trade,2025-06,Actual,139849
Salary,EXP,North,Personal Care,Modern Trade,2025-06,Actual,264159
Freight,EXP,North,Personal Care,Modern Trade,2025-06,Actual,77694
Other_Opex,EXP,North,Personal Care,Modern Trade,2025-06,Actual,108771
Gross_Sales,INC,North,Personal Care,Modern Trade,2025-07,Actual,2996760
COGS,EXP,North,Personal Care,Modern Trade,2025-07,Actual,1258639
Marketing,EXP,North,Personal Care,Modern Trade,2025-07,Actual,179806
Distribution,EXP,North,Personal Care,Modern Trade,2025-07,Actual,134854
Salary,EXP,North,Personal Care,Modern Trade,2025-07,Actual,254725
Freight,EXP,North,Personal Care,Modern Trade,2025-07,Actual,74919
Other_Opex,EXP,North,Personal Care,Modern Trade,2025-07,Actual,104887
Gross_Sales,INC,North,Personal Care,Modern Trade,2025-08,Actual,3218739
COGS,EXP,North,Personal Care,Modern Trade,2025-08,Actual,1351870
Marketing,EXP,North,Personal Care,Modern Trade,2025-08,Actual,193124
Distribution,EXP,North,Personal Care,Modern Trade,2025-08,Actual,144843
Salary,EXP,North,Personal Care,Modern Trade,2025-08,Actual,273593
Freight,EXP,North,Personal Care,Modern Trade,2025-08,Actual,80468
Other_Opex,EXP,North,Personal Care,Modern Trade,2025-08,Actual,112656
Gross_Sales,INC,North,Personal Care,Modern Trade,2025-09,Actual,3514716
COGS,EXP,North,Personal Care,Modern Trade,2025-09,Actual,1476181
Marketing,EXP,North,Personal Care,Modern Trade,2025-09,Actual,210883
Distribution,EXP,North,Personal Care,Modern Trade,2025-09,Actual,158162
Salary,EXP,North,Personal Care,Modern Trade,2025-09,Actual,298751
Freight,EXP,North,Personal Care,Modern Trade,2025-09,Actual,87868
Other_Opex,EXP,North,Personal Care,Modern Trade,2025-09,Actual,123015
Gross_Sales,INC,North,Personal Care,Modern Trade,2025-10,Actual,4214004
COGS,EXP,North,Personal Care,Modern Trade,2025-10,Actual,1769882
Marketing,EXP,North,Personal Care,Modern Trade,2025-10,Actual,252840
Distribution,EXP,North,Personal Care,Modern Trade,2025-10,Actual,189630
Salary,EXP,North,Personal Care,Modern Trade,2025-10,Actual,358190
Freight,EXP,North,Personal Care,Modern Trade,2025-10,Actual,105350
Other_Opex,EXP,North,Personal Care,Modern Trade,2025-10,Actual,147490
Gross_Sales,INC,North,Personal Care,Modern Trade,2025-11,Actual,4980181
COGS,EXP,North,Personal Care,Modern Trade,2025-11,Actual,2091676
Marketing,EXP,North,Personal Care,Modern Trade,2025-11,Actual,298811
Distribution,EXP,North,Personal Care,Modern Trade,2025-11,Actual,224108
Salary,EXP,North,Personal Care,Modern Trade,2025-11,Actual,423315
Freight,EXP,North,Personal Care,Modern Trade,2025-11,Actual,124505
Other_Opex,EXP,North,Personal Care,Modern Trade,2025-11,Actual,174306
Gross_Sales,INC,North,Personal Care,Modern Trade,2025-12,Actual,4143669
COGS,EXP,North,Personal Care,Modern Trade,2025-12,Actual,1740341
Marketing,EXP,North,Personal Care,Modern Trade,2025-12,Actual,248620
Distribution,EXP,North,Personal Care,Modern Trade,2025-12,Actual,186465
Salary,EXP,North,Personal Care,Modern Trade,2025-12,Actual,352212
Freight,EXP,North,Personal Care,Modern Trade,2025-12,Actual,103592
Other_Opex,EXP,North,Personal Care,Modern Trade,2025-12,Actual,145028
Gross_Sales,INC,North,Personal Care,Modern Trade,2026-01,Actual,3588711
COGS,EXP,North,Personal Care,Modern Trade,2026-01,Actual,1507259
Marketing,EXP,North,Personal Care,Modern Trade,2026-01,Actual,215323
Distribution,EXP,North,Personal Care,Modern Trade,2026-01,Actual,161492
Salary,EXP,North,Personal Care,Modern Trade,2026-01,Actual,305040
Freight,EXP,North,Personal Care,Modern Trade,2026-01,Actual,89718
Other_Opex,EXP,North,Personal Care,Modern Trade,2026-01,Actual,125605
Gross_Sales,INC,North,Personal Care,Modern Trade,2026-02,Actual,3810698
COGS,EXP,North,Personal Care,Modern Trade,2026-02,Actual,1600493
Marketing,EXP,North,Personal Care,Modern Trade,2026-02,Actual,228642
Distribution,EXP,North,Personal Care,Modern Trade,2026-02,Actual,171481
Salary,EXP,North,Personal Care,Modern Trade,2026-02,Actual,323909
Freight,EXP,North,Personal Care,Modern Trade,2026-02,Actual,95267
Other_Opex,EXP,North,Personal Care,Modern Trade,2026-02,Actual,133374
Gross_Sales,INC,North,Personal Care,Modern Trade,2026-03,Actual,3995676
COGS,EXP,North,Personal Care,Modern Trade,2026-03,Actual,1678184
Marketing,EXP,North,Personal Care,Modern Trade,2026-03,Actual,239741
Distribution,EXP,North,Personal Care,Modern Trade,2026-03,Actual,179805
Salary,EXP,North,Personal Care,Modern Trade,2026-03,Actual,339632
Freight,EXP,North,Personal Care,Modern Trade,2026-03,Actual,99892
Other_Opex,EXP,North,Personal Care,Modern Trade,2026-03,Actual,139849
Gross_Sales,INC,North,Personal Care,Quick Commerce,2025-04,Actual,3152932
COGS,EXP,North,Personal Care,Quick Commerce,2025-04,Actual,1324231
Marketing,EXP,North,Personal Care,Quick Commerce,2025-04,Actual,189176
Distribution,EXP,North,Personal Care,Quick Commerce,2025-04,Actual,141882
Salary,EXP,North,Personal Care,Quick Commerce,2025-04,Actual,267999
Freight,EXP,North,Personal Care,Quick Commerce,2025-04,Actual,78823
Other_Opex,EXP,North,Personal Care,Quick Commerce,2025-04,Actual,110353
Gross_Sales,INC,North,Personal Care,Quick Commerce,2025-05,Actual,3354461
COGS,EXP,North,Personal Care,Quick Commerce,2025-05,Actual,1408874
Marketing,EXP,North,Personal Care,Quick Commerce,2025-05,Actual,201268
Distribution,EXP,North,Personal Care,Quick Commerce,2025-05,Actual,150951
Salary,EXP,North,Personal Care,Quick Commerce,2025-05,Actual,285129
Freight,EXP,North,Personal Care,Quick Commerce,2025-05,Actual,83862
Other_Opex,EXP,North,Personal Care,Quick Commerce,2025-05,Actual,117406
Gross_Sales,INC,North,Personal Care,Quick Commerce,2025-06,Actual,2718680
COGS,EXP,North,Personal Care,Quick Commerce,2025-06,Actual,1141846
Marketing,EXP,North,Personal Care,Quick Commerce,2025-06,Actual,163121
Distribution,EXP,North,Personal Care,Quick Commerce,2025-06,Actual,122341
Salary,EXP,North,Personal Care,Quick Commerce,2025-06,Actual,231088
Freight,EXP,North,Personal Care,Quick Commerce,2025-06,Actual,67967
Other_Opex,EXP,North,Personal Care,Quick Commerce,2025-06,Actual,95154
Gross_Sales,INC,North,Personal Care,Quick Commerce,2025-07,Actual,2655442
COGS,EXP,North,Personal Care,Quick Commerce,2025-07,Actual,1115286
Marketing,EXP,North,Personal Care,Quick Commerce,2025-07,Actual,159327
Distribution,EXP,North,Personal Care,Quick Commerce,2025-07,Actual,119495
Salary,EXP,North,Personal Care,Quick Commerce,2025-07,Actual,225713
Freight,EXP,North,Personal Care,Quick Commerce,2025-07,Actual,66386
Other_Opex,EXP,North,Personal Care,Quick Commerce,2025-07,Actual,92940
Gross_Sales,INC,North,Personal Care,Quick Commerce,2025-08,Actual,2888513
COGS,EXP,North,Personal Care,Quick Commerce,2025-08,Actual,1213175
Marketing,EXP,North,Personal Care,Quick Commerce,2025-08,Actual,173311
Distribution,EXP,North,Personal Care,Quick Commerce,2025-08,Actual,129983
Salary,EXP,North,Personal Care,Quick Commerce,2025-08,Actual,245524
Freight,EXP,North,Personal Care,Quick Commerce,2025-08,Actual,72213
Other_Opex,EXP,North,Personal Care,Quick Commerce,2025-08,Actual,101098
Gross_Sales,INC,North,Personal Care,Quick Commerce,2025-09,Actual,3193826
COGS,EXP,North,Personal Care,Quick Commerce,2025-09,Actual,1341407
Marketing,EXP,North,Personal Care,Quick Commerce,2025-09,Actual,191630
Distribution,EXP,North,Personal Care,Quick Commerce,2025-09,Actual,143722
Salary,EXP,North,Personal Care,Quick Commerce,2025-09,Actual,271475
Freight,EXP,North,Personal Care,Quick Commerce,2025-09,Actual,79846
Other_Opex,EXP,North,Personal Care,Quick Commerce,2025-09,Actual,111784
Gross_Sales,INC,North,Personal Care,Quick Commerce,2025-10,Actual,3876880
COGS,EXP,North,Personal Care,Quick Commerce,2025-10,Actual,1628290
Marketing,EXP,North,Personal Care,Quick Commerce,2025-10,Actual,232613
Distribution,EXP,North,Personal Care,Quick Commerce,2025-10,Actual,174460
Salary,EXP,North,Personal Care,Quick Commerce,2025-10,Actual,329535
Freight,EXP,North,Personal Care,Quick Commerce,2025-10,Actual,96922
Other_Opex,EXP,North,Personal Care,Quick Commerce,2025-10,Actual,135691
Gross_Sales,INC,North,Personal Care,Quick Commerce,2025-11,Actual,4638039
COGS,EXP,North,Personal Care,Quick Commerce,2025-11,Actual,1947976
Marketing,EXP,North,Personal Care,Quick Commerce,2025-11,Actual,278282
Distribution,EXP,North,Personal Care,Quick Commerce,2025-11,Actual,208712
Salary,EXP,North,Personal Care,Quick Commerce,2025-11,Actual,394233
Freight,EXP,North,Personal Care,Quick Commerce,2025-11,Actual,115951
Other_Opex,EXP,North,Personal Care,Quick Commerce,2025-11,Actual,162331
Gross_Sales,INC,North,Personal Care,Quick Commerce,2025-12,Actual,3344010
COGS,EXP,North,Personal Care,Quick Commerce,2025-12,Actual,1404484
Marketing,EXP,North,Personal Care,Quick Commerce,2025-12,Actual,200641
Distribution,EXP,North,Personal Care,Quick Commerce,2025-12,Actual,150480
Salary,EXP,North,Personal Care,Quick Commerce,2025-12,Actual,284241
Freight,EXP,North,Personal Care,Quick Commerce,2025-12,Actual,83600
Other_Opex,EXP,North,Personal Care,Quick Commerce,2025-12,Actual,117040
Gross_Sales,INC,North,Personal Care,Quick Commerce,2026-01,Actual,2936701
COGS,EXP,North,Personal Care,Quick Commerce,2026-01,Actual,1233414
Marketing,EXP,North,Personal Care,Quick Commerce,2026-01,Actual,176202
Distribution,EXP,North,Personal Care,Quick Commerce,2026-01,Actual,132152
Salary,EXP,North,Personal Care,Quick Commerce,2026-01,Actual,249620
Freight,EXP,North,Personal Care,Quick Commerce,2026-01,Actual,73418
Other_Opex,EXP,North,Personal Care,Quick Commerce,2026-01,Actual,102785
Gross_Sales,INC,North,Personal Care,Quick Commerce,2026-02,Actual,3161405
COGS,EXP,North,Personal Care,Quick Commerce,2026-02,Actual,1327790
Marketing,EXP,North,Personal Care,Quick Commerce,2026-02,Actual,189684
Distribution,EXP,North,Personal Care,Quick Commerce,2026-02,Actual,142263
Salary,EXP,North,Personal Care,Quick Commerce,2026-02,Actual,268719
Freight,EXP,North,Personal Care,Quick Commerce,2026-02,Actual,79035
Other_Opex,EXP,North,Personal Care,Quick Commerce,2026-02,Actual,110649
Gross_Sales,INC,North,Personal Care,Quick Commerce,2026-03,Actual,3360013
COGS,EXP,North,Personal Care,Quick Commerce,2026-03,Actual,1411205
Marketing,EXP,North,Personal Care,Quick Commerce,2026-03,Actual,201601
Distribution,EXP,North,Personal Care,Quick Commerce,2026-03,Actual,151201
Salary,EXP,North,Personal Care,Quick Commerce,2026-03,Actual,285601
Freight,EXP,North,Personal Care,Quick Commerce,2026-03,Actual,84000
Other_Opex,EXP,North,Personal Care,Quick Commerce,2026-03,Actual,117600
Gross_Sales,INC,North,Snacks,E-Commerce,2025-04,Actual,4779894
COGS,EXP,North,Snacks,E-Commerce,2025-04,Actual,2007555
Marketing,EXP,North,Snacks,E-Commerce,2025-04,Actual,286794
Distribution,EXP,North,Snacks,E-Commerce,2025-04,Actual,215095
Salary,EXP,North,Snacks,E-Commerce,2025-04,Actual,406291
Freight,EXP,North,Snacks,E-Commerce,2025-04,Actual,119497
Other_Opex,EXP,North,Snacks,E-Commerce,2025-04,Actual,167296
Gross_Sales,INC,North,Snacks,E-Commerce,2025-05,Actual,5085424
COGS,EXP,North,Snacks,E-Commerce,2025-05,Actual,2135878
Marketing,EXP,North,Snacks,E-Commerce,2025-05,Actual,305125
Distribution,EXP,North,Snacks,E-Commerce,2025-05,Actual,228844
Salary,EXP,North,Snacks,E-Commerce,2025-05,Actual,432261
Freight,EXP,North,Snacks,E-Commerce,2025-05,Actual,127136
Other_Opex,EXP,North,Snacks,E-Commerce,2025-05,Actual,177990
Gross_Sales,INC,North,Snacks,E-Commerce,2025-06,Actual,4451298
COGS,EXP,North,Snacks,E-Commerce,2025-06,Actual,1869545
Marketing,EXP,North,Snacks,E-Commerce,2025-06,Actual,267078
Distribution,EXP,North,Snacks,E-Commerce,2025-06,Actual,200308
Salary,EXP,North,Snacks,E-Commerce,2025-06,Actual,378360
Freight,EXP,North,Snacks,E-Commerce,2025-06,Actual,111282
Other_Opex,EXP,North,Snacks,E-Commerce,2025-06,Actual,155795
Gross_Sales,INC,North,Snacks,E-Commerce,2025-07,Actual,4025702
COGS,EXP,North,Snacks,E-Commerce,2025-07,Actual,1690795
Marketing,EXP,North,Snacks,E-Commerce,2025-07,Actual,241542
Distribution,EXP,North,Snacks,E-Commerce,2025-07,Actual,181157
Salary,EXP,North,Snacks,E-Commerce,2025-07,Actual,342185
Freight,EXP,North,Snacks,E-Commerce,2025-07,Actual,100643
Other_Opex,EXP,North,Snacks,E-Commerce,2025-07,Actual,140900
Gross_Sales,INC,North,Snacks,E-Commerce,2025-08,Actual,4379034
COGS,EXP,North,Snacks,E-Commerce,2025-08,Actual,1839194
Marketing,EXP,North,Snacks,E-Commerce,2025-08,Actual,262742
Distribution,EXP,North,Snacks,E-Commerce,2025-08,Actual,197057
Salary,EXP,North,Snacks,E-Commerce,2025-08,Actual,372218
Freight,EXP,North,Snacks,E-Commerce,2025-08,Actual,109476
Other_Opex,EXP,North,Snacks,E-Commerce,2025-08,Actual,153266
Gross_Sales,INC,North,Snacks,E-Commerce,2025-09,Actual,4841907
COGS,EXP,North,Snacks,E-Commerce,2025-09,Actual,2033601
Marketing,EXP,North,Snacks,E-Commerce,2025-09,Actual,290514
Distribution,EXP,North,Snacks,E-Commerce,2025-09,Actual,217886
Salary,EXP,North,Snacks,E-Commerce,2025-09,Actual,411562
Freight,EXP,North,Snacks,E-Commerce,2025-09,Actual,121048
Other_Opex,EXP,North,Snacks,E-Commerce,2025-09,Actual,169467
Gross_Sales,INC,North,Snacks,E-Commerce,2025-10,Actual,5877422
COGS,EXP,North,Snacks,E-Commerce,2025-10,Actual,2468517
Marketing,EXP,North,Snacks,E-Commerce,2025-10,Actual,352645
Distribution,EXP,North,Snacks,E-Commerce,2025-10,Actual,264484
Salary,EXP,North,Snacks,E-Commerce,2025-10,Actual,499581
Freight,EXP,North,Snacks,E-Commerce,2025-10,Actual,146936
Other_Opex,EXP,North,Snacks,E-Commerce,2025-10,Actual,205710
Gross_Sales,INC,North,Snacks,E-Commerce,2025-11,Actual,7031350
COGS,EXP,North,Snacks,E-Commerce,2025-11,Actual,2953167
Marketing,EXP,North,Snacks,E-Commerce,2025-11,Actual,421881
Distribution,EXP,North,Snacks,E-Commerce,2025-11,Actual,316411
Salary,EXP,North,Snacks,E-Commerce,2025-11,Actual,597665
Freight,EXP,North,Snacks,E-Commerce,2025-11,Actual,175784
Other_Opex,EXP,North,Snacks,E-Commerce,2025-11,Actual,246097
Gross_Sales,INC,North,Snacks,E-Commerce,2025-12,Actual,5069583
COGS,EXP,North,Snacks,E-Commerce,2025-12,Actual,2129225
Marketing,EXP,North,Snacks,E-Commerce,2025-12,Actual,304175
Distribution,EXP,North,Snacks,E-Commerce,2025-12,Actual,228131
Salary,EXP,North,Snacks,E-Commerce,2025-12,Actual,430915
Freight,EXP,North,Snacks,E-Commerce,2025-12,Actual,126740
Other_Opex,EXP,North,Snacks,E-Commerce,2025-12,Actual,177435
Gross_Sales,INC,North,Snacks,E-Commerce,2026-01,Actual,4452086
COGS,EXP,North,Snacks,E-Commerce,2026-01,Actual,1869876
Marketing,EXP,North,Snacks,E-Commerce,2026-01,Actual,267125
Distribution,EXP,North,Snacks,E-Commerce,2026-01,Actual,200344
Salary,EXP,North,Snacks,E-Commerce,2026-01,Actual,378427
Freight,EXP,North,Snacks,E-Commerce,2026-01,Actual,111302
Other_Opex,EXP,North,Snacks,E-Commerce,2026-01,Actual,155823
Gross_Sales,INC,North,Snacks,E-Commerce,2026-02,Actual,4792742
COGS,EXP,North,Snacks,E-Commerce,2026-02,Actual,2012952
Marketing,EXP,North,Snacks,E-Commerce,2026-02,Actual,287565
Distribution,EXP,North,Snacks,E-Commerce,2026-02,Actual,215673
Salary,EXP,North,Snacks,E-Commerce,2026-02,Actual,407383
Freight,EXP,North,Snacks,E-Commerce,2026-02,Actual,119819
Other_Opex,EXP,North,Snacks,E-Commerce,2026-02,Actual,167746
Gross_Sales,INC,North,Snacks,E-Commerce,2026-03,Actual,5093842
COGS,EXP,North,Snacks,E-Commerce,2026-03,Actual,2139414
Marketing,EXP,North,Snacks,E-Commerce,2026-03,Actual,305631
Distribution,EXP,North,Snacks,E-Commerce,2026-03,Actual,229223
Salary,EXP,North,Snacks,E-Commerce,2026-03,Actual,432977
Freight,EXP,North,Snacks,E-Commerce,2026-03,Actual,127346
Other_Opex,EXP,North,Snacks,E-Commerce,2026-03,Actual,178284
Gross_Sales,INC,North,Snacks,General Trade,2025-04,Actual,4270199
COGS,EXP,North,Snacks,General Trade,2025-04,Actual,1793484
Marketing,EXP,North,Snacks,General Trade,2025-04,Actual,256212
Distribution,EXP,North,Snacks,General Trade,2025-04,Actual,192159
Salary,EXP,North,Snacks,General Trade,2025-04,Actual,362967
Freight,EXP,North,Snacks,General Trade,2025-04,Actual,106755
Other_Opex,EXP,North,Snacks,General Trade,2025-04,Actual,149457
Gross_Sales,INC,North,Snacks,General Trade,2025-05,Actual,4483710
COGS,EXP,North,Snacks,General Trade,2025-05,Actual,1883158
Marketing,EXP,North,Snacks,General Trade,2025-05,Actual,269023
Distribution,EXP,North,Snacks,General Trade,2025-05,Actual,201767
Salary,EXP,North,Snacks,General Trade,2025-05,Actual,381115
Freight,EXP,North,Snacks,General Trade,2025-05,Actual,112093
Other_Opex,EXP,North,Snacks,General Trade,2025-05,Actual,156930
Gross_Sales,INC,North,Snacks,General Trade,2025-06,Actual,3586970
COGS,EXP,North,Snacks,General Trade,2025-06,Actual,1506527
Marketing,EXP,North,Snacks,General Trade,2025-06,Actual,215218
Distribution,EXP,North,Snacks,General Trade,2025-06,Actual,161414
Salary,EXP,North,Snacks,General Trade,2025-06,Actual,304892
Freight,EXP,North,Snacks,General Trade,2025-06,Actual,89674
Other_Opex,EXP,North,Snacks,General Trade,2025-06,Actual,125544
Gross_Sales,INC,North,Snacks,General Trade,2025-07,Actual,3458861
COGS,EXP,North,Snacks,General Trade,2025-07,Actual,1452722
Marketing,EXP,North,Snacks,General Trade,2025-07,Actual,207532
Distribution,EXP,North,Snacks,General Trade,2025-07,Actual,155649
Salary,EXP,North,Snacks,General Trade,2025-07,Actual,294003
Freight,EXP,North,Snacks,General Trade,2025-07,Actual,86472
Other_Opex,EXP,North,Snacks,General Trade,2025-07,Actual,121060
Gross_Sales,INC,North,Snacks,General Trade,2025-08,Actual,3715076
COGS,EXP,North,Snacks,General Trade,2025-08,Actual,1560332
Marketing,EXP,North,Snacks,General Trade,2025-08,Actual,222905
Distribution,EXP,North,Snacks,General Trade,2025-08,Actual,167178
Salary,EXP,North,Snacks,General Trade,2025-08,Actual,315781
Freight,EXP,North,Snacks,General Trade,2025-08,Actual,92877
Other_Opex,EXP,North,Snacks,General Trade,2025-08,Actual,130028
Gross_Sales,INC,North,Snacks,General Trade,2025-09,Actual,4056688
COGS,EXP,North,Snacks,General Trade,2025-09,Actual,1703809
Marketing,EXP,North,Snacks,General Trade,2025-09,Actual,243401
Distribution,EXP,North,Snacks,General Trade,2025-09,Actual,182551
Salary,EXP,North,Snacks,General Trade,2025-09,Actual,344818
Freight,EXP,North,Snacks,General Trade,2025-09,Actual,101417
Other_Opex,EXP,North,Snacks,General Trade,2025-09,Actual,141984
Gross_Sales,INC,North,Snacks,General Trade,2025-10,Actual,4863802
COGS,EXP,North,Snacks,General Trade,2025-10,Actual,2042797
Marketing,EXP,North,Snacks,General Trade,2025-10,Actual,291828
Distribution,EXP,North,Snacks,General Trade,2025-10,Actual,218871
Salary,EXP,North,Snacks,General Trade,2025-10,Actual,413423
Freight,EXP,North,Snacks,General Trade,2025-10,Actual,121595
Other_Opex,EXP,North,Snacks,General Trade,2025-10,Actual,170233
Gross_Sales,INC,North,Snacks,General Trade,2025-11,Actual,5748130
COGS,EXP,North,Snacks,General Trade,2025-11,Actual,2414215
Marketing,EXP,North,Snacks,General Trade,2025-11,Actual,344888
Distribution,EXP,North,Snacks,General Trade,2025-11,Actual,258666
Salary,EXP,North,Snacks,General Trade,2025-11,Actual,488591
Freight,EXP,North,Snacks,General Trade,2025-11,Actual,143703
Other_Opex,EXP,North,Snacks,General Trade,2025-11,Actual,201185
Gross_Sales,INC,North,Snacks,General Trade,2025-12,Actual,4782625
COGS,EXP,North,Snacks,General Trade,2025-12,Actual,2008702
Marketing,EXP,North,Snacks,General Trade,2025-12,Actual,286958
Distribution,EXP,North,Snacks,General Trade,2025-12,Actual,215218
Salary,EXP,North,Snacks,General Trade,2025-12,Actual,406523
Freight,EXP,North,Snacks,General Trade,2025-12,Actual,119566
Other_Opex,EXP,North,Snacks,General Trade,2025-12,Actual,167392
Gross_Sales,INC,North,Snacks,General Trade,2026-01,Actual,4142094
COGS,EXP,North,Snacks,General Trade,2026-01,Actual,1739679
Marketing,EXP,North,Snacks,General Trade,2026-01,Actual,248526
Distribution,EXP,North,Snacks,General Trade,2026-01,Actual,186394
Salary,EXP,North,Snacks,General Trade,2026-01,Actual,352078
Freight,EXP,North,Snacks,General Trade,2026-01,Actual,103552
Other_Opex,EXP,North,Snacks,General Trade,2026-01,Actual,144973
Gross_Sales,INC,North,Snacks,General Trade,2026-02,Actual,4398308
COGS,EXP,North,Snacks,General Trade,2026-02,Actual,1847289
Marketing,EXP,North,Snacks,General Trade,2026-02,Actual,263898
Distribution,EXP,North,Snacks,General Trade,2026-02,Actual,197924
Salary,EXP,North,Snacks,General Trade,2026-02,Actual,373856
Freight,EXP,North,Snacks,General Trade,2026-02,Actual,109958
Other_Opex,EXP,North,Snacks,General Trade,2026-02,Actual,153941
Gross_Sales,INC,North,Snacks,General Trade,2026-03,Actual,4611815
COGS,EXP,North,Snacks,General Trade,2026-03,Actual,1936962
Marketing,EXP,North,Snacks,General Trade,2026-03,Actual,276709
Distribution,EXP,North,Snacks,General Trade,2026-03,Actual,207532
Salary,EXP,North,Snacks,General Trade,2026-03,Actual,392004
Freight,EXP,North,Snacks,General Trade,2026-03,Actual,115295
Other_Opex,EXP,North,Snacks,General Trade,2026-03,Actual,161414
Gross_Sales,INC,North,Snacks,Modern Trade,2025-04,Actual,4868030
COGS,EXP,North,Snacks,Modern Trade,2025-04,Actual,2044573
Marketing,EXP,North,Snacks,Modern Trade,2025-04,Actual,292082
Distribution,EXP,North,Snacks,Modern Trade,2025-04,Actual,219061
Salary,EXP,North,Snacks,Modern Trade,2025-04,Actual,413783
Freight,EXP,North,Snacks,Modern Trade,2025-04,Actual,121701
Other_Opex,EXP,North,Snacks,Modern Trade,2025-04,Actual,170381
Gross_Sales,INC,North,Snacks,Modern Trade,2025-05,Actual,5111434
COGS,EXP,North,Snacks,Modern Trade,2025-05,Actual,2146802
Marketing,EXP,North,Snacks,Modern Trade,2025-05,Actual,306686
Distribution,EXP,North,Snacks,Modern Trade,2025-05,Actual,230015
Salary,EXP,North,Snacks,Modern Trade,2025-05,Actual,434472
Freight,EXP,North,Snacks,Modern Trade,2025-05,Actual,127786
Other_Opex,EXP,North,Snacks,Modern Trade,2025-05,Actual,178900
Gross_Sales,INC,North,Snacks,Modern Trade,2025-06,Actual,4089149
COGS,EXP,North,Snacks,Modern Trade,2025-06,Actual,1717443
Marketing,EXP,North,Snacks,Modern Trade,2025-06,Actual,245349
Distribution,EXP,North,Snacks,Modern Trade,2025-06,Actual,184012
Salary,EXP,North,Snacks,Modern Trade,2025-06,Actual,347578
Freight,EXP,North,Snacks,Modern Trade,2025-06,Actual,102229
Other_Opex,EXP,North,Snacks,Modern Trade,2025-06,Actual,143120
Gross_Sales,INC,North,Snacks,Modern Trade,2025-07,Actual,3943103
COGS,EXP,North,Snacks,Modern Trade,2025-07,Actual,1656103
Marketing,EXP,North,Snacks,Modern Trade,2025-07,Actual,236586
Distribution,EXP,North,Snacks,Modern Trade,2025-07,Actual,177440
Salary,EXP,North,Snacks,Modern Trade,2025-07,Actual,335164
Freight,EXP,North,Snacks,Modern Trade,2025-07,Actual,98578
Other_Opex,EXP,North,Snacks,Modern Trade,2025-07,Actual,138009
Gross_Sales,INC,North,Snacks,Modern Trade,2025-08,Actual,4235183
COGS,EXP,North,Snacks,Modern Trade,2025-08,Actual,1778777
Marketing,EXP,North,Snacks,Modern Trade,2025-08,Actual,254111
Distribution,EXP,North,Snacks,Modern Trade,2025-08,Actual,190583
Salary,EXP,North,Snacks,Modern Trade,2025-08,Actual,359991
Freight,EXP,North,Snacks,Modern Trade,2025-08,Actual,105880
Other_Opex,EXP,North,Snacks,Modern Trade,2025-08,Actual,148231
Gross_Sales,INC,North,Snacks,Modern Trade,2025-09,Actual,4624626
COGS,EXP,North,Snacks,Modern Trade,2025-09,Actual,1942343
Marketing,EXP,North,Snacks,Modern Trade,2025-09,Actual,277478
Distribution,EXP,North,Snacks,Modern Trade,2025-09,Actual,208108
Salary,EXP,North,Snacks,Modern Trade,2025-09,Actual,393093
Freight,EXP,North,Snacks,Modern Trade,2025-09,Actual,115616
Other_Opex,EXP,North,Snacks,Modern Trade,2025-09,Actual,161862
Gross_Sales,INC,North,Snacks,Modern Trade,2025-10,Actual,5544736
COGS,EXP,North,Snacks,Modern Trade,2025-10,Actual,2328789
Marketing,EXP,North,Snacks,Modern Trade,2025-10,Actual,332684
Distribution,EXP,North,Snacks,Modern Trade,2025-10,Actual,249513
Salary,EXP,North,Snacks,Modern Trade,2025-10,Actual,471303
Freight,EXP,North,Snacks,Modern Trade,2025-10,Actual,138618
Other_Opex,EXP,North,Snacks,Modern Trade,2025-10,Actual,194066
Gross_Sales,INC,North,Snacks,Modern Trade,2025-11,Actual,6552873
COGS,EXP,North,Snacks,Modern Trade,2025-11,Actual,2752207
Marketing,EXP,North,Snacks,Modern Trade,2025-11,Actual,393172
Distribution,EXP,North,Snacks,Modern Trade,2025-11,Actual,294879
Salary,EXP,North,Snacks,Modern Trade,2025-11,Actual,556994
Freight,EXP,North,Snacks,Modern Trade,2025-11,Actual,163822
Other_Opex,EXP,North,Snacks,Modern Trade,2025-11,Actual,229351
Gross_Sales,INC,North,Snacks,Modern Trade,2025-12,Actual,5452189
COGS,EXP,North,Snacks,Modern Trade,2025-12,Actual,2289919
Marketing,EXP,North,Snacks,Modern Trade,2025-12,Actual,327131
Distribution,EXP,North,Snacks,Modern Trade,2025-12,Actual,245349
Salary,EXP,North,Snacks,Modern Trade,2025-12,Actual,463436
Freight,EXP,North,Snacks,Modern Trade,2025-12,Actual,136305
Other_Opex,EXP,North,Snacks,Modern Trade,2025-12,Actual,190827
Gross_Sales,INC,North,Snacks,Modern Trade,2026-01,Actual,4721988
COGS,EXP,North,Snacks,Modern Trade,2026-01,Actual,1983235
Marketing,EXP,North,Snacks,Modern Trade,2026-01,Actual,283319
Distribution,EXP,North,Snacks,Modern Trade,2026-01,Actual,212489
Salary,EXP,North,Snacks,Modern Trade,2026-01,Actual,401369
Freight,EXP,North,Snacks,Modern Trade,2026-01,Actual,118050
Other_Opex,EXP,North,Snacks,Modern Trade,2026-01,Actual,165270
Gross_Sales,INC,North,Snacks,Modern Trade,2026-02,Actual,5014072
COGS,EXP,North,Snacks,Modern Trade,2026-02,Actual,2105910
Marketing,EXP,North,Snacks,Modern Trade,2026-02,Actual,300844
Distribution,EXP,North,Snacks,Modern Trade,2026-02,Actual,225633
Salary,EXP,North,Snacks,Modern Trade,2026-02,Actual,426196
Freight,EXP,North,Snacks,Modern Trade,2026-02,Actual,125352
Other_Opex,EXP,North,Snacks,Modern Trade,2026-02,Actual,175493
Gross_Sales,INC,North,Snacks,Modern Trade,2026-03,Actual,5257469
COGS,EXP,North,Snacks,Modern Trade,2026-03,Actual,2208137
Marketing,EXP,North,Snacks,Modern Trade,2026-03,Actual,315448
Distribution,EXP,North,Snacks,Modern Trade,2026-03,Actual,236586
Salary,EXP,North,Snacks,Modern Trade,2026-03,Actual,446885
Freight,EXP,North,Snacks,Modern Trade,2026-03,Actual,131437
Other_Opex,EXP,North,Snacks,Modern Trade,2026-03,Actual,184011
Gross_Sales,INC,North,Snacks,Quick Commerce,2025-04,Actual,4148589
COGS,EXP,North,Snacks,Quick Commerce,2025-04,Actual,1742407
Marketing,EXP,North,Snacks,Quick Commerce,2025-04,Actual,248915
Distribution,EXP,North,Snacks,Quick Commerce,2025-04,Actual,186687
Salary,EXP,North,Snacks,Quick Commerce,2025-04,Actual,352630
Freight,EXP,North,Snacks,Quick Commerce,2025-04,Actual,103715
Other_Opex,EXP,North,Snacks,Quick Commerce,2025-04,Actual,145201
Gross_Sales,INC,North,Snacks,Quick Commerce,2025-05,Actual,4413764
COGS,EXP,North,Snacks,Quick Commerce,2025-05,Actual,1853781
Marketing,EXP,North,Snacks,Quick Commerce,2025-05,Actual,264826
Distribution,EXP,North,Snacks,Quick Commerce,2025-05,Actual,198619
Salary,EXP,North,Snacks,Quick Commerce,2025-05,Actual,375170
Freight,EXP,North,Snacks,Quick Commerce,2025-05,Actual,110344
Other_Opex,EXP,North,Snacks,Quick Commerce,2025-05,Actual,154482
Gross_Sales,INC,North,Snacks,Quick Commerce,2025-06,Actual,3577211
COGS,EXP,North,Snacks,Quick Commerce,2025-06,Actual,1502429
Marketing,EXP,North,Snacks,Quick Commerce,2025-06,Actual,214633
Distribution,EXP,North,Snacks,Quick Commerce,2025-06,Actual,160974
Salary,EXP,North,Snacks,Quick Commerce,2025-06,Actual,304063
Freight,EXP,North,Snacks,Quick Commerce,2025-06,Actual,89430
Other_Opex,EXP,North,Snacks,Quick Commerce,2025-06,Actual,125202
Gross_Sales,INC,North,Snacks,Quick Commerce,2025-07,Actual,3494004
COGS,EXP,North,Snacks,Quick Commerce,2025-07,Actual,1467482
Marketing,EXP,North,Snacks,Quick Commerce,2025-07,Actual,209640
Distribution,EXP,North,Snacks,Quick Commerce,2025-07,Actual,157230
Salary,EXP,North,Snacks,Quick Commerce,2025-07,Actual,296990
Freight,EXP,North,Snacks,Quick Commerce,2025-07,Actual,87350
Other_Opex,EXP,North,Snacks,Quick Commerce,2025-07,Actual,122290
Gross_Sales,INC,North,Snacks,Quick Commerce,2025-08,Actual,3800666
COGS,EXP,North,Snacks,Quick Commerce,2025-08,Actual,1596280
Marketing,EXP,North,Snacks,Quick Commerce,2025-08,Actual,228040
Distribution,EXP,North,Snacks,Quick Commerce,2025-08,Actual,171030
Salary,EXP,North,Snacks,Quick Commerce,2025-08,Actual,323057
Freight,EXP,North,Snacks,Quick Commerce,2025-08,Actual,95017
Other_Opex,EXP,North,Snacks,Quick Commerce,2025-08,Actual,133023
Gross_Sales,INC,North,Snacks,Quick Commerce,2025-09,Actual,4202407
COGS,EXP,North,Snacks,Quick Commerce,2025-09,Actual,1765011
Marketing,EXP,North,Snacks,Quick Commerce,2025-09,Actual,252144
Distribution,EXP,North,Snacks,Quick Commerce,2025-09,Actual,189108
Salary,EXP,North,Snacks,Quick Commerce,2025-09,Actual,357205
Freight,EXP,North,Snacks,Quick Commerce,2025-09,Actual,105060
Other_Opex,EXP,North,Snacks,Quick Commerce,2025-09,Actual,147084
Gross_Sales,INC,North,Snacks,Quick Commerce,2025-10,Actual,5101152
COGS,EXP,North,Snacks,Quick Commerce,2025-10,Actual,2142484
Marketing,EXP,North,Snacks,Quick Commerce,2025-10,Actual,306069
Distribution,EXP,North,Snacks,Quick Commerce,2025-10,Actual,229552
Salary,EXP,North,Snacks,Quick Commerce,2025-10,Actual,433598
Freight,EXP,North,Snacks,Quick Commerce,2025-10,Actual,127529
Other_Opex,EXP,North,Snacks,Quick Commerce,2025-10,Actual,178540
Gross_Sales,INC,North,Snacks,Quick Commerce,2025-11,Actual,6102673
COGS,EXP,North,Snacks,Quick Commerce,2025-11,Actual,2563123
Marketing,EXP,North,Snacks,Quick Commerce,2025-11,Actual,366160
Distribution,EXP,North,Snacks,Quick Commerce,2025-11,Actual,274620
Salary,EXP,North,Snacks,Quick Commerce,2025-11,Actual,518727
Freight,EXP,North,Snacks,Quick Commerce,2025-11,Actual,152567
Other_Opex,EXP,North,Snacks,Quick Commerce,2025-11,Actual,213594
Gross_Sales,INC,North,Snacks,Quick Commerce,2025-12,Actual,4400011
COGS,EXP,North,Snacks,Quick Commerce,2025-12,Actual,1848005
Marketing,EXP,North,Snacks,Quick Commerce,2025-12,Actual,264001
Distribution,EXP,North,Snacks,Quick Commerce,2025-12,Actual,198000
Salary,EXP,North,Snacks,Quick Commerce,2025-12,Actual,374001
Freight,EXP,North,Snacks,Quick Commerce,2025-12,Actual,110000
Other_Opex,EXP,North,Snacks,Quick Commerce,2025-12,Actual,154000
Gross_Sales,INC,North,Snacks,Quick Commerce,2026-01,Actual,3864080
COGS,EXP,North,Snacks,Quick Commerce,2026-01,Actual,1622914
Marketing,EXP,North,Snacks,Quick Commerce,2026-01,Actual,231845
Distribution,EXP,North,Snacks,Quick Commerce,2026-01,Actual,173884
Salary,EXP,North,Snacks,Quick Commerce,2026-01,Actual,328447
Freight,EXP,North,Snacks,Quick Commerce,2026-01,Actual,96602
Other_Opex,EXP,North,Snacks,Quick Commerce,2026-01,Actual,135243
Gross_Sales,INC,North,Snacks,Quick Commerce,2026-02,Actual,4159745
COGS,EXP,North,Snacks,Quick Commerce,2026-02,Actual,1747093
Marketing,EXP,North,Snacks,Quick Commerce,2026-02,Actual,249585
Distribution,EXP,North,Snacks,Quick Commerce,2026-02,Actual,187189
Salary,EXP,North,Snacks,Quick Commerce,2026-02,Actual,353578
Freight,EXP,North,Snacks,Quick Commerce,2026-02,Actual,103994
Other_Opex,EXP,North,Snacks,Quick Commerce,2026-02,Actual,145591
Gross_Sales,INC,North,Snacks,Quick Commerce,2026-03,Actual,4421071
COGS,EXP,North,Snacks,Quick Commerce,2026-03,Actual,1856850
Marketing,EXP,North,Snacks,Quick Commerce,2026-03,Actual,265264
Distribution,EXP,North,Snacks,Quick Commerce,2026-03,Actual,198948
Salary,EXP,North,Snacks,Quick Commerce,2026-03,Actual,375791
Freight,EXP,North,Snacks,Quick Commerce,2026-03,Actual,110527
Other_Opex,EXP,North,Snacks,Quick Commerce,2026-03,Actual,154737
Gross_Sales,INC,South,Beverages,E-Commerce,2025-04,Actual,8064636
COGS,EXP,South,Beverages,E-Commerce,2025-04,Actual,3387147
Marketing,EXP,South,Beverages,E-Commerce,2025-04,Actual,483878
Distribution,EXP,South,Beverages,E-Commerce,2025-04,Actual,362909
Salary,EXP,South,Beverages,E-Commerce,2025-04,Actual,685494
Freight,EXP,South,Beverages,E-Commerce,2025-04,Actual,201616
Other_Opex,EXP,South,Beverages,E-Commerce,2025-04,Actual,282262
Gross_Sales,INC,South,Beverages,E-Commerce,2025-05,Actual,8580127
COGS,EXP,South,Beverages,E-Commerce,2025-05,Actual,3603653
Marketing,EXP,South,Beverages,E-Commerce,2025-05,Actual,514808
Distribution,EXP,South,Beverages,E-Commerce,2025-05,Actual,386106
Salary,EXP,South,Beverages,E-Commerce,2025-05,Actual,729311
Freight,EXP,South,Beverages,E-Commerce,2025-05,Actual,214503
Other_Opex,EXP,South,Beverages,E-Commerce,2025-05,Actual,300304
Gross_Sales,INC,South,Beverages,E-Commerce,2025-06,Actual,7510224
COGS,EXP,South,Beverages,E-Commerce,2025-06,Actual,3154294
Marketing,EXP,South,Beverages,E-Commerce,2025-06,Actual,450613
Distribution,EXP,South,Beverages,E-Commerce,2025-06,Actual,337960
Salary,EXP,South,Beverages,E-Commerce,2025-06,Actual,638369
Freight,EXP,South,Beverages,E-Commerce,2025-06,Actual,187756
Other_Opex,EXP,South,Beverages,E-Commerce,2025-06,Actual,262858
Gross_Sales,INC,South,Beverages,E-Commerce,2025-07,Actual,6792156
COGS,EXP,South,Beverages,E-Commerce,2025-07,Actual,2852706
Marketing,EXP,South,Beverages,E-Commerce,2025-07,Actual,407529
Distribution,EXP,South,Beverages,E-Commerce,2025-07,Actual,305647
Salary,EXP,South,Beverages,E-Commerce,2025-07,Actual,577333
Freight,EXP,South,Beverages,E-Commerce,2025-07,Actual,169804
Other_Opex,EXP,South,Beverages,E-Commerce,2025-07,Actual,237725
Gross_Sales,INC,South,Beverages,E-Commerce,2025-08,Actual,7388301
COGS,EXP,South,Beverages,E-Commerce,2025-08,Actual,3103086
Marketing,EXP,South,Beverages,E-Commerce,2025-08,Actual,443298
Distribution,EXP,South,Beverages,E-Commerce,2025-08,Actual,332474
Salary,EXP,South,Beverages,E-Commerce,2025-08,Actual,628006
Freight,EXP,South,Beverages,E-Commerce,2025-08,Actual,184708
Other_Opex,EXP,South,Beverages,E-Commerce,2025-08,Actual,258591
Gross_Sales,INC,South,Beverages,E-Commerce,2025-09,Actual,8169257
COGS,EXP,South,Beverages,E-Commerce,2025-09,Actual,3431088
Marketing,EXP,South,Beverages,E-Commerce,2025-09,Actual,490155
Distribution,EXP,South,Beverages,E-Commerce,2025-09,Actual,367617
Salary,EXP,South,Beverages,E-Commerce,2025-09,Actual,694387
Freight,EXP,South,Beverages,E-Commerce,2025-09,Actual,204231
Other_Opex,EXP,South,Beverages,E-Commerce,2025-09,Actual,285924
Gross_Sales,INC,South,Beverages,E-Commerce,2025-10,Actual,9916385
COGS,EXP,South,Beverages,E-Commerce,2025-10,Actual,4164882
Marketing,EXP,South,Beverages,E-Commerce,2025-10,Actual,594983
Distribution,EXP,South,Beverages,E-Commerce,2025-10,Actual,446237
Salary,EXP,South,Beverages,E-Commerce,2025-10,Actual,842893
Freight,EXP,South,Beverages,E-Commerce,2025-10,Actual,247910
Other_Opex,EXP,South,Beverages,E-Commerce,2025-10,Actual,347073
Gross_Sales,INC,South,Beverages,E-Commerce,2025-11,Actual,11863284
COGS,EXP,South,Beverages,E-Commerce,2025-11,Actual,4982579
Marketing,EXP,South,Beverages,E-Commerce,2025-11,Actual,711797
Distribution,EXP,South,Beverages,E-Commerce,2025-11,Actual,533848
Salary,EXP,South,Beverages,E-Commerce,2025-11,Actual,1008379
Freight,EXP,South,Beverages,E-Commerce,2025-11,Actual,296582
Other_Opex,EXP,South,Beverages,E-Commerce,2025-11,Actual,415215
Gross_Sales,INC,South,Beverages,E-Commerce,2025-12,Actual,8553402
COGS,EXP,South,Beverages,E-Commerce,2025-12,Actual,3592429
Marketing,EXP,South,Beverages,E-Commerce,2025-12,Actual,513204
Distribution,EXP,South,Beverages,E-Commerce,2025-12,Actual,384903
Salary,EXP,South,Beverages,E-Commerce,2025-12,Actual,727039
Freight,EXP,South,Beverages,E-Commerce,2025-12,Actual,213835
Other_Opex,EXP,South,Beverages,E-Commerce,2025-12,Actual,299369
Gross_Sales,INC,South,Beverages,E-Commerce,2026-01,Actual,7511566
COGS,EXP,South,Beverages,E-Commerce,2026-01,Actual,3154858
Marketing,EXP,South,Beverages,E-Commerce,2026-01,Actual,450694
Distribution,EXP,South,Beverages,E-Commerce,2026-01,Actual,338020
Salary,EXP,South,Beverages,E-Commerce,2026-01,Actual,638483
Freight,EXP,South,Beverages,E-Commerce,2026-01,Actual,187789
Other_Opex,EXP,South,Beverages,E-Commerce,2026-01,Actual,262905
Gross_Sales,INC,South,Beverages,E-Commerce,2026-02,Actual,8086329
COGS,EXP,South,Beverages,E-Commerce,2026-02,Actual,3396258
Marketing,EXP,South,Beverages,E-Commerce,2026-02,Actual,485180
Distribution,EXP,South,Beverages,E-Commerce,2026-02,Actual,363885
Salary,EXP,South,Beverages,E-Commerce,2026-02,Actual,687338
Freight,EXP,South,Beverages,E-Commerce,2026-02,Actual,202158
Other_Opex,EXP,South,Beverages,E-Commerce,2026-02,Actual,283022
Gross_Sales,INC,South,Beverages,E-Commerce,2026-03,Actual,8594331
COGS,EXP,South,Beverages,E-Commerce,2026-03,Actual,3609619
Marketing,EXP,South,Beverages,E-Commerce,2026-03,Actual,515660
Distribution,EXP,South,Beverages,E-Commerce,2026-03,Actual,386745
Salary,EXP,South,Beverages,E-Commerce,2026-03,Actual,730518
Freight,EXP,South,Beverages,E-Commerce,2026-03,Actual,214858
Other_Opex,EXP,South,Beverages,E-Commerce,2026-03,Actual,300802
Gross_Sales,INC,South,Beverages,General Trade,2025-04,Actual,7204681
COGS,EXP,South,Beverages,General Trade,2025-04,Actual,3025966
Marketing,EXP,South,Beverages,General Trade,2025-04,Actual,432281
Distribution,EXP,South,Beverages,General Trade,2025-04,Actual,324211
Salary,EXP,South,Beverages,General Trade,2025-04,Actual,612398
Freight,EXP,South,Beverages,General Trade,2025-04,Actual,180117
Other_Opex,EXP,South,Beverages,General Trade,2025-04,Actual,252164
Gross_Sales,INC,South,Beverages,General Trade,2025-05,Actual,7564918
COGS,EXP,South,Beverages,General Trade,2025-05,Actual,3177266
Marketing,EXP,South,Beverages,General Trade,2025-05,Actual,453895
Distribution,EXP,South,Beverages,General Trade,2025-05,Actual,340421
Salary,EXP,South,Beverages,General Trade,2025-05,Actual,643018
Freight,EXP,South,Beverages,General Trade,2025-05,Actual,189123
Other_Opex,EXP,South,Beverages,General Trade,2025-05,Actual,264772
Gross_Sales,INC,South,Beverages,General Trade,2025-06,Actual,6051937
COGS,EXP,South,Beverages,General Trade,2025-06,Actual,2541814
Marketing,EXP,South,Beverages,General Trade,2025-06,Actual,363116
Distribution,EXP,South,Beverages,General Trade,2025-06,Actual,272337
Salary,EXP,South,Beverages,General Trade,2025-06,Actual,514415
Freight,EXP,South,Beverages,General Trade,2025-06,Actual,151298
Other_Opex,EXP,South,Beverages,General Trade,2025-06,Actual,211818
Gross_Sales,INC,South,Beverages,General Trade,2025-07,Actual,5835795
COGS,EXP,South,Beverages,General Trade,2025-07,Actual,2451034
Marketing,EXP,South,Beverages,General Trade,2025-07,Actual,350148
Distribution,EXP,South,Beverages,General Trade,2025-07,Actual,262611
Salary,EXP,South,Beverages,General Trade,2025-07,Actual,496043
Freight,EXP,South,Beverages,General Trade,2025-07,Actual,145895
Other_Opex,EXP,South,Beverages,General Trade,2025-07,Actual,204253
Gross_Sales,INC,South,Beverages,General Trade,2025-08,Actual,6268073
COGS,EXP,South,Beverages,General Trade,2025-08,Actual,2632591
Marketing,EXP,South,Beverages,General Trade,2025-08,Actual,376084
Distribution,EXP,South,Beverages,General Trade,2025-08,Actual,282063
Salary,EXP,South,Beverages,General Trade,2025-08,Actual,532786
Freight,EXP,South,Beverages,General Trade,2025-08,Actual,156702
Other_Opex,EXP,South,Beverages,General Trade,2025-08,Actual,219383
Gross_Sales,INC,South,Beverages,General Trade,2025-09,Actual,6844452
COGS,EXP,South,Beverages,General Trade,2025-09,Actual,2874670
Marketing,EXP,South,Beverages,General Trade,2025-09,Actual,410667
Distribution,EXP,South,Beverages,General Trade,2025-09,Actual,308000
Salary,EXP,South,Beverages,General Trade,2025-09,Actual,581778
Freight,EXP,South,Beverages,General Trade,2025-09,Actual,171111
Other_Opex,EXP,South,Beverages,General Trade,2025-09,Actual,239556
Gross_Sales,INC,South,Beverages,General Trade,2025-10,Actual,8206213
COGS,EXP,South,Beverages,General Trade,2025-10,Actual,3446609
Marketing,EXP,South,Beverages,General Trade,2025-10,Actual,492373
Distribution,EXP,South,Beverages,General Trade,2025-10,Actual,369280
Salary,EXP,South,Beverages,General Trade,2025-10,Actual,697528
Freight,EXP,South,Beverages,General Trade,2025-10,Actual,205155
Other_Opex,EXP,South,Beverages,General Trade,2025-10,Actual,287217
Gross_Sales,INC,South,Beverages,General Trade,2025-11,Actual,9698247
COGS,EXP,South,Beverages,General Trade,2025-11,Actual,4073264
Marketing,EXP,South,Beverages,General Trade,2025-11,Actual,581895
Distribution,EXP,South,Beverages,General Trade,2025-11,Actual,436421
Salary,EXP,South,Beverages,General Trade,2025-11,Actual,824351
Freight,EXP,South,Beverages,General Trade,2025-11,Actual,242456
Other_Opex,EXP,South,Beverages,General Trade,2025-11,Actual,339439
Gross_Sales,INC,South,Beverages,General Trade,2025-12,Actual,8069243
COGS,EXP,South,Beverages,General Trade,2025-12,Actual,3389082
Marketing,EXP,South,Beverages,General Trade,2025-12,Actual,484155
Distribution,EXP,South,Beverages,General Trade,2025-12,Actual,363116
Salary,EXP,South,Beverages,General Trade,2025-12,Actual,685886
Freight,EXP,South,Beverages,General Trade,2025-12,Actual,201731
Other_Opex,EXP,South,Beverages,General Trade,2025-12,Actual,282424
Gross_Sales,INC,South,Beverages,General Trade,2026-01,Actual,6988542
COGS,EXP,South,Beverages,General Trade,2026-01,Actual,2935188
Marketing,EXP,South,Beverages,General Trade,2026-01,Actual,419313
Distribution,EXP,South,Beverages,General Trade,2026-01,Actual,314484
Salary,EXP,South,Beverages,General Trade,2026-01,Actual,594026
Freight,EXP,South,Beverages,General Trade,2026-01,Actual,174714
Other_Opex,EXP,South,Beverages,General Trade,2026-01,Actual,244599
Gross_Sales,INC,South,Beverages,General Trade,2026-02,Actual,7420820
COGS,EXP,South,Beverages,General Trade,2026-02,Actual,3116744
Marketing,EXP,South,Beverages,General Trade,2026-02,Actual,445249
Distribution,EXP,South,Beverages,General Trade,2026-02,Actual,333937
Salary,EXP,South,Beverages,General Trade,2026-02,Actual,630770
Freight,EXP,South,Beverages,General Trade,2026-02,Actual,185520
Other_Opex,EXP,South,Beverages,General Trade,2026-02,Actual,259729
Gross_Sales,INC,South,Beverages,General Trade,2026-03,Actual,7781059
COGS,EXP,South,Beverages,General Trade,2026-03,Actual,3268045
Marketing,EXP,South,Beverages,General Trade,2026-03,Actual,466864
Distribution,EXP,South,Beverages,General Trade,2026-03,Actual,350148
Salary,EXP,South,Beverages,General Trade,2026-03,Actual,661390
Freight,EXP,South,Beverages,General Trade,2026-03,Actual,194526
Other_Opex,EXP,South,Beverages,General Trade,2026-03,Actual,272337
Gross_Sales,INC,South,Beverages,Modern Trade,2025-04,Actual,8213341
COGS,EXP,South,Beverages,Modern Trade,2025-04,Actual,3449603
Marketing,EXP,South,Beverages,Modern Trade,2025-04,Actual,492800
Distribution,EXP,South,Beverages,Modern Trade,2025-04,Actual,369600
Salary,EXP,South,Beverages,Modern Trade,2025-04,Actual,698134
Freight,EXP,South,Beverages,Modern Trade,2025-04,Actual,205334
Other_Opex,EXP,South,Beverages,Modern Trade,2025-04,Actual,287467
Gross_Sales,INC,South,Beverages,Modern Trade,2025-05,Actual,8624004
COGS,EXP,South,Beverages,Modern Trade,2025-05,Actual,3622082
Marketing,EXP,South,Beverages,Modern Trade,2025-05,Actual,517440
Distribution,EXP,South,Beverages,Modern Trade,2025-05,Actual,388080
Salary,EXP,South,Beverages,Modern Trade,2025-05,Actual,733040
Freight,EXP,South,Beverages,Modern Trade,2025-05,Actual,215600
Other_Opex,EXP,South,Beverages,Modern Trade,2025-05,Actual,301840
Gross_Sales,INC,South,Beverages,Modern Trade,2025-06,Actual,6899209
COGS,EXP,South,Beverages,Modern Trade,2025-06,Actual,2897668
Marketing,EXP,South,Beverages,Modern Trade,2025-06,Actual,413953
Distribution,EXP,South,Beverages,Modern Trade,2025-06,Actual,310464
Salary,EXP,South,Beverages,Modern Trade,2025-06,Actual,586433
Freight,EXP,South,Beverages,Modern Trade,2025-06,Actual,172480
Other_Opex,EXP,South,Beverages,Modern Trade,2025-06,Actual,241472
Gross_Sales,INC,South,Beverages,Modern Trade,2025-07,Actual,6652805
COGS,EXP,South,Beverages,Modern Trade,2025-07,Actual,2794178
Marketing,EXP,South,Beverages,Modern Trade,2025-07,Actual,399168
Distribution,EXP,South,Beverages,Modern Trade,2025-07,Actual,299376
Salary,EXP,South,Beverages,Modern Trade,2025-07,Actual,565488
Freight,EXP,South,Beverages,Modern Trade,2025-07,Actual,166320
Other_Opex,EXP,South,Beverages,Modern Trade,2025-07,Actual,232848
Gross_Sales,INC,South,Beverages,Modern Trade,2025-08,Actual,7145609
COGS,EXP,South,Beverages,Modern Trade,2025-08,Actual,3001156
Marketing,EXP,South,Beverages,Modern Trade,2025-08,Actual,428737
Distribution,EXP,South,Beverages,Modern Trade,2025-08,Actual,321552
Salary,EXP,South,Beverages,Modern Trade,2025-08,Actual,607377
Freight,EXP,South,Beverages,Modern Trade,2025-08,Actual,178640
Other_Opex,EXP,South,Beverages,Modern Trade,2025-08,Actual,250096
Gross_Sales,INC,South,Beverages,Modern Trade,2025-09,Actual,7802670
COGS,EXP,South,Beverages,Modern Trade,2025-09,Actual,3277121
Marketing,EXP,South,Beverages,Modern Trade,2025-09,Actual,468160
Distribution,EXP,South,Beverages,Modern Trade,2025-09,Actual,351120
Salary,EXP,South,Beverages,Modern Trade,2025-09,Actual,663227
Freight,EXP,South,Beverages,Modern Trade,2025-09,Actual,195067
Other_Opex,EXP,South,Beverages,Modern Trade,2025-09,Actual,273093
Gross_Sales,INC,South,Beverages,Modern Trade,2025-10,Actual,9355080
COGS,EXP,South,Beverages,Modern Trade,2025-10,Actual,3929134
Marketing,EXP,South,Beverages,Modern Trade,2025-10,Actual,561305
Distribution,EXP,South,Beverages,Modern Trade,2025-10,Actual,420979
Salary,EXP,South,Beverages,Modern Trade,2025-10,Actual,795182
Freight,EXP,South,Beverages,Modern Trade,2025-10,Actual,233877
Other_Opex,EXP,South,Beverages,Modern Trade,2025-10,Actual,327428
Gross_Sales,INC,South,Beverages,Modern Trade,2025-11,Actual,11056002
COGS,EXP,South,Beverages,Modern Trade,2025-11,Actual,4643521
Marketing,EXP,South,Beverages,Modern Trade,2025-11,Actual,663360
Distribution,EXP,South,Beverages,Modern Trade,2025-11,Actual,497520
Salary,EXP,South,Beverages,Modern Trade,2025-11,Actual,939760
Freight,EXP,South,Beverages,Modern Trade,2025-11,Actual,276400
Other_Opex,EXP,South,Beverages,Modern Trade,2025-11,Actual,386960
Gross_Sales,INC,South,Beverages,Modern Trade,2025-12,Actual,9198942
COGS,EXP,South,Beverages,Modern Trade,2025-12,Actual,3863556
Marketing,EXP,South,Beverages,Modern Trade,2025-12,Actual,551937
Distribution,EXP,South,Beverages,Modern Trade,2025-12,Actual,413952
Salary,EXP,South,Beverages,Modern Trade,2025-12,Actual,781910
Freight,EXP,South,Beverages,Modern Trade,2025-12,Actual,229974
Other_Opex,EXP,South,Beverages,Modern Trade,2025-12,Actual,321963
Gross_Sales,INC,South,Beverages,Modern Trade,2026-01,Actual,7966938
COGS,EXP,South,Beverages,Modern Trade,2026-01,Actual,3346114
Marketing,EXP,South,Beverages,Modern Trade,2026-01,Actual,478016
Distribution,EXP,South,Beverages,Modern Trade,2026-01,Actual,358512
Salary,EXP,South,Beverages,Modern Trade,2026-01,Actual,677190
Freight,EXP,South,Beverages,Modern Trade,2026-01,Actual,199173
Other_Opex,EXP,South,Beverages,Modern Trade,2026-01,Actual,278843
Gross_Sales,INC,South,Beverages,Modern Trade,2026-02,Actual,8459737
COGS,EXP,South,Beverages,Modern Trade,2026-02,Actual,3553090
Marketing,EXP,South,Beverages,Modern Trade,2026-02,Actual,507584
Distribution,EXP,South,Beverages,Modern Trade,2026-02,Actual,380688
Salary,EXP,South,Beverages,Modern Trade,2026-02,Actual,719078
Freight,EXP,South,Beverages,Modern Trade,2026-02,Actual,211493
Other_Opex,EXP,South,Beverages,Modern Trade,2026-02,Actual,296091
Gross_Sales,INC,South,Beverages,Modern Trade,2026-03,Actual,8870401
COGS,EXP,South,Beverages,Modern Trade,2026-03,Actual,3725568
Marketing,EXP,South,Beverages,Modern Trade,2026-03,Actual,532224
Distribution,EXP,South,Beverages,Modern Trade,2026-03,Actual,399168
Salary,EXP,South,Beverages,Modern Trade,2026-03,Actual,753984
Freight,EXP,South,Beverages,Modern Trade,2026-03,Actual,221760
Other_Opex,EXP,South,Beverages,Modern Trade,2026-03,Actual,310464
Gross_Sales,INC,South,Beverages,Quick Commerce,2025-04,Actual,6999495
COGS,EXP,South,Beverages,Quick Commerce,2025-04,Actual,2939788
Marketing,EXP,South,Beverages,Quick Commerce,2025-04,Actual,419970
Distribution,EXP,South,Beverages,Quick Commerce,2025-04,Actual,314977
Salary,EXP,South,Beverages,Quick Commerce,2025-04,Actual,594957
Freight,EXP,South,Beverages,Quick Commerce,2025-04,Actual,174987
Other_Opex,EXP,South,Beverages,Quick Commerce,2025-04,Actual,244982
Gross_Sales,INC,South,Beverages,Quick Commerce,2025-05,Actual,7446905
COGS,EXP,South,Beverages,Quick Commerce,2025-05,Actual,3127700
Marketing,EXP,South,Beverages,Quick Commerce,2025-05,Actual,446814
Distribution,EXP,South,Beverages,Quick Commerce,2025-05,Actual,335111
Salary,EXP,South,Beverages,Quick Commerce,2025-05,Actual,632987
Freight,EXP,South,Beverages,Quick Commerce,2025-05,Actual,186173
Other_Opex,EXP,South,Beverages,Quick Commerce,2025-05,Actual,260642
Gross_Sales,INC,South,Beverages,Quick Commerce,2025-06,Actual,6035473
COGS,EXP,South,Beverages,Quick Commerce,2025-06,Actual,2534899
Marketing,EXP,South,Beverages,Quick Commerce,2025-06,Actual,362128
Distribution,EXP,South,Beverages,Quick Commerce,2025-06,Actual,271596
Salary,EXP,South,Beverages,Quick Commerce,2025-06,Actual,513015
Freight,EXP,South,Beverages,Quick Commerce,2025-06,Actual,150887
Other_Opex,EXP,South,Beverages,Quick Commerce,2025-06,Actual,211242
Gross_Sales,INC,South,Beverages,Quick Commerce,2025-07,Actual,5895079
COGS,EXP,South,Beverages,Quick Commerce,2025-07,Actual,2475933
Marketing,EXP,South,Beverages,Quick Commerce,2025-07,Actual,353705
Distribution,EXP,South,Beverages,Quick Commerce,2025-07,Actual,265279
Salary,EXP,South,Beverages,Quick Commerce,2025-07,Actual,501082
Freight,EXP,South,Beverages,Quick Commerce,2025-07,Actual,147377
Other_Opex,EXP,South,Beverages,Quick Commerce,2025-07,Actual,206328
Gross_Sales,INC,South,Beverages,Quick Commerce,2025-08,Actual,6412490
COGS,EXP,South,Beverages,Quick Commerce,2025-08,Actual,2693246
Marketing,EXP,South,Beverages,Quick Commerce,2025-08,Actual,384749
Distribution,EXP,South,Beverages,Quick Commerce,2025-08,Actual,288562
Salary,EXP,South,Beverages,Quick Commerce,2025-08,Actual,545062
Freight,EXP,South,Beverages,Quick Commerce,2025-08,Actual,160312
Other_Opex,EXP,South,Beverages,Quick Commerce,2025-08,Actual,224437
Gross_Sales,INC,South,Beverages,Quick Commerce,2025-09,Actual,7090301
COGS,EXP,South,Beverages,Quick Commerce,2025-09,Actual,2977926
Marketing,EXP,South,Beverages,Quick Commerce,2025-09,Actual,425418
Distribution,EXP,South,Beverages,Quick Commerce,2025-09,Actual,319064
Salary,EXP,South,Beverages,Quick Commerce,2025-09,Actual,602676
Freight,EXP,South,Beverages,Quick Commerce,2025-09,Actual,177258
Other_Opex,EXP,South,Beverages,Quick Commerce,2025-09,Actual,248161
Gross_Sales,INC,South,Beverages,Quick Commerce,2025-10,Actual,8606670
COGS,EXP,South,Beverages,Quick Commerce,2025-10,Actual,3614801
Marketing,EXP,South,Beverages,Quick Commerce,2025-10,Actual,516400
Distribution,EXP,South,Beverages,Quick Commerce,2025-10,Actual,387300
Salary,EXP,South,Beverages,Quick Commerce,2025-10,Actual,731567
Freight,EXP,South,Beverages,Quick Commerce,2025-10,Actual,215167
Other_Opex,EXP,South,Beverages,Quick Commerce,2025-10,Actual,301233
Gross_Sales,INC,South,Beverages,Quick Commerce,2025-11,Actual,10296436
COGS,EXP,South,Beverages,Quick Commerce,2025-11,Actual,4324503
Marketing,EXP,South,Beverages,Quick Commerce,2025-11,Actual,617786
Distribution,EXP,South,Beverages,Quick Commerce,2025-11,Actual,463340
Salary,EXP,South,Beverages,Quick Commerce,2025-11,Actual,875197
Freight,EXP,South,Beverages,Quick Commerce,2025-11,Actual,257411
Other_Opex,EXP,South,Beverages,Quick Commerce,2025-11,Actual,360375
Gross_Sales,INC,South,Beverages,Quick Commerce,2025-12,Actual,7423709
COGS,EXP,South,Beverages,Quick Commerce,2025-12,Actual,3117958
Marketing,EXP,South,Beverages,Quick Commerce,2025-12,Actual,445423
Distribution,EXP,South,Beverages,Quick Commerce,2025-12,Actual,334067
Salary,EXP,South,Beverages,Quick Commerce,2025-12,Actual,631015
Freight,EXP,South,Beverages,Quick Commerce,2025-12,Actual,185593
Other_Opex,EXP,South,Beverages,Quick Commerce,2025-12,Actual,259830
Gross_Sales,INC,South,Beverages,Quick Commerce,2026-01,Actual,6519470
COGS,EXP,South,Beverages,Quick Commerce,2026-01,Actual,2738177
Marketing,EXP,South,Beverages,Quick Commerce,2026-01,Actual,391168
Distribution,EXP,South,Beverages,Quick Commerce,2026-01,Actual,293376
Salary,EXP,South,Beverages,Quick Commerce,2026-01,Actual,554155
Freight,EXP,South,Beverages,Quick Commerce,2026-01,Actual,162987
Other_Opex,EXP,South,Beverages,Quick Commerce,2026-01,Actual,228181
Gross_Sales,INC,South,Beverages,Quick Commerce,2026-02,Actual,7018316
COGS,EXP,South,Beverages,Quick Commerce,2026-02,Actual,2947693
Marketing,EXP,South,Beverages,Quick Commerce,2026-02,Actual,421099
Distribution,EXP,South,Beverages,Quick Commerce,2026-02,Actual,315824
Salary,EXP,South,Beverages,Quick Commerce,2026-02,Actual,596557
Freight,EXP,South,Beverages,Quick Commerce,2026-02,Actual,175458
Other_Opex,EXP,South,Beverages,Quick Commerce,2026-02,Actual,245641
Gross_Sales,INC,South,Beverages,Quick Commerce,2026-03,Actual,7459234
COGS,EXP,South,Beverages,Quick Commerce,2026-03,Actual,3132878
Marketing,EXP,South,Beverages,Quick Commerce,2026-03,Actual,447554
Distribution,EXP,South,Beverages,Quick Commerce,2026-03,Actual,335666
Salary,EXP,South,Beverages,Quick Commerce,2026-03,Actual,634035
Freight,EXP,South,Beverages,Quick Commerce,2026-03,Actual,186481
Other_Opex,EXP,South,Beverages,Quick Commerce,2026-03,Actual,261073
Gross_Sales,INC,South,Personal Care,E-Commerce,2025-04,Actual,4141298
COGS,EXP,South,Personal Care,E-Commerce,2025-04,Actual,1739345
Marketing,EXP,South,Personal Care,E-Commerce,2025-04,Actual,248478
Distribution,EXP,South,Personal Care,E-Commerce,2025-04,Actual,186358
Salary,EXP,South,Personal Care,E-Commerce,2025-04,Actual,352010
Freight,EXP,South,Personal Care,E-Commerce,2025-04,Actual,103532
Other_Opex,EXP,South,Personal Care,E-Commerce,2025-04,Actual,144945
Gross_Sales,INC,South,Personal Care,E-Commerce,2025-05,Actual,4406014
COGS,EXP,South,Personal Care,E-Commerce,2025-05,Actual,1850526
Marketing,EXP,South,Personal Care,E-Commerce,2025-05,Actual,264361
Distribution,EXP,South,Personal Care,E-Commerce,2025-05,Actual,198271
Salary,EXP,South,Personal Care,E-Commerce,2025-05,Actual,374511
Freight,EXP,South,Personal Care,E-Commerce,2025-05,Actual,110150
Other_Opex,EXP,South,Personal Care,E-Commerce,2025-05,Actual,154210
Gross_Sales,INC,South,Personal Care,E-Commerce,2025-06,Actual,3856594
COGS,EXP,South,Personal Care,E-Commerce,2025-06,Actual,1619769
Marketing,EXP,South,Personal Care,E-Commerce,2025-06,Actual,231396
Distribution,EXP,South,Personal Care,E-Commerce,2025-06,Actual,173547
Salary,EXP,South,Personal Care,E-Commerce,2025-06,Actual,327810
Freight,EXP,South,Personal Care,E-Commerce,2025-06,Actual,96415
Other_Opex,EXP,South,Personal Care,E-Commerce,2025-06,Actual,134981
Gross_Sales,INC,South,Personal Care,E-Commerce,2025-07,Actual,3487865
COGS,EXP,South,Personal Care,E-Commerce,2025-07,Actual,1464903
Marketing,EXP,South,Personal Care,E-Commerce,2025-07,Actual,209272
Distribution,EXP,South,Personal Care,E-Commerce,2025-07,Actual,156954
Salary,EXP,South,Personal Care,E-Commerce,2025-07,Actual,296469
Freight,EXP,South,Personal Care,E-Commerce,2025-07,Actual,87197
Other_Opex,EXP,South,Personal Care,E-Commerce,2025-07,Actual,122075
Gross_Sales,INC,South,Personal Care,E-Commerce,2025-08,Actual,3793993
COGS,EXP,South,Personal Care,E-Commerce,2025-08,Actual,1593477
Marketing,EXP,South,Personal Care,E-Commerce,2025-08,Actual,227640
Distribution,EXP,South,Personal Care,E-Commerce,2025-08,Actual,170730
Salary,EXP,South,Personal Care,E-Commerce,2025-08,Actual,322489
Freight,EXP,South,Personal Care,E-Commerce,2025-08,Actual,94850
Other_Opex,EXP,South,Personal Care,E-Commerce,2025-08,Actual,132790
Gross_Sales,INC,South,Personal Care,E-Commerce,2025-09,Actual,4195028
COGS,EXP,South,Personal Care,E-Commerce,2025-09,Actual,1761912
Marketing,EXP,South,Personal Care,E-Commerce,2025-09,Actual,251702
Distribution,EXP,South,Personal Care,E-Commerce,2025-09,Actual,188776
Salary,EXP,South,Personal Care,E-Commerce,2025-09,Actual,356577
Freight,EXP,South,Personal Care,E-Commerce,2025-09,Actual,104876
Other_Opex,EXP,South,Personal Care,E-Commerce,2025-09,Actual,146826
Gross_Sales,INC,South,Personal Care,E-Commerce,2025-10,Actual,5092198
COGS,EXP,South,Personal Care,E-Commerce,2025-10,Actual,2138723
Marketing,EXP,South,Personal Care,E-Commerce,2025-10,Actual,305532
Distribution,EXP,South,Personal Care,E-Commerce,2025-10,Actual,229149
Salary,EXP,South,Personal Care,E-Commerce,2025-10,Actual,432837
Freight,EXP,South,Personal Care,E-Commerce,2025-10,Actual,127305
Other_Opex,EXP,South,Personal Care,E-Commerce,2025-10,Actual,178227
Gross_Sales,INC,South,Personal Care,E-Commerce,2025-11,Actual,6091951
COGS,EXP,South,Personal Care,E-Commerce,2025-11,Actual,2558619
Marketing,EXP,South,Personal Care,E-Commerce,2025-11,Actual,365517
Distribution,EXP,South,Personal Care,E-Commerce,2025-11,Actual,274138
Salary,EXP,South,Personal Care,E-Commerce,2025-11,Actual,517816
Freight,EXP,South,Personal Care,E-Commerce,2025-11,Actual,152299
Other_Opex,EXP,South,Personal Care,E-Commerce,2025-11,Actual,213218
Gross_Sales,INC,South,Personal Care,E-Commerce,2025-12,Actual,4392288
COGS,EXP,South,Personal Care,E-Commerce,2025-12,Actual,1844761
Marketing,EXP,South,Personal Care,E-Commerce,2025-12,Actual,263537
Distribution,EXP,South,Personal Care,E-Commerce,2025-12,Actual,197653
Salary,EXP,South,Personal Care,E-Commerce,2025-12,Actual,373344
Freight,EXP,South,Personal Care,E-Commerce,2025-12,Actual,109807
Other_Opex,EXP,South,Personal Care,E-Commerce,2025-12,Actual,153730
Gross_Sales,INC,South,Personal Care,E-Commerce,2026-01,Actual,3857290
COGS,EXP,South,Personal Care,E-Commerce,2026-01,Actual,1620062
Marketing,EXP,South,Personal Care,E-Commerce,2026-01,Actual,231437
Distribution,EXP,South,Personal Care,E-Commerce,2026-01,Actual,173578
Salary,EXP,South,Personal Care,E-Commerce,2026-01,Actual,327870
Freight,EXP,South,Personal Care,E-Commerce,2026-01,Actual,96432
Other_Opex,EXP,South,Personal Care,E-Commerce,2026-01,Actual,135005
Gross_Sales,INC,South,Personal Care,E-Commerce,2026-02,Actual,4152431
COGS,EXP,South,Personal Care,E-Commerce,2026-02,Actual,1744021
Marketing,EXP,South,Personal Care,E-Commerce,2026-02,Actual,249146
Distribution,EXP,South,Personal Care,E-Commerce,2026-02,Actual,186859
Salary,EXP,South,Personal Care,E-Commerce,2026-02,Actual,352957
Freight,EXP,South,Personal Care,E-Commerce,2026-02,Actual,103811
Other_Opex,EXP,South,Personal Care,E-Commerce,2026-02,Actual,145335
Gross_Sales,INC,South,Personal Care,E-Commerce,2026-03,Actual,4413306
COGS,EXP,South,Personal Care,E-Commerce,2026-03,Actual,1853589
Marketing,EXP,South,Personal Care,E-Commerce,2026-03,Actual,264798
Distribution,EXP,South,Personal Care,E-Commerce,2026-03,Actual,198599
Salary,EXP,South,Personal Care,E-Commerce,2026-03,Actual,375131
Freight,EXP,South,Personal Care,E-Commerce,2026-03,Actual,110333
Other_Opex,EXP,South,Personal Care,E-Commerce,2026-03,Actual,154466
Gross_Sales,INC,South,Personal Care,General Trade,2025-04,Actual,3699707
COGS,EXP,South,Personal Care,General Trade,2025-04,Actual,1553877
Marketing,EXP,South,Personal Care,General Trade,2025-04,Actual,221982
Distribution,EXP,South,Personal Care,General Trade,2025-04,Actual,166487
Salary,EXP,South,Personal Care,General Trade,2025-04,Actual,314475
Freight,EXP,South,Personal Care,General Trade,2025-04,Actual,92493
Other_Opex,EXP,South,Personal Care,General Trade,2025-04,Actual,129490
Gross_Sales,INC,South,Personal Care,General Trade,2025-05,Actual,3884682
COGS,EXP,South,Personal Care,General Trade,2025-05,Actual,1631566
Marketing,EXP,South,Personal Care,General Trade,2025-05,Actual,233081
Distribution,EXP,South,Personal Care,General Trade,2025-05,Actual,174811
Salary,EXP,South,Personal Care,General Trade,2025-05,Actual,330198
Freight,EXP,South,Personal Care,General Trade,2025-05,Actual,97117
Other_Opex,EXP,South,Personal Care,General Trade,2025-05,Actual,135964
Gross_Sales,INC,South,Personal Care,General Trade,2025-06,Actual,3107751
COGS,EXP,South,Personal Care,General Trade,2025-06,Actual,1305255
Marketing,EXP,South,Personal Care,General Trade,2025-06,Actual,186465
Distribution,EXP,South,Personal Care,General Trade,2025-06,Actual,139849
Salary,EXP,South,Personal Care,General Trade,2025-06,Actual,264159
Freight,EXP,South,Personal Care,General Trade,2025-06,Actual,77694
Other_Opex,EXP,South,Personal Care,General Trade,2025-06,Actual,108771
Gross_Sales,INC,South,Personal Care,General Trade,2025-07,Actual,2996760
COGS,EXP,South,Personal Care,General Trade,2025-07,Actual,1258639
Marketing,EXP,South,Personal Care,General Trade,2025-07,Actual,179806
Distribution,EXP,South,Personal Care,General Trade,2025-07,Actual,134854
Salary,EXP,South,Personal Care,General Trade,2025-07,Actual,254725
Freight,EXP,South,Personal Care,General Trade,2025-07,Actual,74919
Other_Opex,EXP,South,Personal Care,General Trade,2025-07,Actual,104887
Gross_Sales,INC,South,Personal Care,General Trade,2025-08,Actual,3218739
COGS,EXP,South,Personal Care,General Trade,2025-08,Actual,1351870
Marketing,EXP,South,Personal Care,General Trade,2025-08,Actual,193124
Distribution,EXP,South,Personal Care,General Trade,2025-08,Actual,144843
Salary,EXP,South,Personal Care,General Trade,2025-08,Actual,273593
Freight,EXP,South,Personal Care,General Trade,2025-08,Actual,80468
Other_Opex,EXP,South,Personal Care,General Trade,2025-08,Actual,112656
Gross_Sales,INC,South,Personal Care,General Trade,2025-09,Actual,3514716
COGS,EXP,South,Personal Care,General Trade,2025-09,Actual,1476181
Marketing,EXP,South,Personal Care,General Trade,2025-09,Actual,210883
Distribution,EXP,South,Personal Care,General Trade,2025-09,Actual,158162
Salary,EXP,South,Personal Care,General Trade,2025-09,Actual,298751
Freight,EXP,South,Personal Care,General Trade,2025-09,Actual,87868
Other_Opex,EXP,South,Personal Care,General Trade,2025-09,Actual,123015
Gross_Sales,INC,South,Personal Care,General Trade,2025-10,Actual,4214004
COGS,EXP,South,Personal Care,General Trade,2025-10,Actual,1769882
Marketing,EXP,South,Personal Care,General Trade,2025-10,Actual,252840
Distribution,EXP,South,Personal Care,General Trade,2025-10,Actual,189630
Salary,EXP,South,Personal Care,General Trade,2025-10,Actual,358190
Freight,EXP,South,Personal Care,General Trade,2025-10,Actual,105350
Other_Opex,EXP,South,Personal Care,General Trade,2025-10,Actual,147490
Gross_Sales,INC,South,Personal Care,General Trade,2025-11,Actual,4980181
COGS,EXP,South,Personal Care,General Trade,2025-11,Actual,2091676
Marketing,EXP,South,Personal Care,General Trade,2025-11,Actual,298811
Distribution,EXP,South,Personal Care,General Trade,2025-11,Actual,224108
Salary,EXP,South,Personal Care,General Trade,2025-11,Actual,423315
Freight,EXP,South,Personal Care,General Trade,2025-11,Actual,124505
Other_Opex,EXP,South,Personal Care,General Trade,2025-11,Actual,174306
Gross_Sales,INC,South,Personal Care,General Trade,2025-12,Actual,4143669
COGS,EXP,South,Personal Care,General Trade,2025-12,Actual,1740341
Marketing,EXP,South,Personal Care,General Trade,2025-12,Actual,248620
Distribution,EXP,South,Personal Care,General Trade,2025-12,Actual,186465
Salary,EXP,South,Personal Care,General Trade,2025-12,Actual,352212
Freight,EXP,South,Personal Care,General Trade,2025-12,Actual,103592
Other_Opex,EXP,South,Personal Care,General Trade,2025-12,Actual,145028
Gross_Sales,INC,South,Personal Care,General Trade,2026-01,Actual,3588711
COGS,EXP,South,Personal Care,General Trade,2026-01,Actual,1507259
Marketing,EXP,South,Personal Care,General Trade,2026-01,Actual,215323
Distribution,EXP,South,Personal Care,General Trade,2026-01,Actual,161492
Salary,EXP,South,Personal Care,General Trade,2026-01,Actual,305040
Freight,EXP,South,Personal Care,General Trade,2026-01,Actual,89718
Other_Opex,EXP,South,Personal Care,General Trade,2026-01,Actual,125605
Gross_Sales,INC,South,Personal Care,General Trade,2026-02,Actual,3810698
COGS,EXP,South,Personal Care,General Trade,2026-02,Actual,1600493
Marketing,EXP,South,Personal Care,General Trade,2026-02,Actual,228642
Distribution,EXP,South,Personal Care,General Trade,2026-02,Actual,171481
Salary,EXP,South,Personal Care,General Trade,2026-02,Actual,323909
Freight,EXP,South,Personal Care,General Trade,2026-02,Actual,95267
Other_Opex,EXP,South,Personal Care,General Trade,2026-02,Actual,133374
Gross_Sales,INC,South,Personal Care,General Trade,2026-03,Actual,3995676
COGS,EXP,South,Personal Care,General Trade,2026-03,Actual,1678184
Marketing,EXP,South,Personal Care,General Trade,2026-03,Actual,239741
Distribution,EXP,South,Personal Care,General Trade,2026-03,Actual,179805
Salary,EXP,South,Personal Care,General Trade,2026-03,Actual,339632
Freight,EXP,South,Personal Care,General Trade,2026-03,Actual,99892
Other_Opex,EXP,South,Personal Care,General Trade,2026-03,Actual,139849
Gross_Sales,INC,South,Personal Care,Modern Trade,2025-04,Actual,4217660
COGS,EXP,South,Personal Care,Modern Trade,2025-04,Actual,1771417
Marketing,EXP,South,Personal Care,Modern Trade,2025-04,Actual,253060
Distribution,EXP,South,Personal Care,Modern Trade,2025-04,Actual,189795
Salary,EXP,South,Personal Care,Modern Trade,2025-04,Actual,358501
Freight,EXP,South,Personal Care,Modern Trade,2025-04,Actual,105442
Other_Opex,EXP,South,Personal Care,Modern Trade,2025-04,Actual,147618
Gross_Sales,INC,South,Personal Care,Modern Trade,2025-05,Actual,4428543
COGS,EXP,South,Personal Care,Modern Trade,2025-05,Actual,1859988
Marketing,EXP,South,Personal Care,Modern Trade,2025-05,Actual,265713
Distribution,EXP,South,Personal Care,Modern Trade,2025-05,Actual,199284
Salary,EXP,South,Personal Care,Modern Trade,2025-05,Actual,376426
Freight,EXP,South,Personal Care,Modern Trade,2025-05,Actual,110714
Other_Opex,EXP,South,Personal Care,Modern Trade,2025-05,Actual,154999
Gross_Sales,INC,South,Personal Care,Modern Trade,2025-06,Actual,3542836
COGS,EXP,South,Personal Care,Modern Trade,2025-06,Actual,1487991
Marketing,EXP,South,Personal Care,Modern Trade,2025-06,Actual,212570
Distribution,EXP,South,Personal Care,Modern Trade,2025-06,Actual,159428
Salary,EXP,South,Personal Care,Modern Trade,2025-06,Actual,301141
Freight,EXP,South,Personal Care,Modern Trade,2025-06,Actual,88571
Other_Opex,EXP,South,Personal Care,Modern Trade,2025-06,Actual,123999
Gross_Sales,INC,South,Personal Care,Modern Trade,2025-07,Actual,3416306
COGS,EXP,South,Personal Care,Modern Trade,2025-07,Actual,1434849
Marketing,EXP,South,Personal Care,Modern Trade,2025-07,Actual,204978
Distribution,EXP,South,Personal Care,Modern Trade,2025-07,Actual,153734
Salary,EXP,South,Personal Care,Modern Trade,2025-07,Actual,290386
Freight,EXP,South,Personal Care,Modern Trade,2025-07,Actual,85408
Other_Opex,EXP,South,Personal Care,Modern Trade,2025-07,Actual,119571
Gross_Sales,INC,South,Personal Care,Modern Trade,2025-08,Actual,3669366
COGS,EXP,South,Personal Care,Modern Trade,2025-08,Actual,1541134
Marketing,EXP,South,Personal Care,Modern Trade,2025-08,Actual,220162
Distribution,EXP,South,Personal Care,Modern Trade,2025-08,Actual,165121
Salary,EXP,South,Personal Care,Modern Trade,2025-08,Actual,311896
Freight,EXP,South,Personal Care,Modern Trade,2025-08,Actual,91734
Other_Opex,EXP,South,Personal Care,Modern Trade,2025-08,Actual,128428
Gross_Sales,INC,South,Personal Care,Modern Trade,2025-09,Actual,4006774
COGS,EXP,South,Personal Care,Modern Trade,2025-09,Actual,1682845
Marketing,EXP,South,Personal Care,Modern Trade,2025-09,Actual,240406
Distribution,EXP,South,Personal Care,Modern Trade,2025-09,Actual,180305
Salary,EXP,South,Personal Care,Modern Trade,2025-09,Actual,340576
Freight,EXP,South,Personal Care,Modern Trade,2025-09,Actual,100169
Other_Opex,EXP,South,Personal Care,Modern Trade,2025-09,Actual,140237
Gross_Sales,INC,South,Personal Care,Modern Trade,2025-10,Actual,4803956
COGS,EXP,South,Personal Care,Modern Trade,2025-10,Actual,2017662
Marketing,EXP,South,Personal Care,Modern Trade,2025-10,Actual,288237
Distribution,EXP,South,Personal Care,Modern Trade,2025-10,Actual,216178
Salary,EXP,South,Personal Care,Modern Trade,2025-10,Actual,408336
Freight,EXP,South,Personal Care,Modern Trade,2025-10,Actual,120099
Other_Opex,EXP,South,Personal Care,Modern Trade,2025-10,Actual,168138
Gross_Sales,INC,South,Personal Care,Modern Trade,2025-11,Actual,5677404
COGS,EXP,South,Personal Care,Modern Trade,2025-11,Actual,2384510
Marketing,EXP,South,Personal Care,Modern Trade,2025-11,Actual,340644
Distribution,EXP,South,Personal Care,Modern Trade,2025-11,Actual,255483
Salary,EXP,South,Personal Care,Modern Trade,2025-11,Actual,482579
Freight,EXP,South,Personal Care,Modern Trade,2025-11,Actual,141935
Other_Opex,EXP,South,Personal Care,Modern Trade,2025-11,Actual,198709
Gross_Sales,INC,South,Personal Care,Modern Trade,2025-12,Actual,4723781
COGS,EXP,South,Personal Care,Modern Trade,2025-12,Actual,1983988
Marketing,EXP,South,Personal Care,Modern Trade,2025-12,Actual,283427
Distribution,EXP,South,Personal Care,Modern Trade,2025-12,Actual,212570
Salary,EXP,South,Personal Care,Modern Trade,2025-12,Actual,401521
Freight,EXP,South,Personal Care,Modern Trade,2025-12,Actual,118095
Other_Opex,EXP,South,Personal Care,Modern Trade,2025-12,Actual,165332
Gross_Sales,INC,South,Personal Care,Modern Trade,2026-01,Actual,4091130
COGS,EXP,South,Personal Care,Modern Trade,2026-01,Actual,1718275
Marketing,EXP,South,Personal Care,Modern Trade,2026-01,Actual,245468
Distribution,EXP,South,Personal Care,Modern Trade,2026-01,Actual,184101
Salary,EXP,South,Personal Care,Modern Trade,2026-01,Actual,347746
Freight,EXP,South,Personal Care,Modern Trade,2026-01,Actual,102278
Other_Opex,EXP,South,Personal Care,Modern Trade,2026-01,Actual,143190
Gross_Sales,INC,South,Personal Care,Modern Trade,2026-02,Actual,4344187
COGS,EXP,South,Personal Care,Modern Trade,2026-02,Actual,1824559
Marketing,EXP,South,Personal Care,Modern Trade,2026-02,Actual,260651
Distribution,EXP,South,Personal Care,Modern Trade,2026-02,Actual,195488
Salary,EXP,South,Personal Care,Modern Trade,2026-02,Actual,369256
Freight,EXP,South,Personal Care,Modern Trade,2026-02,Actual,108605
Other_Opex,EXP,South,Personal Care,Modern Trade,2026-02,Actual,152047
Gross_Sales,INC,South,Personal Care,Modern Trade,2026-03,Actual,4555073
COGS,EXP,South,Personal Care,Modern Trade,2026-03,Actual,1913131
Marketing,EXP,South,Personal Care,Modern Trade,2026-03,Actual,273304
Distribution,EXP,South,Personal Care,Modern Trade,2026-03,Actual,204978
Salary,EXP,South,Personal Care,Modern Trade,2026-03,Actual,387181
Freight,EXP,South,Personal Care,Modern Trade,2026-03,Actual,113877
Other_Opex,EXP,South,Personal Care,Modern Trade,2026-03,Actual,159428
Gross_Sales,INC,South,Personal Care,Quick Commerce,2025-04,Actual,3594339
COGS,EXP,South,Personal Care,Quick Commerce,2025-04,Actual,1509622
Marketing,EXP,South,Personal Care,Quick Commerce,2025-04,Actual,215660
Distribution,EXP,South,Personal Care,Quick Commerce,2025-04,Actual,161745
Salary,EXP,South,Personal Care,Quick Commerce,2025-04,Actual,305519
Freight,EXP,South,Personal Care,Quick Commerce,2025-04,Actual,89858
Other_Opex,EXP,South,Personal Care,Quick Commerce,2025-04,Actual,125802
Gross_Sales,INC,South,Personal Care,Quick Commerce,2025-05,Actual,3824083
COGS,EXP,South,Personal Care,Quick Commerce,2025-05,Actual,1606115
Marketing,EXP,South,Personal Care,Quick Commerce,2025-05,Actual,229445
Distribution,EXP,South,Personal Care,Quick Commerce,2025-05,Actual,172084
Salary,EXP,South,Personal Care,Quick Commerce,2025-05,Actual,325047
Freight,EXP,South,Personal Care,Quick Commerce,2025-05,Actual,95602
Other_Opex,EXP,South,Personal Care,Quick Commerce,2025-05,Actual,133843
Gross_Sales,INC,South,Personal Care,Quick Commerce,2025-06,Actual,3099298
COGS,EXP,South,Personal Care,Quick Commerce,2025-06,Actual,1301705
Marketing,EXP,South,Personal Care,Quick Commerce,2025-06,Actual,185958
Distribution,EXP,South,Personal Care,Quick Commerce,2025-06,Actual,139468
Salary,EXP,South,Personal Care,Quick Commerce,2025-06,Actual,263440
Freight,EXP,South,Personal Care,Quick Commerce,2025-06,Actual,77482
Other_Opex,EXP,South,Personal Care,Quick Commerce,2025-06,Actual,108475
Gross_Sales,INC,South,Personal Care,Quick Commerce,2025-07,Actual,3027204
COGS,EXP,South,Personal Care,Quick Commerce,2025-07,Actual,1271426
Marketing,EXP,South,Personal Care,Quick Commerce,2025-07,Actual,181632
Distribution,EXP,South,Personal Care,Quick Commerce,2025-07,Actual,136224
Salary,EXP,South,Personal Care,Quick Commerce,2025-07,Actual,257312
Freight,EXP,South,Personal Care,Quick Commerce,2025-07,Actual,75680
Other_Opex,EXP,South,Personal Care,Quick Commerce,2025-07,Actual,105952
Gross_Sales,INC,South,Personal Care,Quick Commerce,2025-08,Actual,3292899
COGS,EXP,South,Personal Care,Quick Commerce,2025-08,Actual,1383018
Marketing,EXP,South,Personal Care,Quick Commerce,2025-08,Actual,197574
Distribution,EXP,South,Personal Care,Quick Commerce,2025-08,Actual,148180
Salary,EXP,South,Personal Care,Quick Commerce,2025-08,Actual,279896
Freight,EXP,South,Personal Care,Quick Commerce,2025-08,Actual,82322
Other_Opex,EXP,South,Personal Care,Quick Commerce,2025-08,Actual,115251
Gross_Sales,INC,South,Personal Care,Quick Commerce,2025-09,Actual,3640965
COGS,EXP,South,Personal Care,Quick Commerce,2025-09,Actual,1529205
Marketing,EXP,South,Personal Care,Quick Commerce,2025-09,Actual,218458
Distribution,EXP,South,Personal Care,Quick Commerce,2025-09,Actual,163843
Salary,EXP,South,Personal Care,Quick Commerce,2025-09,Actual,309482
Freight,EXP,South,Personal Care,Quick Commerce,2025-09,Actual,91024
Other_Opex,EXP,South,Personal Care,Quick Commerce,2025-09,Actual,127434
Gross_Sales,INC,South,Personal Care,Quick Commerce,2025-10,Actual,4419643
COGS,EXP,South,Personal Care,Quick Commerce,2025-10,Actual,1856250
Marketing,EXP,South,Personal Care,Quick Commerce,2025-10,Actual,265179
Distribution,EXP,South,Personal Care,Quick Commerce,2025-10,Actual,198884
Salary,EXP,South,Personal Care,Quick Commerce,2025-10,Actual,375670
Freight,EXP,South,Personal Care,Quick Commerce,2025-10,Actual,110491
Other_Opex,EXP,South,Personal Care,Quick Commerce,2025-10,Actual,154688
Gross_Sales,INC,South,Personal Care,Quick Commerce,2025-11,Actual,5287355
COGS,EXP,South,Personal Care,Quick Commerce,2025-11,Actual,2220689
Marketing,EXP,South,Personal Care,Quick Commerce,2025-11,Actual,317241
Distribution,EXP,South,Personal Care,Quick Commerce,2025-11,Actual,237931
Salary,EXP,South,Personal Care,Quick Commerce,2025-11,Actual,449425
Freight,EXP,South,Personal Care,Quick Commerce,2025-11,Actual,132184
Other_Opex,EXP,South,Personal Care,Quick Commerce,2025-11,Actual,185057
Gross_Sales,INC,South,Personal Care,Quick Commerce,2025-12,Actual,3812174
COGS,EXP,South,Personal Care,Quick Commerce,2025-12,Actual,1601113
Marketing,EXP,South,Personal Care,Quick Commerce,2025-12,Actual,228730
Distribution,EXP,South,Personal Care,Quick Commerce,2025-12,Actual,171548
Salary,EXP,South,Personal Care,Quick Commerce,2025-12,Actual,324035
Freight,EXP,South,Personal Care,Quick Commerce,2025-12,Actual,95304
Other_Opex,EXP,South,Personal Care,Quick Commerce,2025-12,Actual,133426
Gross_Sales,INC,South,Personal Care,Quick Commerce,2026-01,Actual,3347835
COGS,EXP,South,Personal Care,Quick Commerce,2026-01,Actual,1406091
Marketing,EXP,South,Personal Care,Quick Commerce,2026-01,Actual,200870
Distribution,EXP,South,Personal Care,Quick Commerce,2026-01,Actual,150653
Salary,EXP,South,Personal Care,Quick Commerce,2026-01,Actual,284566
Freight,EXP,South,Personal Care,Quick Commerce,2026-01,Actual,83696
Other_Opex,EXP,South,Personal Care,Quick Commerce,2026-01,Actual,117174
Gross_Sales,INC,South,Personal Care,Quick Commerce,2026-02,Actual,3603999
COGS,EXP,South,Personal Care,Quick Commerce,2026-02,Actual,1513680
Marketing,EXP,South,Personal Care,Quick Commerce,2026-02,Actual,216240
Distribution,EXP,South,Personal Care,Quick Commerce,2026-02,Actual,162180
Salary,EXP,South,Personal Care,Quick Commerce,2026-02,Actual,306340
Freight,EXP,South,Personal Care,Quick Commerce,2026-02,Actual,90100
Other_Opex,EXP,South,Personal Care,Quick Commerce,2026-02,Actual,126140
Gross_Sales,INC,South,Personal Care,Quick Commerce,2026-03,Actual,3830413
COGS,EXP,South,Personal Care,Quick Commerce,2026-03,Actual,1608773
Marketing,EXP,South,Personal Care,Quick Commerce,2026-03,Actual,229825
Distribution,EXP,South,Personal Care,Quick Commerce,2026-03,Actual,172369
Salary,EXP,South,Personal Care,Quick Commerce,2026-03,Actual,325585
Freight,EXP,South,Personal Care,Quick Commerce,2026-03,Actual,95760
Other_Opex,EXP,South,Personal Care,Quick Commerce,2026-03,Actual,134064
Gross_Sales,INC,South,Snacks,E-Commerce,2025-04,Actual,5449073
COGS,EXP,South,Snacks,E-Commerce,2025-04,Actual,2288611
Marketing,EXP,South,Snacks,E-Commerce,2025-04,Actual,326944
Distribution,EXP,South,Snacks,E-Commerce,2025-04,Actual,245208
Salary,EXP,South,Snacks,E-Commerce,2025-04,Actual,463171
Freight,EXP,South,Snacks,E-Commerce,2025-04,Actual,136227
Other_Opex,EXP,South,Snacks,E-Commerce,2025-04,Actual,190718
Gross_Sales,INC,South,Snacks,E-Commerce,2025-05,Actual,5797388
COGS,EXP,South,Snacks,E-Commerce,2025-05,Actual,2434903
Marketing,EXP,South,Snacks,E-Commerce,2025-05,Actual,347843
Distribution,EXP,South,Snacks,E-Commerce,2025-05,Actual,260882
Salary,EXP,South,Snacks,E-Commerce,2025-05,Actual,492778
Freight,EXP,South,Snacks,E-Commerce,2025-05,Actual,144935
Other_Opex,EXP,South,Snacks,E-Commerce,2025-05,Actual,202909
Gross_Sales,INC,South,Snacks,E-Commerce,2025-06,Actual,5074475
COGS,EXP,South,Snacks,E-Commerce,2025-06,Actual,2131280
Marketing,EXP,South,Snacks,E-Commerce,2025-06,Actual,304468
Distribution,EXP,South,Snacks,E-Commerce,2025-06,Actual,228351
Salary,EXP,South,Snacks,E-Commerce,2025-06,Actual,431330
Freight,EXP,South,Snacks,E-Commerce,2025-06,Actual,126862
Other_Opex,EXP,South,Snacks,E-Commerce,2025-06,Actual,177607
Gross_Sales,INC,South,Snacks,E-Commerce,2025-07,Actual,4589297
COGS,EXP,South,Snacks,E-Commerce,2025-07,Actual,1927505
Marketing,EXP,South,Snacks,E-Commerce,2025-07,Actual,275358
Distribution,EXP,South,Snacks,E-Commerce,2025-07,Actual,206518
Salary,EXP,South,Snacks,E-Commerce,2025-07,Actual,390090
Freight,EXP,South,Snacks,E-Commerce,2025-07,Actual,114732
Other_Opex,EXP,South,Snacks,E-Commerce,2025-07,Actual,160625
Gross_Sales,INC,South,Snacks,E-Commerce,2025-08,Actual,4992097
COGS,EXP,South,Snacks,E-Commerce,2025-08,Actual,2096681
Marketing,EXP,South,Snacks,E-Commerce,2025-08,Actual,299526
Distribution,EXP,South,Snacks,E-Commerce,2025-08,Actual,224644
Salary,EXP,South,Snacks,E-Commerce,2025-08,Actual,424328
Freight,EXP,South,Snacks,E-Commerce,2025-08,Actual,124802
Other_Opex,EXP,South,Snacks,E-Commerce,2025-08,Actual,174723
Gross_Sales,INC,South,Snacks,E-Commerce,2025-09,Actual,5519773
COGS,EXP,South,Snacks,E-Commerce,2025-09,Actual,2318305
Marketing,EXP,South,Snacks,E-Commerce,2025-09,Actual,331186
Distribution,EXP,South,Snacks,E-Commerce,2025-09,Actual,248390
Salary,EXP,South,Snacks,E-Commerce,2025-09,Actual,469181
Freight,EXP,South,Snacks,E-Commerce,2025-09,Actual,137994
Other_Opex,EXP,South,Snacks,E-Commerce,2025-09,Actual,193192
Gross_Sales,INC,South,Snacks,E-Commerce,2025-10,Actual,6700261
COGS,EXP,South,Snacks,E-Commerce,2025-10,Actual,2814110
Marketing,EXP,South,Snacks,E-Commerce,2025-10,Actual,402016
Distribution,EXP,South,Snacks,E-Commerce,2025-10,Actual,301512
Salary,EXP,South,Snacks,E-Commerce,2025-10,Actual,569522
Freight,EXP,South,Snacks,E-Commerce,2025-10,Actual,167507
Other_Opex,EXP,South,Snacks,E-Commerce,2025-10,Actual,234509
Gross_Sales,INC,South,Snacks,E-Commerce,2025-11,Actual,8015733
COGS,EXP,South,Snacks,E-Commerce,2025-11,Actual,3366608
Marketing,EXP,South,Snacks,E-Commerce,2025-11,Actual,480944
Distribution,EXP,South,Snacks,E-Commerce,2025-11,Actual,360708
Salary,EXP,South,Snacks,E-Commerce,2025-11,Actual,681337
Freight,EXP,South,Snacks,E-Commerce,2025-11,Actual,200393
Other_Opex,EXP,South,Snacks,E-Commerce,2025-11,Actual,280551
Gross_Sales,INC,South,Snacks,E-Commerce,2025-12,Actual,5779324
COGS,EXP,South,Snacks,E-Commerce,2025-12,Actual,2427316
Marketing,EXP,South,Snacks,E-Commerce,2025-12,Actual,346759
Distribution,EXP,South,Snacks,E-Commerce,2025-12,Actual,260070
Salary,EXP,South,Snacks,E-Commerce,2025-12,Actual,491243
Freight,EXP,South,Snacks,E-Commerce,2025-12,Actual,144483
Other_Opex,EXP,South,Snacks,E-Commerce,2025-12,Actual,202276
Gross_Sales,INC,South,Snacks,E-Commerce,2026-01,Actual,5075376
COGS,EXP,South,Snacks,E-Commerce,2026-01,Actual,2131658
Marketing,EXP,South,Snacks,E-Commerce,2026-01,Actual,304523
Distribution,EXP,South,Snacks,E-Commerce,2026-01,Actual,228392
Salary,EXP,South,Snacks,E-Commerce,2026-01,Actual,431407
Freight,EXP,South,Snacks,E-Commerce,2026-01,Actual,126884
Other_Opex,EXP,South,Snacks,E-Commerce,2026-01,Actual,177638
Gross_Sales,INC,South,Snacks,E-Commerce,2026-02,Actual,5463739
COGS,EXP,South,Snacks,E-Commerce,2026-02,Actual,2294770
Marketing,EXP,South,Snacks,E-Commerce,2026-02,Actual,327824
Distribution,EXP,South,Snacks,E-Commerce,2026-02,Actual,245868
Salary,EXP,South,Snacks,E-Commerce,2026-02,Actual,464418
Freight,EXP,South,Snacks,E-Commerce,2026-02,Actual,136593
Other_Opex,EXP,South,Snacks,E-Commerce,2026-02,Actual,191231
Gross_Sales,INC,South,Snacks,E-Commerce,2026-03,Actual,5806981
COGS,EXP,South,Snacks,E-Commerce,2026-03,Actual,2438932
Marketing,EXP,South,Snacks,E-Commerce,2026-03,Actual,348419
Distribution,EXP,South,Snacks,E-Commerce,2026-03,Actual,261314
Salary,EXP,South,Snacks,E-Commerce,2026-03,Actual,493593
Freight,EXP,South,Snacks,E-Commerce,2026-03,Actual,145175
Other_Opex,EXP,South,Snacks,E-Commerce,2026-03,Actual,203244
Gross_Sales,INC,South,Snacks,General Trade,2025-04,Actual,4868030
COGS,EXP,South,Snacks,General Trade,2025-04,Actual,2044573
Marketing,EXP,South,Snacks,General Trade,2025-04,Actual,292082
Distribution,EXP,South,Snacks,General Trade,2025-04,Actual,219061
Salary,EXP,South,Snacks,General Trade,2025-04,Actual,413783
Freight,EXP,South,Snacks,General Trade,2025-04,Actual,121701
Other_Opex,EXP,South,Snacks,General Trade,2025-04,Actual,170381
Gross_Sales,INC,South,Snacks,General Trade,2025-05,Actual,5111434
COGS,EXP,South,Snacks,General Trade,2025-05,Actual,2146802
Marketing,EXP,South,Snacks,General Trade,2025-05,Actual,306686
Distribution,EXP,South,Snacks,General Trade,2025-05,Actual,230015
Salary,EXP,South,Snacks,General Trade,2025-05,Actual,434472
Freight,EXP,South,Snacks,General Trade,2025-05,Actual,127786
Other_Opex,EXP,South,Snacks,General Trade,2025-05,Actual,178900
Gross_Sales,INC,South,Snacks,General Trade,2025-06,Actual,4089149
COGS,EXP,South,Snacks,General Trade,2025-06,Actual,1717443
Marketing,EXP,South,Snacks,General Trade,2025-06,Actual,245349
Distribution,EXP,South,Snacks,General Trade,2025-06,Actual,184012
Salary,EXP,South,Snacks,General Trade,2025-06,Actual,347578
Freight,EXP,South,Snacks,General Trade,2025-06,Actual,102229
Other_Opex,EXP,South,Snacks,General Trade,2025-06,Actual,143120
Gross_Sales,INC,South,Snacks,General Trade,2025-07,Actual,3943103
COGS,EXP,South,Snacks,General Trade,2025-07,Actual,1656103
Marketing,EXP,South,Snacks,General Trade,2025-07,Actual,236586
Distribution,EXP,South,Snacks,General Trade,2025-07,Actual,177440
Salary,EXP,South,Snacks,General Trade,2025-07,Actual,335164
Freight,EXP,South,Snacks,General Trade,2025-07,Actual,98578
Other_Opex,EXP,South,Snacks,General Trade,2025-07,Actual,138009
Gross_Sales,INC,South,Snacks,General Trade,2025-08,Actual,4235183
COGS,EXP,South,Snacks,General Trade,2025-08,Actual,1778777
Marketing,EXP,South,Snacks,General Trade,2025-08,Actual,254111
Distribution,EXP,South,Snacks,General Trade,2025-08,Actual,190583
Salary,EXP,South,Snacks,General Trade,2025-08,Actual,359991
Freight,EXP,South,Snacks,General Trade,2025-08,Actual,105880
Other_Opex,EXP,South,Snacks,General Trade,2025-08,Actual,148231
Gross_Sales,INC,South,Snacks,General Trade,2025-09,Actual,4624626
COGS,EXP,South,Snacks,General Trade,2025-09,Actual,1942343
Marketing,EXP,South,Snacks,General Trade,2025-09,Actual,277478
Distribution,EXP,South,Snacks,General Trade,2025-09,Actual,208108
Salary,EXP,South,Snacks,General Trade,2025-09,Actual,393093
Freight,EXP,South,Snacks,General Trade,2025-09,Actual,115616
Other_Opex,EXP,South,Snacks,General Trade,2025-09,Actual,161862
Gross_Sales,INC,South,Snacks,General Trade,2025-10,Actual,5544736
COGS,EXP,South,Snacks,General Trade,2025-10,Actual,2328789
Marketing,EXP,South,Snacks,General Trade,2025-10,Actual,332684
Distribution,EXP,South,Snacks,General Trade,2025-10,Actual,249513
Salary,EXP,South,Snacks,General Trade,2025-10,Actual,471303
Freight,EXP,South,Snacks,General Trade,2025-10,Actual,138618
Other_Opex,EXP,South,Snacks,General Trade,2025-10,Actual,194066
Gross_Sales,INC,South,Snacks,General Trade,2025-11,Actual,6552873
COGS,EXP,South,Snacks,General Trade,2025-11,Actual,2752207
Marketing,EXP,South,Snacks,General Trade,2025-11,Actual,393172
Distribution,EXP,South,Snacks,General Trade,2025-11,Actual,294879
Salary,EXP,South,Snacks,General Trade,2025-11,Actual,556994
Freight,EXP,South,Snacks,General Trade,2025-11,Actual,163822
Other_Opex,EXP,South,Snacks,General Trade,2025-11,Actual,229351
Gross_Sales,INC,South,Snacks,General Trade,2025-12,Actual,5452189
COGS,EXP,South,Snacks,General Trade,2025-12,Actual,2289919
Marketing,EXP,South,Snacks,General Trade,2025-12,Actual,327131
Distribution,EXP,South,Snacks,General Trade,2025-12,Actual,245349
Salary,EXP,South,Snacks,General Trade,2025-12,Actual,463436
Freight,EXP,South,Snacks,General Trade,2025-12,Actual,136305
Other_Opex,EXP,South,Snacks,General Trade,2025-12,Actual,190827
Gross_Sales,INC,South,Snacks,General Trade,2026-01,Actual,4721988
COGS,EXP,South,Snacks,General Trade,2026-01,Actual,1983235
Marketing,EXP,South,Snacks,General Trade,2026-01,Actual,283319
Distribution,EXP,South,Snacks,General Trade,2026-01,Actual,212489
Salary,EXP,South,Snacks,General Trade,2026-01,Actual,401369
Freight,EXP,South,Snacks,General Trade,2026-01,Actual,118050
Other_Opex,EXP,South,Snacks,General Trade,2026-01,Actual,165270
Gross_Sales,INC,South,Snacks,General Trade,2026-02,Actual,5014072
COGS,EXP,South,Snacks,General Trade,2026-02,Actual,2105910
Marketing,EXP,South,Snacks,General Trade,2026-02,Actual,300844
Distribution,EXP,South,Snacks,General Trade,2026-02,Actual,225633
Salary,EXP,South,Snacks,General Trade,2026-02,Actual,426196
Freight,EXP,South,Snacks,General Trade,2026-02,Actual,125352
Other_Opex,EXP,South,Snacks,General Trade,2026-02,Actual,175493
Gross_Sales,INC,South,Snacks,General Trade,2026-03,Actual,5257469
COGS,EXP,South,Snacks,General Trade,2026-03,Actual,2208137
Marketing,EXP,South,Snacks,General Trade,2026-03,Actual,315448
Distribution,EXP,South,Snacks,General Trade,2026-03,Actual,236586
Salary,EXP,South,Snacks,General Trade,2026-03,Actual,446885
Freight,EXP,South,Snacks,General Trade,2026-03,Actual,131437
Other_Opex,EXP,South,Snacks,General Trade,2026-03,Actual,184011
Gross_Sales,INC,South,Snacks,Modern Trade,2025-04,Actual,5549553
COGS,EXP,South,Snacks,Modern Trade,2025-04,Actual,2330812
Marketing,EXP,South,Snacks,Modern Trade,2025-04,Actual,332973
Distribution,EXP,South,Snacks,Modern Trade,2025-04,Actual,249730
Salary,EXP,South,Snacks,Modern Trade,2025-04,Actual,471712
Freight,EXP,South,Snacks,Modern Trade,2025-04,Actual,138739
Other_Opex,EXP,South,Snacks,Modern Trade,2025-04,Actual,194234
Gross_Sales,INC,South,Snacks,Modern Trade,2025-05,Actual,5827033
COGS,EXP,South,Snacks,Modern Trade,2025-05,Actual,2447354
Marketing,EXP,South,Snacks,Modern Trade,2025-05,Actual,349622
Distribution,EXP,South,Snacks,Modern Trade,2025-05,Actual,262216
Salary,EXP,South,Snacks,Modern Trade,2025-05,Actual,495298
Freight,EXP,South,Snacks,Modern Trade,2025-05,Actual,145676
Other_Opex,EXP,South,Snacks,Modern Trade,2025-05,Actual,203946
Gross_Sales,INC,South,Snacks,Modern Trade,2025-06,Actual,4661620
COGS,EXP,South,Snacks,Modern Trade,2025-06,Actual,1957880
Marketing,EXP,South,Snacks,Modern Trade,2025-06,Actual,279697
Distribution,EXP,South,Snacks,Modern Trade,2025-06,Actual,209773
Salary,EXP,South,Snacks,Modern Trade,2025-06,Actual,396238
Freight,EXP,South,Snacks,Modern Trade,2025-06,Actual,116540
Other_Opex,EXP,South,Snacks,Modern Trade,2025-06,Actual,163157
Gross_Sales,INC,South,Snacks,Modern Trade,2025-07,Actual,4495134
COGS,EXP,South,Snacks,Modern Trade,2025-07,Actual,1887956
Marketing,EXP,South,Snacks,Modern Trade,2025-07,Actual,269708
Distribution,EXP,South,Snacks,Modern Trade,2025-07,Actual,202281
Salary,EXP,South,Snacks,Modern Trade,2025-07,Actual,382086
Freight,EXP,South,Snacks,Modern Trade,2025-07,Actual,112378
Other_Opex,EXP,South,Snacks,Modern Trade,2025-07,Actual,157330
Gross_Sales,INC,South,Snacks,Modern Trade,2025-08,Actual,4828108
COGS,EXP,South,Snacks,Modern Trade,2025-08,Actual,2027805
Marketing,EXP,South,Snacks,Modern Trade,2025-08,Actual,289686
Distribution,EXP,South,Snacks,Modern Trade,2025-08,Actual,217265
Salary,EXP,South,Snacks,Modern Trade,2025-08,Actual,410389
Freight,EXP,South,Snacks,Modern Trade,2025-08,Actual,120703
Other_Opex,EXP,South,Snacks,Modern Trade,2025-08,Actual,168984
Gross_Sales,INC,South,Snacks,Modern Trade,2025-09,Actual,5272079
COGS,EXP,South,Snacks,Modern Trade,2025-09,Actual,2214273
Marketing,EXP,South,Snacks,Modern Trade,2025-09,Actual,316325
Distribution,EXP,South,Snacks,Modern Trade,2025-09,Actual,237244
Salary,EXP,South,Snacks,Modern Trade,2025-09,Actual,448127
Freight,EXP,South,Snacks,Modern Trade,2025-09,Actual,131802
Other_Opex,EXP,South,Snacks,Modern Trade,2025-09,Actual,184523
Gross_Sales,INC,South,Snacks,Modern Trade,2025-10,Actual,6320996
COGS,EXP,South,Snacks,Modern Trade,2025-10,Actual,2654818
Marketing,EXP,South,Snacks,Modern Trade,2025-10,Actual,379260
Distribution,EXP,South,Snacks,Modern Trade,2025-10,Actual,284445
Salary,EXP,South,Snacks,Modern Trade,2025-10,Actual,537285
Freight,EXP,South,Snacks,Modern Trade,2025-10,Actual,158025
Other_Opex,EXP,South,Snacks,Modern Trade,2025-10,Actual,221235
Gross_Sales,INC,South,Snacks,Modern Trade,2025-11,Actual,7470273
COGS,EXP,South,Snacks,Modern Trade,2025-11,Actual,3137515
Marketing,EXP,South,Snacks,Modern Trade,2025-11,Actual,448216
Distribution,EXP,South,Snacks,Modern Trade,2025-11,Actual,336162
Salary,EXP,South,Snacks,Modern Trade,2025-11,Actual,634973
Freight,EXP,South,Snacks,Modern Trade,2025-11,Actual,186757
Other_Opex,EXP,South,Snacks,Modern Trade,2025-11,Actual,261460
Gross_Sales,INC,South,Snacks,Modern Trade,2025-12,Actual,6215499
COGS,EXP,South,Snacks,Modern Trade,2025-12,Actual,2610510
Marketing,EXP,South,Snacks,Modern Trade,2025-12,Actual,372930
Distribution,EXP,South,Snacks,Modern Trade,2025-12,Actual,279697
Salary,EXP,South,Snacks,Modern Trade,2025-12,Actual,528317
Freight,EXP,South,Snacks,Modern Trade,2025-12,Actual,155387
Other_Opex,EXP,South,Snacks,Modern Trade,2025-12,Actual,217542
Gross_Sales,INC,South,Snacks,Modern Trade,2026-01,Actual,5383067
COGS,EXP,South,Snacks,Modern Trade,2026-01,Actual,2260888
Marketing,EXP,South,Snacks,Modern Trade,2026-01,Actual,322984
Distribution,EXP,South,Snacks,Modern Trade,2026-01,Actual,242238
Salary,EXP,South,Snacks,Modern Trade,2026-01,Actual,457561
Freight,EXP,South,Snacks,Modern Trade,2026-01,Actual,134577
Other_Opex,EXP,South,Snacks,Modern Trade,2026-01,Actual,188407
Gross_Sales,INC,South,Snacks,Modern Trade,2026-02,Actual,5716042
COGS,EXP,South,Snacks,Modern Trade,2026-02,Actual,2400738
Marketing,EXP,South,Snacks,Modern Trade,2026-02,Actual,342963
Distribution,EXP,South,Snacks,Modern Trade,2026-02,Actual,257222
Salary,EXP,South,Snacks,Modern Trade,2026-02,Actual,485864
Freight,EXP,South,Snacks,Modern Trade,2026-02,Actual,142901
Other_Opex,EXP,South,Snacks,Modern Trade,2026-02,Actual,200061
Gross_Sales,INC,South,Snacks,Modern Trade,2026-03,Actual,5993515
COGS,EXP,South,Snacks,Modern Trade,2026-03,Actual,2517276
Marketing,EXP,South,Snacks,Modern Trade,2026-03,Actual,359611
Distribution,EXP,South,Snacks,Modern Trade,2026-03,Actual,269708
Salary,EXP,South,Snacks,Modern Trade,2026-03,Actual,509449
Freight,EXP,South,Snacks,Modern Trade,2026-03,Actual,149838
Other_Opex,EXP,South,Snacks,Modern Trade,2026-03,Actual,209773
Gross_Sales,INC,South,Snacks,Quick Commerce,2025-04,Actual,4729381
COGS,EXP,South,Snacks,Quick Commerce,2025-04,Actual,1986340
Marketing,EXP,South,Snacks,Quick Commerce,2025-04,Actual,283763
Distribution,EXP,South,Snacks,Quick Commerce,2025-04,Actual,212822
Salary,EXP,South,Snacks,Quick Commerce,2025-04,Actual,401997
Freight,EXP,South,Snacks,Quick Commerce,2025-04,Actual,118235
Other_Opex,EXP,South,Snacks,Quick Commerce,2025-04,Actual,165528
Gross_Sales,INC,South,Snacks,Quick Commerce,2025-05,Actual,5031688
COGS,EXP,South,Snacks,Quick Commerce,2025-05,Actual,2113309
Marketing,EXP,South,Snacks,Quick Commerce,2025-05,Actual,301901
Distribution,EXP,South,Snacks,Quick Commerce,2025-05,Actual,226426
Salary,EXP,South,Snacks,Quick Commerce,2025-05,Actual,427693
Freight,EXP,South,Snacks,Quick Commerce,2025-05,Actual,125792
Other_Opex,EXP,South,Snacks,Quick Commerce,2025-05,Actual,176109
Gross_Sales,INC,South,Snacks,Quick Commerce,2025-06,Actual,4078017
COGS,EXP,South,Snacks,Quick Commerce,2025-06,Actual,1712767
Marketing,EXP,South,Snacks,Quick Commerce,2025-06,Actual,244681
Distribution,EXP,South,Snacks,Quick Commerce,2025-06,Actual,183511
Salary,EXP,South,Snacks,Quick Commerce,2025-06,Actual,346631
Freight,EXP,South,Snacks,Quick Commerce,2025-06,Actual,101950
Other_Opex,EXP,South,Snacks,Quick Commerce,2025-06,Actual,142731
Gross_Sales,INC,South,Snacks,Quick Commerce,2025-07,Actual,3983166
COGS,EXP,South,Snacks,Quick Commerce,2025-07,Actual,1672930
Marketing,EXP,South,Snacks,Quick Commerce,2025-07,Actual,238990
Distribution,EXP,South,Snacks,Quick Commerce,2025-07,Actual,179242
Salary,EXP,South,Snacks,Quick Commerce,2025-07,Actual,338569
Freight,EXP,South,Snacks,Quick Commerce,2025-07,Actual,99579
Other_Opex,EXP,South,Snacks,Quick Commerce,2025-07,Actual,139411
Gross_Sales,INC,South,Snacks,Quick Commerce,2025-08,Actual,4332766
COGS,EXP,South,Snacks,Quick Commerce,2025-08,Actual,1819762
Marketing,EXP,South,Snacks,Quick Commerce,2025-08,Actual,259966
Distribution,EXP,South,Snacks,Quick Commerce,2025-08,Actual,194974
Salary,EXP,South,Snacks,Quick Commerce,2025-08,Actual,368285
Freight,EXP,South,Snacks,Quick Commerce,2025-08,Actual,108319
Other_Opex,EXP,South,Snacks,Quick Commerce,2025-08,Actual,151647
Gross_Sales,INC,South,Snacks,Quick Commerce,2025-09,Actual,4790744
COGS,EXP,South,Snacks,Quick Commerce,2025-09,Actual,2012112
Marketing,EXP,South,Snacks,Quick Commerce,2025-09,Actual,287445
Distribution,EXP,South,Snacks,Quick Commerce,2025-09,Actual,215583
Salary,EXP,South,Snacks,Quick Commerce,2025-09,Actual,407213
Freight,EXP,South,Snacks,Quick Commerce,2025-09,Actual,119769
Other_Opex,EXP,South,Snacks,Quick Commerce,2025-09,Actual,167676
Gross_Sales,INC,South,Snacks,Quick Commerce,2025-10,Actual,5815316
COGS,EXP,South,Snacks,Quick Commerce,2025-10,Actual,2442433
Marketing,EXP,South,Snacks,Quick Commerce,2025-10,Actual,348919
Distribution,EXP,South,Snacks,Quick Commerce,2025-10,Actual,261689
Salary,EXP,South,Snacks,Quick Commerce,2025-10,Actual,494302
Freight,EXP,South,Snacks,Quick Commerce,2025-10,Actual,145383
Other_Opex,EXP,South,Snacks,Quick Commerce,2025-10,Actual,203536
Gross_Sales,INC,South,Snacks,Quick Commerce,2025-11,Actual,6957056
COGS,EXP,South,Snacks,Quick Commerce,2025-11,Actual,2921964
Marketing,EXP,South,Snacks,Quick Commerce,2025-11,Actual,417423
Distribution,EXP,South,Snacks,Quick Commerce,2025-11,Actual,313068
Salary,EXP,South,Snacks,Quick Commerce,2025-11,Actual,591350
Freight,EXP,South,Snacks,Quick Commerce,2025-11,Actual,173926
Other_Opex,EXP,South,Snacks,Quick Commerce,2025-11,Actual,243497
Gross_Sales,INC,South,Snacks,Quick Commerce,2025-12,Actual,5016012
COGS,EXP,South,Snacks,Quick Commerce,2025-12,Actual,2106725
Marketing,EXP,South,Snacks,Quick Commerce,2025-12,Actual,300961
Distribution,EXP,South,Snacks,Quick Commerce,2025-12,Actual,225721
Salary,EXP,South,Snacks,Quick Commerce,2025-12,Actual,426361
Freight,EXP,South,Snacks,Quick Commerce,2025-12,Actual,125400
Other_Opex,EXP,South,Snacks,Quick Commerce,2025-12,Actual,175560
Gross_Sales,INC,South,Snacks,Quick Commerce,2026-01,Actual,4405048
COGS,EXP,South,Snacks,Quick Commerce,2026-01,Actual,1850120
Marketing,EXP,South,Snacks,Quick Commerce,2026-01,Actual,264303
Distribution,EXP,South,Snacks,Quick Commerce,2026-01,Actual,198227
Salary,EXP,South,Snacks,Quick Commerce,2026-01,Actual,374429
Freight,EXP,South,Snacks,Quick Commerce,2026-01,Actual,110126
Other_Opex,EXP,South,Snacks,Quick Commerce,2026-01,Actual,154177
Gross_Sales,INC,South,Snacks,Quick Commerce,2026-02,Actual,4742105
COGS,EXP,South,Snacks,Quick Commerce,2026-02,Actual,1991684
Marketing,EXP,South,Snacks,Quick Commerce,2026-02,Actual,284526
Distribution,EXP,South,Snacks,Quick Commerce,2026-02,Actual,213395
Salary,EXP,South,Snacks,Quick Commerce,2026-02,Actual,403079
Freight,EXP,South,Snacks,Quick Commerce,2026-02,Actual,118553
Other_Opex,EXP,South,Snacks,Quick Commerce,2026-02,Actual,165974
Gross_Sales,INC,South,Snacks,Quick Commerce,2026-03,Actual,5040020
COGS,EXP,South,Snacks,Quick Commerce,2026-03,Actual,2116808
Marketing,EXP,South,Snacks,Quick Commerce,2026-03,Actual,302401
Distribution,EXP,South,Snacks,Quick Commerce,2026-03,Actual,226801
Salary,EXP,South,Snacks,Quick Commerce,2026-03,Actual,428402
Freight,EXP,South,Snacks,Quick Commerce,2026-03,Actual,126000
Other_Opex,EXP,South,Snacks,Quick Commerce,2026-03,Actual,176401
Gross_Sales,INC,West,Beverages,E-Commerce,2025-04,Actual,7498694
COGS,EXP,West,Beverages,E-Commerce,2025-04,Actual,3149451
Marketing,EXP,West,Beverages,E-Commerce,2025-04,Actual,449922
Distribution,EXP,West,Beverages,E-Commerce,2025-04,Actual,337441
Salary,EXP,West,Beverages,E-Commerce,2025-04,Actual,637389
Freight,EXP,West,Beverages,E-Commerce,2025-04,Actual,187467
Other_Opex,EXP,West,Beverages,E-Commerce,2025-04,Actual,262454
Gross_Sales,INC,West,Beverages,E-Commerce,2025-05,Actual,7978017
COGS,EXP,West,Beverages,E-Commerce,2025-05,Actual,3350767
Marketing,EXP,West,Beverages,E-Commerce,2025-05,Actual,478681
Distribution,EXP,West,Beverages,E-Commerce,2025-05,Actual,359011
Salary,EXP,West,Beverages,E-Commerce,2025-05,Actual,678131
Freight,EXP,West,Beverages,E-Commerce,2025-05,Actual,199450
Other_Opex,EXP,West,Beverages,E-Commerce,2025-05,Actual,279231
Gross_Sales,INC,West,Beverages,E-Commerce,2025-06,Actual,6983193
COGS,EXP,West,Beverages,E-Commerce,2025-06,Actual,2932941
Marketing,EXP,West,Beverages,E-Commerce,2025-06,Actual,418992
Distribution,EXP,West,Beverages,E-Commerce,2025-06,Actual,314244
Salary,EXP,West,Beverages,E-Commerce,2025-06,Actual,593571
Freight,EXP,West,Beverages,E-Commerce,2025-06,Actual,174580
Other_Opex,EXP,West,Beverages,E-Commerce,2025-06,Actual,244412
Gross_Sales,INC,West,Beverages,E-Commerce,2025-07,Actual,6315517
COGS,EXP,West,Beverages,E-Commerce,2025-07,Actual,2652517
Marketing,EXP,West,Beverages,E-Commerce,2025-07,Actual,378931
Distribution,EXP,West,Beverages,E-Commerce,2025-07,Actual,284198
Salary,EXP,West,Beverages,E-Commerce,2025-07,Actual,536819
Freight,EXP,West,Beverages,E-Commerce,2025-07,Actual,157888
Other_Opex,EXP,West,Beverages,E-Commerce,2025-07,Actual,221043
Gross_Sales,INC,West,Beverages,E-Commerce,2025-08,Actual,6869831
COGS,EXP,West,Beverages,E-Commerce,2025-08,Actual,2885329
Marketing,EXP,West,Beverages,E-Commerce,2025-08,Actual,412190
Distribution,EXP,West,Beverages,E-Commerce,2025-08,Actual,309142
Salary,EXP,West,Beverages,E-Commerce,2025-08,Actual,583936
Freight,EXP,West,Beverages,E-Commerce,2025-08,Actual,171746
Other_Opex,EXP,West,Beverages,E-Commerce,2025-08,Actual,240444
Gross_Sales,INC,West,Beverages,E-Commerce,2025-09,Actual,7595977
COGS,EXP,West,Beverages,E-Commerce,2025-09,Actual,3190310
Marketing,EXP,West,Beverages,E-Commerce,2025-09,Actual,455759
Distribution,EXP,West,Beverages,E-Commerce,2025-09,Actual,341819
Salary,EXP,West,Beverages,E-Commerce,2025-09,Actual,645658
Freight,EXP,West,Beverages,E-Commerce,2025-09,Actual,189899
Other_Opex,EXP,West,Beverages,E-Commerce,2025-09,Actual,265859
Gross_Sales,INC,West,Beverages,E-Commerce,2025-10,Actual,9220500
COGS,EXP,West,Beverages,E-Commerce,2025-10,Actual,3872610
Marketing,EXP,West,Beverages,E-Commerce,2025-10,Actual,553230
Distribution,EXP,West,Beverages,E-Commerce,2025-10,Actual,414922
Salary,EXP,West,Beverages,E-Commerce,2025-10,Actual,783742
Freight,EXP,West,Beverages,E-Commerce,2025-10,Actual,230512
Other_Opex,EXP,West,Beverages,E-Commerce,2025-10,Actual,322718
Gross_Sales,INC,West,Beverages,E-Commerce,2025-11,Actual,11030776
COGS,EXP,West,Beverages,E-Commerce,2025-11,Actual,4632926
Marketing,EXP,West,Beverages,E-Commerce,2025-11,Actual,661847
Distribution,EXP,West,Beverages,E-Commerce,2025-11,Actual,496385
Salary,EXP,West,Beverages,E-Commerce,2025-11,Actual,937616
Freight,EXP,West,Beverages,E-Commerce,2025-11,Actual,275769
Other_Opex,EXP,West,Beverages,E-Commerce,2025-11,Actual,386077
Gross_Sales,INC,West,Beverages,E-Commerce,2025-12,Actual,7953166
COGS,EXP,West,Beverages,E-Commerce,2025-12,Actual,3340330
Marketing,EXP,West,Beverages,E-Commerce,2025-12,Actual,477190
Distribution,EXP,West,Beverages,E-Commerce,2025-12,Actual,357892
Salary,EXP,West,Beverages,E-Commerce,2025-12,Actual,676019
Freight,EXP,West,Beverages,E-Commerce,2025-12,Actual,198829
Other_Opex,EXP,West,Beverages,E-Commerce,2025-12,Actual,278361
Gross_Sales,INC,West,Beverages,E-Commerce,2026-01,Actual,6984439
COGS,EXP,West,Beverages,E-Commerce,2026-01,Actual,2933464
Marketing,EXP,West,Beverages,E-Commerce,2026-01,Actual,419066
Distribution,EXP,West,Beverages,E-Commerce,2026-01,Actual,314300
Salary,EXP,West,Beverages,E-Commerce,2026-01,Actual,593677
Freight,EXP,West,Beverages,E-Commerce,2026-01,Actual,174611
Other_Opex,EXP,West,Beverages,E-Commerce,2026-01,Actual,244455
Gross_Sales,INC,West,Beverages,E-Commerce,2026-02,Actual,7518863
COGS,EXP,West,Beverages,E-Commerce,2026-02,Actual,3157922
Marketing,EXP,West,Beverages,E-Commerce,2026-02,Actual,451132
Distribution,EXP,West,Beverages,E-Commerce,2026-02,Actual,338349
Salary,EXP,West,Beverages,E-Commerce,2026-02,Actual,639103
Freight,EXP,West,Beverages,E-Commerce,2026-02,Actual,187972
Other_Opex,EXP,West,Beverages,E-Commerce,2026-02,Actual,263160
Gross_Sales,INC,West,Beverages,E-Commerce,2026-03,Actual,7991224
COGS,EXP,West,Beverages,E-Commerce,2026-03,Actual,3356314
Marketing,EXP,West,Beverages,E-Commerce,2026-03,Actual,479473
Distribution,EXP,West,Beverages,E-Commerce,2026-03,Actual,359605
Salary,EXP,West,Beverages,E-Commerce,2026-03,Actual,679254
Freight,EXP,West,Beverages,E-Commerce,2026-03,Actual,199781
Other_Opex,EXP,West,Beverages,E-Commerce,2026-03,Actual,279693
Gross_Sales,INC,West,Beverages,General Trade,2025-04,Actual,6699091
COGS,EXP,West,Beverages,General Trade,2025-04,Actual,2813618
Marketing,EXP,West,Beverages,General Trade,2025-04,Actual,401945
Distribution,EXP,West,Beverages,General Trade,2025-04,Actual,301459
Salary,EXP,West,Beverages,General Trade,2025-04,Actual,569423
Freight,EXP,West,Beverages,General Trade,2025-04,Actual,167477
Other_Opex,EXP,West,Beverages,General Trade,2025-04,Actual,234468
Gross_Sales,INC,West,Beverages,General Trade,2025-05,Actual,7034053
COGS,EXP,West,Beverages,General Trade,2025-05,Actual,2954302
Marketing,EXP,West,Beverages,General Trade,2025-05,Actual,422043
Distribution,EXP,West,Beverages,General Trade,2025-05,Actual,316532
Salary,EXP,West,Beverages,General Trade,2025-05,Actual,597895
Freight,EXP,West,Beverages,General Trade,2025-05,Actual,175851
Other_Opex,EXP,West,Beverages,General Trade,2025-05,Actual,246192
Gross_Sales,INC,West,Beverages,General Trade,2025-06,Actual,5627238
COGS,EXP,West,Beverages,General Trade,2025-06,Actual,2363440
Marketing,EXP,West,Beverages,General Trade,2025-06,Actual,337634
Distribution,EXP,West,Beverages,General Trade,2025-06,Actual,253226
Salary,EXP,West,Beverages,General Trade,2025-06,Actual,478315
Freight,EXP,West,Beverages,General Trade,2025-06,Actual,140681
Other_Opex,EXP,West,Beverages,General Trade,2025-06,Actual,196953
Gross_Sales,INC,West,Beverages,General Trade,2025-07,Actual,5426270
COGS,EXP,West,Beverages,General Trade,2025-07,Actual,2279033
Marketing,EXP,West,Beverages,General Trade,2025-07,Actual,325576
Distribution,EXP,West,Beverages,General Trade,2025-07,Actual,244182
Salary,EXP,West,Beverages,General Trade,2025-07,Actual,461233
Freight,EXP,West,Beverages,General Trade,2025-07,Actual,135657
Other_Opex,EXP,West,Beverages,General Trade,2025-07,Actual,189919
Gross_Sales,INC,West,Beverages,General Trade,2025-08,Actual,5828217
COGS,EXP,West,Beverages,General Trade,2025-08,Actual,2447851
Marketing,EXP,West,Beverages,General Trade,2025-08,Actual,349693
Distribution,EXP,West,Beverages,General Trade,2025-08,Actual,262270
Salary,EXP,West,Beverages,General Trade,2025-08,Actual,495398
Freight,EXP,West,Beverages,General Trade,2025-08,Actual,145705
Other_Opex,EXP,West,Beverages,General Trade,2025-08,Actual,203988
Gross_Sales,INC,West,Beverages,General Trade,2025-09,Actual,6364138
COGS,EXP,West,Beverages,General Trade,2025-09,Actual,2672938
Marketing,EXP,West,Beverages,General Trade,2025-09,Actual,381848
Distribution,EXP,West,Beverages,General Trade,2025-09,Actual,286386
Salary,EXP,West,Beverages,General Trade,2025-09,Actual,540952
Freight,EXP,West,Beverages,General Trade,2025-09,Actual,159103
Other_Opex,EXP,West,Beverages,General Trade,2025-09,Actual,222745
Gross_Sales,INC,West,Beverages,General Trade,2025-10,Actual,7630333
COGS,EXP,West,Beverages,General Trade,2025-10,Actual,3204740
Marketing,EXP,West,Beverages,General Trade,2025-10,Actual,457820
Distribution,EXP,West,Beverages,General Trade,2025-10,Actual,343365
Salary,EXP,West,Beverages,General Trade,2025-10,Actual,648578
Freight,EXP,West,Beverages,General Trade,2025-10,Actual,190758
Other_Opex,EXP,West,Beverages,General Trade,2025-10,Actual,267062
Gross_Sales,INC,West,Beverages,General Trade,2025-11,Actual,9017671
COGS,EXP,West,Beverages,General Trade,2025-11,Actual,3787422
Marketing,EXP,West,Beverages,General Trade,2025-11,Actual,541060
Distribution,EXP,West,Beverages,General Trade,2025-11,Actual,405795
Salary,EXP,West,Beverages,General Trade,2025-11,Actual,766502
Freight,EXP,West,Beverages,General Trade,2025-11,Actual,225442
Other_Opex,EXP,West,Beverages,General Trade,2025-11,Actual,315618
Gross_Sales,INC,West,Beverages,General Trade,2025-12,Actual,7502984
COGS,EXP,West,Beverages,General Trade,2025-12,Actual,3151253
Marketing,EXP,West,Beverages,General Trade,2025-12,Actual,450179
Distribution,EXP,West,Beverages,General Trade,2025-12,Actual,337634
Salary,EXP,West,Beverages,General Trade,2025-12,Actual,637754
Freight,EXP,West,Beverages,General Trade,2025-12,Actual,187575
Other_Opex,EXP,West,Beverages,General Trade,2025-12,Actual,262604
Gross_Sales,INC,West,Beverages,General Trade,2026-01,Actual,6498126
COGS,EXP,West,Beverages,General Trade,2026-01,Actual,2729213
Marketing,EXP,West,Beverages,General Trade,2026-01,Actual,389888
Distribution,EXP,West,Beverages,General Trade,2026-01,Actual,292416
Salary,EXP,West,Beverages,General Trade,2026-01,Actual,552341
Freight,EXP,West,Beverages,General Trade,2026-01,Actual,162453
Other_Opex,EXP,West,Beverages,General Trade,2026-01,Actual,227434
Gross_Sales,INC,West,Beverages,General Trade,2026-02,Actual,6900059
COGS,EXP,West,Beverages,General Trade,2026-02,Actual,2898025
Marketing,EXP,West,Beverages,General Trade,2026-02,Actual,414004
Distribution,EXP,West,Beverages,General Trade,2026-02,Actual,310503
Salary,EXP,West,Beverages,General Trade,2026-02,Actual,586505
Freight,EXP,West,Beverages,General Trade,2026-02,Actual,172501
Other_Opex,EXP,West,Beverages,General Trade,2026-02,Actual,241502
Gross_Sales,INC,West,Beverages,General Trade,2026-03,Actual,7235018
COGS,EXP,West,Beverages,General Trade,2026-03,Actual,3038708
Marketing,EXP,West,Beverages,General Trade,2026-03,Actual,434101
Distribution,EXP,West,Beverages,General Trade,2026-03,Actual,325576
Salary,EXP,West,Beverages,General Trade,2026-03,Actual,614977
Freight,EXP,West,Beverages,General Trade,2026-03,Actual,180875
Other_Opex,EXP,West,Beverages,General Trade,2026-03,Actual,253226
Gross_Sales,INC,West,Beverages,Modern Trade,2025-04,Actual,7636965
COGS,EXP,West,Beverages,Modern Trade,2025-04,Actual,3207525
Marketing,EXP,West,Beverages,Modern Trade,2025-04,Actual,458218
Distribution,EXP,West,Beverages,Modern Trade,2025-04,Actual,343663
Salary,EXP,West,Beverages,Modern Trade,2025-04,Actual,649142
Freight,EXP,West,Beverages,Modern Trade,2025-04,Actual,190924
Other_Opex,EXP,West,Beverages,Modern Trade,2025-04,Actual,267294
Gross_Sales,INC,West,Beverages,Modern Trade,2025-05,Actual,8018813
COGS,EXP,West,Beverages,Modern Trade,2025-05,Actual,3367901
Marketing,EXP,West,Beverages,Modern Trade,2025-05,Actual,481129
Distribution,EXP,West,Beverages,Modern Trade,2025-05,Actual,360847
Salary,EXP,West,Beverages,Modern Trade,2025-05,Actual,681599
Freight,EXP,West,Beverages,Modern Trade,2025-05,Actual,200470
Other_Opex,EXP,West,Beverages,Modern Trade,2025-05,Actual,280658
Gross_Sales,INC,West,Beverages,Modern Trade,2025-06,Actual,6415050
COGS,EXP,West,Beverages,Modern Trade,2025-06,Actual,2694321
Marketing,EXP,West,Beverages,Modern Trade,2025-06,Actual,384903
Distribution,EXP,West,Beverages,Modern Trade,2025-06,Actual,288677
Salary,EXP,West,Beverages,Modern Trade,2025-06,Actual,545279
Freight,EXP,West,Beverages,Modern Trade,2025-06,Actual,160376
Other_Opex,EXP,West,Beverages,Modern Trade,2025-06,Actual,224527
Gross_Sales,INC,West,Beverages,Modern Trade,2025-07,Actual,6185939
COGS,EXP,West,Beverages,Modern Trade,2025-07,Actual,2598094
Marketing,EXP,West,Beverages,Modern Trade,2025-07,Actual,371156
Distribution,EXP,West,Beverages,Modern Trade,2025-07,Actual,278367
Salary,EXP,West,Beverages,Modern Trade,2025-07,Actual,525805
Freight,EXP,West,Beverages,Modern Trade,2025-07,Actual,154648
Other_Opex,EXP,West,Beverages,Modern Trade,2025-07,Actual,216508
Gross_Sales,INC,West,Beverages,Modern Trade,2025-08,Actual,6644156
COGS,EXP,West,Beverages,Modern Trade,2025-08,Actual,2790546
Marketing,EXP,West,Beverages,Modern Trade,2025-08,Actual,398649
Distribution,EXP,West,Beverages,Modern Trade,2025-08,Actual,298987
Salary,EXP,West,Beverages,Modern Trade,2025-08,Actual,564753
Freight,EXP,West,Beverages,Modern Trade,2025-08,Actual,166104
Other_Opex,EXP,West,Beverages,Modern Trade,2025-08,Actual,232545
Gross_Sales,INC,West,Beverages,Modern Trade,2025-09,Actual,7255115
COGS,EXP,West,Beverages,Modern Trade,2025-09,Actual,3047148
Marketing,EXP,West,Beverages,Modern Trade,2025-09,Actual,435307
Distribution,EXP,West,Beverages,Modern Trade,2025-09,Actual,326480
Salary,EXP,West,Beverages,Modern Trade,2025-09,Actual,616685
Freight,EXP,West,Beverages,Modern Trade,2025-09,Actual,181378
Other_Opex,EXP,West,Beverages,Modern Trade,2025-09,Actual,253929
Gross_Sales,INC,West,Beverages,Modern Trade,2025-10,Actual,8698586
COGS,EXP,West,Beverages,Modern Trade,2025-10,Actual,3653406
Marketing,EXP,West,Beverages,Modern Trade,2025-10,Actual,521915
Distribution,EXP,West,Beverages,Modern Trade,2025-10,Actual,391436
Salary,EXP,West,Beverages,Modern Trade,2025-10,Actual,739380
Freight,EXP,West,Beverages,Modern Trade,2025-10,Actual,217465
Other_Opex,EXP,West,Beverages,Modern Trade,2025-10,Actual,304451
Gross_Sales,INC,West,Beverages,Modern Trade,2025-11,Actual,10280141
COGS,EXP,West,Beverages,Modern Trade,2025-11,Actual,4317659
Marketing,EXP,West,Beverages,Modern Trade,2025-11,Actual,616808
Distribution,EXP,West,Beverages,Modern Trade,2025-11,Actual,462606
Salary,EXP,West,Beverages,Modern Trade,2025-11,Actual,873812
Freight,EXP,West,Beverages,Modern Trade,2025-11,Actual,257004
Other_Opex,EXP,West,Beverages,Modern Trade,2025-11,Actual,359805
Gross_Sales,INC,West,Beverages,Modern Trade,2025-12,Actual,8553402
COGS,EXP,West,Beverages,Modern Trade,2025-12,Actual,3592429
Marketing,EXP,West,Beverages,Modern Trade,2025-12,Actual,513204
Distribution,EXP,West,Beverages,Modern Trade,2025-12,Actual,384903
Salary,EXP,West,Beverages,Modern Trade,2025-12,Actual,727039
Freight,EXP,West,Beverages,Modern Trade,2025-12,Actual,213835
Other_Opex,EXP,West,Beverages,Modern Trade,2025-12,Actual,299369
Gross_Sales,INC,West,Beverages,Modern Trade,2026-01,Actual,7407858
COGS,EXP,West,Beverages,Modern Trade,2026-01,Actual,3111300
Marketing,EXP,West,Beverages,Modern Trade,2026-01,Actual,444471
Distribution,EXP,West,Beverages,Modern Trade,2026-01,Actual,333354
Salary,EXP,West,Beverages,Modern Trade,2026-01,Actual,629668
Freight,EXP,West,Beverages,Modern Trade,2026-01,Actual,185196
Other_Opex,EXP,West,Beverages,Modern Trade,2026-01,Actual,259275
Gross_Sales,INC,West,Beverages,Modern Trade,2026-02,Actual,7866076
COGS,EXP,West,Beverages,Modern Trade,2026-02,Actual,3303752
Marketing,EXP,West,Beverages,Modern Trade,2026-02,Actual,471965
Distribution,EXP,West,Beverages,Modern Trade,2026-02,Actual,353973
Salary,EXP,West,Beverages,Modern Trade,2026-02,Actual,668616
Freight,EXP,West,Beverages,Modern Trade,2026-02,Actual,196652
Other_Opex,EXP,West,Beverages,Modern Trade,2026-02,Actual,275313
Gross_Sales,INC,West,Beverages,Modern Trade,2026-03,Actual,8247916
COGS,EXP,West,Beverages,Modern Trade,2026-03,Actual,3464125
Marketing,EXP,West,Beverages,Modern Trade,2026-03,Actual,494875
Distribution,EXP,West,Beverages,Modern Trade,2026-03,Actual,371156
Salary,EXP,West,Beverages,Modern Trade,2026-03,Actual,701073
Freight,EXP,West,Beverages,Modern Trade,2026-03,Actual,206198
Other_Opex,EXP,West,Beverages,Modern Trade,2026-03,Actual,288677
Gross_Sales,INC,West,Beverages,Quick Commerce,2025-04,Actual,6508298
COGS,EXP,West,Beverages,Quick Commerce,2025-04,Actual,2733485
Marketing,EXP,West,Beverages,Quick Commerce,2025-04,Actual,390498
Distribution,EXP,West,Beverages,Quick Commerce,2025-04,Actual,292873
Salary,EXP,West,Beverages,Quick Commerce,2025-04,Actual,553205
Freight,EXP,West,Beverages,Quick Commerce,2025-04,Actual,162707
Other_Opex,EXP,West,Beverages,Quick Commerce,2025-04,Actual,227790
Gross_Sales,INC,West,Beverages,Quick Commerce,2025-05,Actual,6924315
COGS,EXP,West,Beverages,Quick Commerce,2025-05,Actual,2908212
Marketing,EXP,West,Beverages,Quick Commerce,2025-05,Actual,415459
Distribution,EXP,West,Beverages,Quick Commerce,2025-05,Actual,311594
Salary,EXP,West,Beverages,Quick Commerce,2025-05,Actual,588567
Freight,EXP,West,Beverages,Quick Commerce,2025-05,Actual,173108
Other_Opex,EXP,West,Beverages,Quick Commerce,2025-05,Actual,242351
Gross_Sales,INC,West,Beverages,Quick Commerce,2025-06,Actual,5611929
COGS,EXP,West,Beverages,Quick Commerce,2025-06,Actual,2357010
Marketing,EXP,West,Beverages,Quick Commerce,2025-06,Actual,336716
Distribution,EXP,West,Beverages,Quick Commerce,2025-06,Actual,252537
Salary,EXP,West,Beverages,Quick Commerce,2025-06,Actual,477014
Freight,EXP,West,Beverages,Quick Commerce,2025-06,Actual,140298
Other_Opex,EXP,West,Beverages,Quick Commerce,2025-06,Actual,196418
Gross_Sales,INC,West,Beverages,Quick Commerce,2025-07,Actual,5481393
COGS,EXP,West,Beverages,Quick Commerce,2025-07,Actual,2302185
Marketing,EXP,West,Beverages,Quick Commerce,2025-07,Actual,328884
Distribution,EXP,West,Beverages,Quick Commerce,2025-07,Actual,246663
Salary,EXP,West,Beverages,Quick Commerce,2025-07,Actual,465918
Freight,EXP,West,Beverages,Quick Commerce,2025-07,Actual,137035
Other_Opex,EXP,West,Beverages,Quick Commerce,2025-07,Actual,191849
Gross_Sales,INC,West,Beverages,Quick Commerce,2025-08,Actual,5962490
COGS,EXP,West,Beverages,Quick Commerce,2025-08,Actual,2504246
Marketing,EXP,West,Beverages,Quick Commerce,2025-08,Actual,357749
Distribution,EXP,West,Beverages,Quick Commerce,2025-08,Actual,268312
Salary,EXP,West,Beverages,Quick Commerce,2025-08,Actual,506812
Freight,EXP,West,Beverages,Quick Commerce,2025-08,Actual,149062
Other_Opex,EXP,West,Beverages,Quick Commerce,2025-08,Actual,208687
Gross_Sales,INC,West,Beverages,Quick Commerce,2025-09,Actual,6592739
COGS,EXP,West,Beverages,Quick Commerce,2025-09,Actual,2768950
Marketing,EXP,West,Beverages,Quick Commerce,2025-09,Actual,395564
Distribution,EXP,West,Beverages,Quick Commerce,2025-09,Actual,296673
Salary,EXP,West,Beverages,Quick Commerce,2025-09,Actual,560383
Freight,EXP,West,Beverages,Quick Commerce,2025-09,Actual,164818
Other_Opex,EXP,West,Beverages,Quick Commerce,2025-09,Actual,230746
Gross_Sales,INC,West,Beverages,Quick Commerce,2025-10,Actual,8002695
COGS,EXP,West,Beverages,Quick Commerce,2025-10,Actual,3361132
Marketing,EXP,West,Beverages,Quick Commerce,2025-10,Actual,480162
Distribution,EXP,West,Beverages,Quick Commerce,2025-10,Actual,360121
Salary,EXP,West,Beverages,Quick Commerce,2025-10,Actual,680229
Freight,EXP,West,Beverages,Quick Commerce,2025-10,Actual,200067
Other_Opex,EXP,West,Beverages,Quick Commerce,2025-10,Actual,280094
Gross_Sales,INC,West,Beverages,Quick Commerce,2025-11,Actual,9573881
COGS,EXP,West,Beverages,Quick Commerce,2025-11,Actual,4021030
Marketing,EXP,West,Beverages,Quick Commerce,2025-11,Actual,574433
Distribution,EXP,West,Beverages,Quick Commerce,2025-11,Actual,430825
Salary,EXP,West,Beverages,Quick Commerce,2025-11,Actual,813780
Freight,EXP,West,Beverages,Quick Commerce,2025-11,Actual,239347
Other_Opex,EXP,West,Beverages,Quick Commerce,2025-11,Actual,335086
Gross_Sales,INC,West,Beverages,Quick Commerce,2025-12,Actual,6902745
COGS,EXP,West,Beverages,Quick Commerce,2025-12,Actual,2899153
Marketing,EXP,West,Beverages,Quick Commerce,2025-12,Actual,414165
Distribution,EXP,West,Beverages,Quick Commerce,2025-12,Actual,310624
Salary,EXP,West,Beverages,Quick Commerce,2025-12,Actual,586733
Freight,EXP,West,Beverages,Quick Commerce,2025-12,Actual,172569
Other_Opex,EXP,West,Beverages,Quick Commerce,2025-12,Actual,241596
Gross_Sales,INC,West,Beverages,Quick Commerce,2026-01,Actual,6061961
COGS,EXP,West,Beverages,Quick Commerce,2026-01,Actual,2546024
Marketing,EXP,West,Beverages,Quick Commerce,2026-01,Actual,363718
Distribution,EXP,West,Beverages,Quick Commerce,2026-01,Actual,272788
Salary,EXP,West,Beverages,Quick Commerce,2026-01,Actual,515267
Freight,EXP,West,Beverages,Quick Commerce,2026-01,Actual,151549
Other_Opex,EXP,West,Beverages,Quick Commerce,2026-01,Actual,212169
Gross_Sales,INC,West,Beverages,Quick Commerce,2026-02,Actual,6525807
COGS,EXP,West,Beverages,Quick Commerce,2026-02,Actual,2740839
Marketing,EXP,West,Beverages,Quick Commerce,2026-02,Actual,391548
Distribution,EXP,West,Beverages,Quick Commerce,2026-02,Actual,293661
Salary,EXP,West,Beverages,Quick Commerce,2026-02,Actual,554694
Freight,EXP,West,Beverages,Quick Commerce,2026-02,Actual,163145
Other_Opex,EXP,West,Beverages,Quick Commerce,2026-02,Actual,228403
Gross_Sales,INC,West,Beverages,Quick Commerce,2026-03,Actual,6935779
COGS,EXP,West,Beverages,Quick Commerce,2026-03,Actual,2913027
Marketing,EXP,West,Beverages,Quick Commerce,2026-03,Actual,416147
Distribution,EXP,West,Beverages,Quick Commerce,2026-03,Actual,312110
Salary,EXP,West,Beverages,Quick Commerce,2026-03,Actual,589541
Freight,EXP,West,Beverages,Quick Commerce,2026-03,Actual,173394
Other_Opex,EXP,West,Beverages,Quick Commerce,2026-03,Actual,242752
Gross_Sales,INC,West,Personal Care,E-Commerce,2025-04,Actual,3850681
COGS,EXP,West,Personal Care,E-Commerce,2025-04,Actual,1617286
Marketing,EXP,West,Personal Care,E-Commerce,2025-04,Actual,231041
Distribution,EXP,West,Personal Care,E-Commerce,2025-04,Actual,173281
Salary,EXP,West,Personal Care,E-Commerce,2025-04,Actual,327308
Freight,EXP,West,Personal Care,E-Commerce,2025-04,Actual,96267
Other_Opex,EXP,West,Personal Care,E-Commerce,2025-04,Actual,134774
Gross_Sales,INC,West,Personal Care,E-Commerce,2025-05,Actual,4096819
COGS,EXP,West,Personal Care,E-Commerce,2025-05,Actual,1720664
Marketing,EXP,West,Personal Care,E-Commerce,2025-05,Actual,245809
Distribution,EXP,West,Personal Care,E-Commerce,2025-05,Actual,184357
Salary,EXP,West,Personal Care,E-Commerce,2025-05,Actual,348230
Freight,EXP,West,Personal Care,E-Commerce,2025-05,Actual,102420
Other_Opex,EXP,West,Personal Care,E-Commerce,2025-05,Actual,143389
Gross_Sales,INC,West,Personal Care,E-Commerce,2025-06,Actual,3585966
COGS,EXP,West,Personal Care,E-Commerce,2025-06,Actual,1506106
Marketing,EXP,West,Personal Care,E-Commerce,2025-06,Actual,215158
Distribution,EXP,West,Personal Care,E-Commerce,2025-06,Actual,161368
Salary,EXP,West,Personal Care,E-Commerce,2025-06,Actual,304807
Freight,EXP,West,Personal Care,E-Commerce,2025-06,Actual,89649
Other_Opex,EXP,West,Personal Care,E-Commerce,2025-06,Actual,125509
Gross_Sales,INC,West,Personal Care,E-Commerce,2025-07,Actual,3243108
COGS,EXP,West,Personal Care,E-Commerce,2025-07,Actual,1362105
Marketing,EXP,West,Personal Care,E-Commerce,2025-07,Actual,194586
Distribution,EXP,West,Personal Care,E-Commerce,2025-07,Actual,145940
Salary,EXP,West,Personal Care,E-Commerce,2025-07,Actual,275664
Freight,EXP,West,Personal Care,E-Commerce,2025-07,Actual,81078
Other_Opex,EXP,West,Personal Care,E-Commerce,2025-07,Actual,113509
Gross_Sales,INC,West,Personal Care,E-Commerce,2025-08,Actual,3527744
COGS,EXP,West,Personal Care,E-Commerce,2025-08,Actual,1481652
Marketing,EXP,West,Personal Care,E-Commerce,2025-08,Actual,211665
Distribution,EXP,West,Personal Care,E-Commerce,2025-08,Actual,158748
Salary,EXP,West,Personal Care,E-Commerce,2025-08,Actual,299858
Freight,EXP,West,Personal Care,E-Commerce,2025-08,Actual,88194
Other_Opex,EXP,West,Personal Care,E-Commerce,2025-08,Actual,123471
Gross_Sales,INC,West,Personal Care,E-Commerce,2025-09,Actual,3900640
COGS,EXP,West,Personal Care,E-Commerce,2025-09,Actual,1638269
Marketing,EXP,West,Personal Care,E-Commerce,2025-09,Actual,234038
Distribution,EXP,West,Personal Care,E-Commerce,2025-09,Actual,175529
Salary,EXP,West,Personal Care,E-Commerce,2025-09,Actual,331554
Freight,EXP,West,Personal Care,E-Commerce,2025-09,Actual,97516
Other_Opex,EXP,West,Personal Care,E-Commerce,2025-09,Actual,136522
Gross_Sales,INC,West,Personal Care,E-Commerce,2025-10,Actual,4734854
COGS,EXP,West,Personal Care,E-Commerce,2025-10,Actual,1988639
Marketing,EXP,West,Personal Care,E-Commerce,2025-10,Actual,284091
Distribution,EXP,West,Personal Care,E-Commerce,2025-10,Actual,213068
Salary,EXP,West,Personal Care,E-Commerce,2025-10,Actual,402463
Freight,EXP,West,Personal Care,E-Commerce,2025-10,Actual,118371
Other_Opex,EXP,West,Personal Care,E-Commerce,2025-10,Actual,165720
Gross_Sales,INC,West,Personal Care,E-Commerce,2025-11,Actual,5664448
COGS,EXP,West,Personal Care,E-Commerce,2025-11,Actual,2379068
Marketing,EXP,West,Personal Care,E-Commerce,2025-11,Actual,339867
Distribution,EXP,West,Personal Care,E-Commerce,2025-11,Actual,254900
Salary,EXP,West,Personal Care,E-Commerce,2025-11,Actual,481478
Freight,EXP,West,Personal Care,E-Commerce,2025-11,Actual,141611
Other_Opex,EXP,West,Personal Care,E-Commerce,2025-11,Actual,198256
Gross_Sales,INC,West,Personal Care,E-Commerce,2025-12,Actual,4084054
COGS,EXP,West,Personal Care,E-Commerce,2025-12,Actual,1715303
Marketing,EXP,West,Personal Care,E-Commerce,2025-12,Actual,245043
Distribution,EXP,West,Personal Care,E-Commerce,2025-12,Actual,183782
Salary,EXP,West,Personal Care,E-Commerce,2025-12,Actual,347145
Freight,EXP,West,Personal Care,E-Commerce,2025-12,Actual,102101
Other_Opex,EXP,West,Personal Care,E-Commerce,2025-12,Actual,142942
Gross_Sales,INC,West,Personal Care,E-Commerce,2026-01,Actual,3586595
COGS,EXP,West,Personal Care,E-Commerce,2026-01,Actual,1506370
Marketing,EXP,West,Personal Care,E-Commerce,2026-01,Actual,215196
Distribution,EXP,West,Personal Care,E-Commerce,2026-01,Actual,161397
Salary,EXP,West,Personal Care,E-Commerce,2026-01,Actual,304861
Freight,EXP,West,Personal Care,E-Commerce,2026-01,Actual,89665
Other_Opex,EXP,West,Personal Care,E-Commerce,2026-01,Actual,125531
Gross_Sales,INC,West,Personal Care,E-Commerce,2026-02,Actual,3861040
COGS,EXP,West,Personal Care,E-Commerce,2026-02,Actual,1621637
Marketing,EXP,West,Personal Care,E-Commerce,2026-02,Actual,231662
Distribution,EXP,West,Personal Care,E-Commerce,2026-02,Actual,173747
Salary,EXP,West,Personal Care,E-Commerce,2026-02,Actual,328188
Freight,EXP,West,Personal Care,E-Commerce,2026-02,Actual,96526
Other_Opex,EXP,West,Personal Care,E-Commerce,2026-02,Actual,135136
Gross_Sales,INC,West,Personal Care,E-Commerce,2026-03,Actual,4103600
COGS,EXP,West,Personal Care,E-Commerce,2026-03,Actual,1723512
Marketing,EXP,West,Personal Care,E-Commerce,2026-03,Actual,246216
Distribution,EXP,West,Personal Care,E-Commerce,2026-03,Actual,184662
Salary,EXP,West,Personal Care,E-Commerce,2026-03,Actual,348806
Freight,EXP,West,Personal Care,E-Commerce,2026-03,Actual,102590
Other_Opex,EXP,West,Personal Care,E-Commerce,2026-03,Actual,143626
Gross_Sales,INC,West,Personal Care,General Trade,2025-04,Actual,3440073
COGS,EXP,West,Personal Care,General Trade,2025-04,Actual,1444831
Marketing,EXP,West,Personal Care,General Trade,2025-04,Actual,206404
Distribution,EXP,West,Personal Care,General Trade,2025-04,Actual,154803
Salary,EXP,West,Personal Care,General Trade,2025-04,Actual,292406
Freight,EXP,West,Personal Care,General Trade,2025-04,Actual,86002
Other_Opex,EXP,West,Personal Care,General Trade,2025-04,Actual,120403
Gross_Sales,INC,West,Personal Care,General Trade,2025-05,Actual,3612079
COGS,EXP,West,Personal Care,General Trade,2025-05,Actual,1517073
Marketing,EXP,West,Personal Care,General Trade,2025-05,Actual,216725
Distribution,EXP,West,Personal Care,General Trade,2025-05,Actual,162544
Salary,EXP,West,Personal Care,General Trade,2025-05,Actual,307027
Freight,EXP,West,Personal Care,General Trade,2025-05,Actual,90302
Other_Opex,EXP,West,Personal Care,General Trade,2025-05,Actual,126423
Gross_Sales,INC,West,Personal Care,General Trade,2025-06,Actual,2889666
COGS,EXP,West,Personal Care,General Trade,2025-06,Actual,1213660
Marketing,EXP,West,Personal Care,General Trade,2025-06,Actual,173380
Distribution,EXP,West,Personal Care,General Trade,2025-06,Actual,130035
Salary,EXP,West,Personal Care,General Trade,2025-06,Actual,245622
Freight,EXP,West,Personal Care,General Trade,2025-06,Actual,72242
Other_Opex,EXP,West,Personal Care,General Trade,2025-06,Actual,101138
Gross_Sales,INC,West,Personal Care,General Trade,2025-07,Actual,2786462
COGS,EXP,West,Personal Care,General Trade,2025-07,Actual,1170314
Marketing,EXP,West,Personal Care,General Trade,2025-07,Actual,167188
Distribution,EXP,West,Personal Care,General Trade,2025-07,Actual,125391
Salary,EXP,West,Personal Care,General Trade,2025-07,Actual,236849
Freight,EXP,West,Personal Care,General Trade,2025-07,Actual,69662
Other_Opex,EXP,West,Personal Care,General Trade,2025-07,Actual,97526
Gross_Sales,INC,West,Personal Care,General Trade,2025-08,Actual,2992862
COGS,EXP,West,Personal Care,General Trade,2025-08,Actual,1257002
Marketing,EXP,West,Personal Care,General Trade,2025-08,Actual,179572
Distribution,EXP,West,Personal Care,General Trade,2025-08,Actual,134679
Salary,EXP,West,Personal Care,General Trade,2025-08,Actual,254393
Freight,EXP,West,Personal Care,General Trade,2025-08,Actual,74822
Other_Opex,EXP,West,Personal Care,General Trade,2025-08,Actual,104750
Gross_Sales,INC,West,Personal Care,General Trade,2025-09,Actual,3268072
COGS,EXP,West,Personal Care,General Trade,2025-09,Actual,1372590
Marketing,EXP,West,Personal Care,General Trade,2025-09,Actual,196084
Distribution,EXP,West,Personal Care,General Trade,2025-09,Actual,147063
Salary,EXP,West,Personal Care,General Trade,2025-09,Actual,277786
Freight,EXP,West,Personal Care,General Trade,2025-09,Actual,81702
Other_Opex,EXP,West,Personal Care,General Trade,2025-09,Actual,114383
Gross_Sales,INC,West,Personal Care,General Trade,2025-10,Actual,3918277
COGS,EXP,West,Personal Care,General Trade,2025-10,Actual,1645676
Marketing,EXP,West,Personal Care,General Trade,2025-10,Actual,235097
Distribution,EXP,West,Personal Care,General Trade,2025-10,Actual,176322
Salary,EXP,West,Personal Care,General Trade,2025-10,Actual,333054
Freight,EXP,West,Personal Care,General Trade,2025-10,Actual,97957
Other_Opex,EXP,West,Personal Care,General Trade,2025-10,Actual,137140
Gross_Sales,INC,West,Personal Care,General Trade,2025-11,Actual,4630695
COGS,EXP,West,Personal Care,General Trade,2025-11,Actual,1944892
Marketing,EXP,West,Personal Care,General Trade,2025-11,Actual,277842
Distribution,EXP,West,Personal Care,General Trade,2025-11,Actual,208381
Salary,EXP,West,Personal Care,General Trade,2025-11,Actual,393609
Freight,EXP,West,Personal Care,General Trade,2025-11,Actual,115767
Other_Opex,EXP,West,Personal Care,General Trade,2025-11,Actual,162074
Gross_Sales,INC,West,Personal Care,General Trade,2025-12,Actual,3852883
COGS,EXP,West,Personal Care,General Trade,2025-12,Actual,1618211
Marketing,EXP,West,Personal Care,General Trade,2025-12,Actual,231173
Distribution,EXP,West,Personal Care,General Trade,2025-12,Actual,173380
Salary,EXP,West,Personal Care,General Trade,2025-12,Actual,327495
Freight,EXP,West,Personal Care,General Trade,2025-12,Actual,96322
Other_Opex,EXP,West,Personal Care,General Trade,2025-12,Actual,134851
Gross_Sales,INC,West,Personal Care,General Trade,2026-01,Actual,3336872
COGS,EXP,West,Personal Care,General Trade,2026-01,Actual,1401486
Marketing,EXP,West,Personal Care,General Trade,2026-01,Actual,200212
Distribution,EXP,West,Personal Care,General Trade,2026-01,Actual,150159
Salary,EXP,West,Personal Care,General Trade,2026-01,Actual,283634
Freight,EXP,West,Personal Care,General Trade,2026-01,Actual,83422
Other_Opex,EXP,West,Personal Care,General Trade,2026-01,Actual,116791
Gross_Sales,INC,West,Personal Care,General Trade,2026-02,Actual,3543276
COGS,EXP,West,Personal Care,General Trade,2026-02,Actual,1488176
Marketing,EXP,West,Personal Care,General Trade,2026-02,Actual,212597
Distribution,EXP,West,Personal Care,General Trade,2026-02,Actual,159447
Salary,EXP,West,Personal Care,General Trade,2026-02,Actual,301178
Freight,EXP,West,Personal Care,General Trade,2026-02,Actual,88582
Other_Opex,EXP,West,Personal Care,General Trade,2026-02,Actual,124015
Gross_Sales,INC,West,Personal Care,General Trade,2026-03,Actual,3715282
COGS,EXP,West,Personal Care,General Trade,2026-03,Actual,1560418
Marketing,EXP,West,Personal Care,General Trade,2026-03,Actual,222917
Distribution,EXP,West,Personal Care,General Trade,2026-03,Actual,167188
Salary,EXP,West,Personal Care,General Trade,2026-03,Actual,315799
Freight,EXP,West,Personal Care,General Trade,2026-03,Actual,92882
Other_Opex,EXP,West,Personal Care,General Trade,2026-03,Actual,130035
Gross_Sales,INC,West,Personal Care,Modern Trade,2025-04,Actual,3921679
COGS,EXP,West,Personal Care,Modern Trade,2025-04,Actual,1647105
Marketing,EXP,West,Personal Care,Modern Trade,2025-04,Actual,235301
Distribution,EXP,West,Personal Care,Modern Trade,2025-04,Actual,176476
Salary,EXP,West,Personal Care,Modern Trade,2025-04,Actual,333343
Freight,EXP,West,Personal Care,Modern Trade,2025-04,Actual,98042
Other_Opex,EXP,West,Personal Care,Modern Trade,2025-04,Actual,137259
Gross_Sales,INC,West,Personal Care,Modern Trade,2025-05,Actual,4117766
COGS,EXP,West,Personal Care,Modern Trade,2025-05,Actual,1729462
Marketing,EXP,West,Personal Care,Modern Trade,2025-05,Actual,247066
Distribution,EXP,West,Personal Care,Modern Trade,2025-05,Actual,185299
Salary,EXP,West,Personal Care,Modern Trade,2025-05,Actual,350010
Freight,EXP,West,Personal Care,Modern Trade,2025-05,Actual,102944
Other_Opex,EXP,West,Personal Care,Modern Trade,2025-05,Actual,144122
Gross_Sales,INC,West,Personal Care,Modern Trade,2025-06,Actual,3294213
COGS,EXP,West,Personal Care,Modern Trade,2025-06,Actual,1383569
Marketing,EXP,West,Personal Care,Modern Trade,2025-06,Actual,197653
Distribution,EXP,West,Personal Care,Modern Trade,2025-06,Actual,148240
Salary,EXP,West,Personal Care,Modern Trade,2025-06,Actual,280008
Freight,EXP,West,Personal Care,Modern Trade,2025-06,Actual,82355
Other_Opex,EXP,West,Personal Care,Modern Trade,2025-06,Actual,115297
Gross_Sales,INC,West,Personal Care,Modern Trade,2025-07,Actual,3176562
COGS,EXP,West,Personal Care,Modern Trade,2025-07,Actual,1334156
Marketing,EXP,West,Personal Care,Modern Trade,2025-07,Actual,190594
Distribution,EXP,West,Personal Care,Modern Trade,2025-07,Actual,142945
Salary,EXP,West,Personal Care,Modern Trade,2025-07,Actual,270008
Freight,EXP,West,Personal Care,Modern Trade,2025-07,Actual,79414
Other_Opex,EXP,West,Personal Care,Modern Trade,2025-07,Actual,111180
Gross_Sales,INC,West,Personal Care,Modern Trade,2025-08,Actual,3411864
COGS,EXP,West,Personal Care,Modern Trade,2025-08,Actual,1432983
Marketing,EXP,West,Personal Care,Modern Trade,2025-08,Actual,204712
Distribution,EXP,West,Personal Care,Modern Trade,2025-08,Actual,153534
Salary,EXP,West,Personal Care,Modern Trade,2025-08,Actual,290008
Freight,EXP,West,Personal Care,Modern Trade,2025-08,Actual,85297
Other_Opex,EXP,West,Personal Care,Modern Trade,2025-08,Actual,119415
Gross_Sales,INC,West,Personal Care,Modern Trade,2025-09,Actual,3725606
COGS,EXP,West,Personal Care,Modern Trade,2025-09,Actual,1564755
Marketing,EXP,West,Personal Care,Modern Trade,2025-09,Actual,223536
Distribution,EXP,West,Personal Care,Modern Trade,2025-09,Actual,167652
Salary,EXP,West,Personal Care,Modern Trade,2025-09,Actual,316677
Freight,EXP,West,Personal Care,Modern Trade,2025-09,Actual,93140
Other_Opex,EXP,West,Personal Care,Modern Trade,2025-09,Actual,130396
Gross_Sales,INC,West,Personal Care,Modern Trade,2025-10,Actual,4466840
COGS,EXP,West,Personal Care,Modern Trade,2025-10,Actual,1876073
Marketing,EXP,West,Personal Care,Modern Trade,2025-10,Actual,268010
Distribution,EXP,West,Personal Care,Modern Trade,2025-10,Actual,201008
Salary,EXP,West,Personal Care,Modern Trade,2025-10,Actual,379681
Freight,EXP,West,Personal Care,Modern Trade,2025-10,Actual,111671
Other_Opex,EXP,West,Personal Care,Modern Trade,2025-10,Actual,156339
Gross_Sales,INC,West,Personal Care,Modern Trade,2025-11,Actual,5278992
COGS,EXP,West,Personal Care,Modern Trade,2025-11,Actual,2217177
Marketing,EXP,West,Personal Care,Modern Trade,2025-11,Actual,316740
Distribution,EXP,West,Personal Care,Modern Trade,2025-11,Actual,237555
Salary,EXP,West,Personal Care,Modern Trade,2025-11,Actual,448714
Freight,EXP,West,Personal Care,Modern Trade,2025-11,Actual,131975
Other_Opex,EXP,West,Personal Care,Modern Trade,2025-11,Actual,184765
Gross_Sales,INC,West,Personal Care,Modern Trade,2025-12,Actual,4392288
COGS,EXP,West,Personal Care,Modern Trade,2025-12,Actual,1844761
Marketing,EXP,West,Personal Care,Modern Trade,2025-12,Actual,263537
Distribution,EXP,West,Personal Care,Modern Trade,2025-12,Actual,197653
Salary,EXP,West,Personal Care,Modern Trade,2025-12,Actual,373344
Freight,EXP,West,Personal Care,Modern Trade,2025-12,Actual,109807
Other_Opex,EXP,West,Personal Care,Modern Trade,2025-12,Actual,153730
Gross_Sales,INC,West,Personal Care,Modern Trade,2026-01,Actual,3804034
COGS,EXP,West,Personal Care,Modern Trade,2026-01,Actual,1597694
Marketing,EXP,West,Personal Care,Modern Trade,2026-01,Actual,228242
Distribution,EXP,West,Personal Care,Modern Trade,2026-01,Actual,171182
Salary,EXP,West,Personal Care,Modern Trade,2026-01,Actual,323343
Freight,EXP,West,Personal Care,Modern Trade,2026-01,Actual,95101
Other_Opex,EXP,West,Personal Care,Modern Trade,2026-01,Actual,133141
Gross_Sales,INC,West,Personal Care,Modern Trade,2026-02,Actual,4039331
COGS,EXP,West,Personal Care,Modern Trade,2026-02,Actual,1696519
Marketing,EXP,West,Personal Care,Modern Trade,2026-02,Actual,242360
Distribution,EXP,West,Personal Care,Modern Trade,2026-02,Actual,181770
Salary,EXP,West,Personal Care,Modern Trade,2026-02,Actual,343343
Freight,EXP,West,Personal Care,Modern Trade,2026-02,Actual,100983
Other_Opex,EXP,West,Personal Care,Modern Trade,2026-02,Actual,141377
Gross_Sales,INC,West,Personal Care,Modern Trade,2026-03,Actual,4235417
COGS,EXP,West,Personal Care,Modern Trade,2026-03,Actual,1778875
Marketing,EXP,West,Personal Care,Modern Trade,2026-03,Actual,254125
Distribution,EXP,West,Personal Care,Modern Trade,2026-03,Actual,190594
Salary,EXP,West,Personal Care,Modern Trade,2026-03,Actual,360010
Freight,EXP,West,Personal Care,Modern Trade,2026-03,Actual,105885
Other_Opex,EXP,West,Personal Care,Modern Trade,2026-03,Actual,148240
Gross_Sales,INC,West,Personal Care,Quick Commerce,2025-04,Actual,3342101
COGS,EXP,West,Personal Care,Quick Commerce,2025-04,Actual,1403682
Marketing,EXP,West,Personal Care,Quick Commerce,2025-04,Actual,200526
Distribution,EXP,West,Personal Care,Quick Commerce,2025-04,Actual,150395
Salary,EXP,West,Personal Care,Quick Commerce,2025-04,Actual,284079
Freight,EXP,West,Personal Care,Quick Commerce,2025-04,Actual,83553
Other_Opex,EXP,West,Personal Care,Quick Commerce,2025-04,Actual,116974
Gross_Sales,INC,West,Personal Care,Quick Commerce,2025-05,Actual,3555728
COGS,EXP,West,Personal Care,Quick Commerce,2025-05,Actual,1493406
Marketing,EXP,West,Personal Care,Quick Commerce,2025-05,Actual,213344
Distribution,EXP,West,Personal Care,Quick Commerce,2025-05,Actual,160008
Salary,EXP,West,Personal Care,Quick Commerce,2025-05,Actual,302237
Freight,EXP,West,Personal Care,Quick Commerce,2025-05,Actual,88893
Other_Opex,EXP,West,Personal Care,Quick Commerce,2025-05,Actual,124450
Gross_Sales,INC,West,Personal Care,Quick Commerce,2025-06,Actual,2881801
COGS,EXP,West,Personal Care,Quick Commerce,2025-06,Actual,1210356
Marketing,EXP,West,Personal Care,Quick Commerce,2025-06,Actual,172908
Distribution,EXP,West,Personal Care,Quick Commerce,2025-06,Actual,129681
Salary,EXP,West,Personal Care,Quick Commerce,2025-06,Actual,244953
Freight,EXP,West,Personal Care,Quick Commerce,2025-06,Actual,72045
Other_Opex,EXP,West,Personal Care,Quick Commerce,2025-06,Actual,100863
Gross_Sales,INC,West,Personal Care,Quick Commerce,2025-07,Actual,2814770
COGS,EXP,West,Personal Care,Quick Commerce,2025-07,Actual,1182203
Marketing,EXP,West,Personal Care,Quick Commerce,2025-07,Actual,168886
Distribution,EXP,West,Personal Care,Quick Commerce,2025-07,Actual,126665
Salary,EXP,West,Personal Care,Quick Commerce,2025-07,Actual,239255
Freight,EXP,West,Personal Care,Quick Commerce,2025-07,Actual,70369
Other_Opex,EXP,West,Personal Care,Quick Commerce,2025-07,Actual,98517
Gross_Sales,INC,West,Personal Care,Quick Commerce,2025-08,Actual,3061823
COGS,EXP,West,Personal Care,Quick Commerce,2025-08,Actual,1285966
Marketing,EXP,West,Personal Care,Quick Commerce,2025-08,Actual,183709
Distribution,EXP,West,Personal Care,Quick Commerce,2025-08,Actual,137782
Salary,EXP,West,Personal Care,Quick Commerce,2025-08,Actual,260255
Freight,EXP,West,Personal Care,Quick Commerce,2025-08,Actual,76546
Other_Opex,EXP,West,Personal Care,Quick Commerce,2025-08,Actual,107164
Gross_Sales,INC,West,Personal Care,Quick Commerce,2025-09,Actual,3385459
COGS,EXP,West,Personal Care,Quick Commerce,2025-09,Actual,1421893
Marketing,EXP,West,Personal Care,Quick Commerce,2025-09,Actual,203128
Distribution,EXP,West,Personal Care,Quick Commerce,2025-09,Actual,152346
Salary,EXP,West,Personal Care,Quick Commerce,2025-09,Actual,287764
Freight,EXP,West,Personal Care,Quick Commerce,2025-09,Actual,84636
Other_Opex,EXP,West,Personal Care,Quick Commerce,2025-09,Actual,118491
Gross_Sales,INC,West,Personal Care,Quick Commerce,2025-10,Actual,4109496
COGS,EXP,West,Personal Care,Quick Commerce,2025-10,Actual,1725988
Marketing,EXP,West,Personal Care,Quick Commerce,2025-10,Actual,246570
Distribution,EXP,West,Personal Care,Quick Commerce,2025-10,Actual,184927
Salary,EXP,West,Personal Care,Quick Commerce,2025-10,Actual,349307
Freight,EXP,West,Personal Care,Quick Commerce,2025-10,Actual,102737
Other_Opex,EXP,West,Personal Care,Quick Commerce,2025-10,Actual,143832
Gross_Sales,INC,West,Personal Care,Quick Commerce,2025-11,Actual,4916317
COGS,EXP,West,Personal Care,Quick Commerce,2025-11,Actual,2064853
Marketing,EXP,West,Personal Care,Quick Commerce,2025-11,Actual,294979
Distribution,EXP,West,Personal Care,Quick Commerce,2025-11,Actual,221234
Salary,EXP,West,Personal Care,Quick Commerce,2025-11,Actual,417887
Freight,EXP,West,Personal Care,Quick Commerce,2025-11,Actual,122908
Other_Opex,EXP,West,Personal Care,Quick Commerce,2025-11,Actual,172071
Gross_Sales,INC,West,Personal Care,Quick Commerce,2025-12,Actual,3544655
COGS,EXP,West,Personal Care,Quick Commerce,2025-12,Actual,1488755
Marketing,EXP,West,Personal Care,Quick Commerce,2025-12,Actual,212679
Distribution,EXP,West,Personal Care,Quick Commerce,2025-12,Actual,159509
Salary,EXP,West,Personal Care,Quick Commerce,2025-12,Actual,301296
Freight,EXP,West,Personal Care,Quick Commerce,2025-12,Actual,88616
Other_Opex,EXP,West,Personal Care,Quick Commerce,2025-12,Actual,124063
Gross_Sales,INC,West,Personal Care,Quick Commerce,2026-01,Actual,3112897
COGS,EXP,West,Personal Care,Quick Commerce,2026-01,Actual,1307417
Marketing,EXP,West,Personal Care,Quick Commerce,2026-01,Actual,186774
Distribution,EXP,West,Personal Care,Quick Commerce,2026-01,Actual,140080
Salary,EXP,West,Personal Care,Quick Commerce,2026-01,Actual,264596
Freight,EXP,West,Personal Care,Quick Commerce,2026-01,Actual,77822
Other_Opex,EXP,West,Personal Care,Quick Commerce,2026-01,Actual,108951
Gross_Sales,INC,West,Personal Care,Quick Commerce,2026-02,Actual,3351090
COGS,EXP,West,Personal Care,Quick Commerce,2026-02,Actual,1407458
Marketing,EXP,West,Personal Care,Quick Commerce,2026-02,Actual,201065
Distribution,EXP,West,Personal Care,Quick Commerce,2026-02,Actual,150799
Salary,EXP,West,Personal Care,Quick Commerce,2026-02,Actual,284843
Freight,EXP,West,Personal Care,Quick Commerce,2026-02,Actual,83777
Other_Opex,EXP,West,Personal Care,Quick Commerce,2026-02,Actual,117288
Gross_Sales,INC,West,Personal Care,Quick Commerce,2026-03,Actual,3561611
COGS,EXP,West,Personal Care,Quick Commerce,2026-03,Actual,1495877
Marketing,EXP,West,Personal Care,Quick Commerce,2026-03,Actual,213697
Distribution,EXP,West,Personal Care,Quick Commerce,2026-03,Actual,160272
Salary,EXP,West,Personal Care,Quick Commerce,2026-03,Actual,302737
Freight,EXP,West,Personal Care,Quick Commerce,2026-03,Actual,89040
Other_Opex,EXP,West,Personal Care,Quick Commerce,2026-03,Actual,124656
Gross_Sales,INC,West,Snacks,E-Commerce,2025-04,Actual,5066690
COGS,EXP,West,Snacks,E-Commerce,2025-04,Actual,2128010
Marketing,EXP,West,Snacks,E-Commerce,2025-04,Actual,304001
Distribution,EXP,West,Snacks,E-Commerce,2025-04,Actual,228001
Salary,EXP,West,Snacks,E-Commerce,2025-04,Actual,430669
Freight,EXP,West,Snacks,E-Commerce,2025-04,Actual,126667
Other_Opex,EXP,West,Snacks,E-Commerce,2025-04,Actual,177334
Gross_Sales,INC,West,Snacks,E-Commerce,2025-05,Actual,5390549
COGS,EXP,West,Snacks,E-Commerce,2025-05,Actual,2264031
Marketing,EXP,West,Snacks,E-Commerce,2025-05,Actual,323433
Distribution,EXP,West,Snacks,E-Commerce,2025-05,Actual,242575
Salary,EXP,West,Snacks,E-Commerce,2025-05,Actual,458197
Freight,EXP,West,Snacks,E-Commerce,2025-05,Actual,134764
Other_Opex,EXP,West,Snacks,E-Commerce,2025-05,Actual,188669
Gross_Sales,INC,West,Snacks,E-Commerce,2025-06,Actual,4718373
COGS,EXP,West,Snacks,E-Commerce,2025-06,Actual,1981717
Marketing,EXP,West,Snacks,E-Commerce,2025-06,Actual,283102
Distribution,EXP,West,Snacks,E-Commerce,2025-06,Actual,212327
Salary,EXP,West,Snacks,E-Commerce,2025-06,Actual,401062
Freight,EXP,West,Snacks,E-Commerce,2025-06,Actual,117959
Other_Opex,EXP,West,Snacks,E-Commerce,2025-06,Actual,165143
Gross_Sales,INC,West,Snacks,E-Commerce,2025-07,Actual,4267244
COGS,EXP,West,Snacks,E-Commerce,2025-07,Actual,1792242
Marketing,EXP,West,Snacks,E-Commerce,2025-07,Actual,256035
Distribution,EXP,West,Snacks,E-Commerce,2025-07,Actual,192026
Salary,EXP,West,Snacks,E-Commerce,2025-07,Actual,362716
Freight,EXP,West,Snacks,E-Commerce,2025-07,Actual,106681
Other_Opex,EXP,West,Snacks,E-Commerce,2025-07,Actual,149354
Gross_Sales,INC,West,Snacks,E-Commerce,2025-08,Actual,4641775
COGS,EXP,West,Snacks,E-Commerce,2025-08,Actual,1949546
Marketing,EXP,West,Snacks,E-Commerce,2025-08,Actual,278506
Distribution,EXP,West,Snacks,E-Commerce,2025-08,Actual,208880
Salary,EXP,West,Snacks,E-Commerce,2025-08,Actual,394551
Freight,EXP,West,Snacks,E-Commerce,2025-08,Actual,116044
Other_Opex,EXP,West,Snacks,E-Commerce,2025-08,Actual,162462
Gross_Sales,INC,West,Snacks,E-Commerce,2025-09,Actual,5132418
COGS,EXP,West,Snacks,E-Commerce,2025-09,Actual,2155616
Marketing,EXP,West,Snacks,E-Commerce,2025-09,Actual,307945
Distribution,EXP,West,Snacks,E-Commerce,2025-09,Actual,230959
Salary,EXP,West,Snacks,E-Commerce,2025-09,Actual,436256
Freight,EXP,West,Snacks,E-Commerce,2025-09,Actual,128310
Other_Opex,EXP,West,Snacks,E-Commerce,2025-09,Actual,179635
Gross_Sales,INC,West,Snacks,E-Commerce,2025-10,Actual,6230060
COGS,EXP,West,Snacks,E-Commerce,2025-10,Actual,2616625
Marketing,EXP,West,Snacks,E-Commerce,2025-10,Actual,373804
Distribution,EXP,West,Snacks,E-Commerce,2025-10,Actual,280353
Salary,EXP,West,Snacks,E-Commerce,2025-10,Actual,529555
Freight,EXP,West,Snacks,E-Commerce,2025-10,Actual,155752
Other_Opex,EXP,West,Snacks,E-Commerce,2025-10,Actual,218052
Gross_Sales,INC,West,Snacks,E-Commerce,2025-11,Actual,7453232
COGS,EXP,West,Snacks,E-Commerce,2025-11,Actual,3130357
Marketing,EXP,West,Snacks,E-Commerce,2025-11,Actual,447194
Distribution,EXP,West,Snacks,E-Commerce,2025-11,Actual,335395
Salary,EXP,West,Snacks,E-Commerce,2025-11,Actual,633525
Freight,EXP,West,Snacks,E-Commerce,2025-11,Actual,186331
Other_Opex,EXP,West,Snacks,E-Commerce,2025-11,Actual,260863
Gross_Sales,INC,West,Snacks,E-Commerce,2025-12,Actual,5373758
COGS,EXP,West,Snacks,E-Commerce,2025-12,Actual,2256978
Marketing,EXP,West,Snacks,E-Commerce,2025-12,Actual,322425
Distribution,EXP,West,Snacks,E-Commerce,2025-12,Actual,241819
Salary,EXP,West,Snacks,E-Commerce,2025-12,Actual,456769
Freight,EXP,West,Snacks,E-Commerce,2025-12,Actual,134344
Other_Opex,EXP,West,Snacks,E-Commerce,2025-12,Actual,188082
Gross_Sales,INC,West,Snacks,E-Commerce,2026-01,Actual,4719216
COGS,EXP,West,Snacks,E-Commerce,2026-01,Actual,1982071
Marketing,EXP,West,Snacks,E-Commerce,2026-01,Actual,283153
Distribution,EXP,West,Snacks,E-Commerce,2026-01,Actual,212365
Salary,EXP,West,Snacks,E-Commerce,2026-01,Actual,401133
Freight,EXP,West,Snacks,E-Commerce,2026-01,Actual,117980
Other_Opex,EXP,West,Snacks,E-Commerce,2026-01,Actual,165173
Gross_Sales,INC,West,Snacks,E-Commerce,2026-02,Actual,5080309
COGS,EXP,West,Snacks,E-Commerce,2026-02,Actual,2133730
Marketing,EXP,West,Snacks,E-Commerce,2026-02,Actual,304819
Distribution,EXP,West,Snacks,E-Commerce,2026-02,Actual,228614
Salary,EXP,West,Snacks,E-Commerce,2026-02,Actual,431826
Freight,EXP,West,Snacks,E-Commerce,2026-02,Actual,127008
Other_Opex,EXP,West,Snacks,E-Commerce,2026-02,Actual,177811
Gross_Sales,INC,West,Snacks,E-Commerce,2026-03,Actual,5399476
COGS,EXP,West,Snacks,E-Commerce,2026-03,Actual,2267780
Marketing,EXP,West,Snacks,E-Commerce,2026-03,Actual,323969
Distribution,EXP,West,Snacks,E-Commerce,2026-03,Actual,242976
Salary,EXP,West,Snacks,E-Commerce,2026-03,Actual,458955
Freight,EXP,West,Snacks,E-Commerce,2026-03,Actual,134987
Other_Opex,EXP,West,Snacks,E-Commerce,2026-03,Actual,188982
Gross_Sales,INC,West,Snacks,General Trade,2025-04,Actual,4526414
COGS,EXP,West,Snacks,General Trade,2025-04,Actual,1901094
Marketing,EXP,West,Snacks,General Trade,2025-04,Actual,271585
Distribution,EXP,West,Snacks,General Trade,2025-04,Actual,203689
Salary,EXP,West,Snacks,General Trade,2025-04,Actual,384745
Freight,EXP,West,Snacks,General Trade,2025-04,Actual,113160
Other_Opex,EXP,West,Snacks,General Trade,2025-04,Actual,158424
Gross_Sales,INC,West,Snacks,General Trade,2025-05,Actual,4752728
COGS,EXP,West,Snacks,General Trade,2025-05,Actual,1996146
Marketing,EXP,West,Snacks,General Trade,2025-05,Actual,285164
Distribution,EXP,West,Snacks,General Trade,2025-05,Actual,213873
Salary,EXP,West,Snacks,General Trade,2025-05,Actual,403982
Freight,EXP,West,Snacks,General Trade,2025-05,Actual,118818
Other_Opex,EXP,West,Snacks,General Trade,2025-05,Actual,166345
Gross_Sales,INC,West,Snacks,General Trade,2025-06,Actual,3802183
COGS,EXP,West,Snacks,General Trade,2025-06,Actual,1596917
Marketing,EXP,West,Snacks,General Trade,2025-06,Actual,228131
Distribution,EXP,West,Snacks,General Trade,2025-06,Actual,171098
Salary,EXP,West,Snacks,General Trade,2025-06,Actual,323186
Freight,EXP,West,Snacks,General Trade,2025-06,Actual,95055
Other_Opex,EXP,West,Snacks,General Trade,2025-06,Actual,133076
Gross_Sales,INC,West,Snacks,General Trade,2025-07,Actual,3666390
COGS,EXP,West,Snacks,General Trade,2025-07,Actual,1539884
Marketing,EXP,West,Snacks,General Trade,2025-07,Actual,219983
Distribution,EXP,West,Snacks,General Trade,2025-07,Actual,164988
Salary,EXP,West,Snacks,General Trade,2025-07,Actual,311643
Freight,EXP,West,Snacks,General Trade,2025-07,Actual,91660
Other_Opex,EXP,West,Snacks,General Trade,2025-07,Actual,128324
Gross_Sales,INC,West,Snacks,General Trade,2025-08,Actual,3937982
COGS,EXP,West,Snacks,General Trade,2025-08,Actual,1653952
Marketing,EXP,West,Snacks,General Trade,2025-08,Actual,236279
Distribution,EXP,West,Snacks,General Trade,2025-08,Actual,177209
Salary,EXP,West,Snacks,General Trade,2025-08,Actual,334728
Freight,EXP,West,Snacks,General Trade,2025-08,Actual,98450
Other_Opex,EXP,West,Snacks,General Trade,2025-08,Actual,137829
Gross_Sales,INC,West,Snacks,General Trade,2025-09,Actual,4300093
COGS,EXP,West,Snacks,General Trade,2025-09,Actual,1806039
Marketing,EXP,West,Snacks,General Trade,2025-09,Actual,258006
Distribution,EXP,West,Snacks,General Trade,2025-09,Actual,193504
Salary,EXP,West,Snacks,General Trade,2025-09,Actual,365508
Freight,EXP,West,Snacks,General Trade,2025-09,Actual,107502
Other_Opex,EXP,West,Snacks,General Trade,2025-09,Actual,150503
Gross_Sales,INC,West,Snacks,General Trade,2025-10,Actual,5155632
COGS,EXP,West,Snacks,General Trade,2025-10,Actual,2165365
Marketing,EXP,West,Snacks,General Trade,2025-10,Actual,309338
Distribution,EXP,West,Snacks,General Trade,2025-10,Actual,232003
Salary,EXP,West,Snacks,General Trade,2025-10,Actual,438229
Freight,EXP,West,Snacks,General Trade,2025-10,Actual,128891
Other_Opex,EXP,West,Snacks,General Trade,2025-10,Actual,180447
Gross_Sales,INC,West,Snacks,General Trade,2025-11,Actual,6093021
COGS,EXP,West,Snacks,General Trade,2025-11,Actual,2559069
Marketing,EXP,West,Snacks,General Trade,2025-11,Actual,365581
Distribution,EXP,West,Snacks,General Trade,2025-11,Actual,274186
Salary,EXP,West,Snacks,General Trade,2025-11,Actual,517907
Freight,EXP,West,Snacks,General Trade,2025-11,Actual,152326
Other_Opex,EXP,West,Snacks,General Trade,2025-11,Actual,213256
Gross_Sales,INC,West,Snacks,General Trade,2025-12,Actual,5069583
COGS,EXP,West,Snacks,General Trade,2025-12,Actual,2129225
Marketing,EXP,West,Snacks,General Trade,2025-12,Actual,304175
Distribution,EXP,West,Snacks,General Trade,2025-12,Actual,228131
Salary,EXP,West,Snacks,General Trade,2025-12,Actual,430915
Freight,EXP,West,Snacks,General Trade,2025-12,Actual,126740
Other_Opex,EXP,West,Snacks,General Trade,2025-12,Actual,177435
Gross_Sales,INC,West,Snacks,General Trade,2026-01,Actual,4390616
COGS,EXP,West,Snacks,General Trade,2026-01,Actual,1844059
Marketing,EXP,West,Snacks,General Trade,2026-01,Actual,263437
Distribution,EXP,West,Snacks,General Trade,2026-01,Actual,197578
Salary,EXP,West,Snacks,General Trade,2026-01,Actual,373202
Freight,EXP,West,Snacks,General Trade,2026-01,Actual,109765
Other_Opex,EXP,West,Snacks,General Trade,2026-01,Actual,153672
Gross_Sales,INC,West,Snacks,General Trade,2026-02,Actual,4662200
COGS,EXP,West,Snacks,General Trade,2026-02,Actual,1958124
Marketing,EXP,West,Snacks,General Trade,2026-02,Actual,279732
Distribution,EXP,West,Snacks,General Trade,2026-02,Actual,209799
Salary,EXP,West,Snacks,General Trade,2026-02,Actual,396287
Freight,EXP,West,Snacks,General Trade,2026-02,Actual,116555
Other_Opex,EXP,West,Snacks,General Trade,2026-02,Actual,163177
Gross_Sales,INC,West,Snacks,General Trade,2026-03,Actual,4888525
COGS,EXP,West,Snacks,General Trade,2026-03,Actual,2053180
Marketing,EXP,West,Snacks,General Trade,2026-03,Actual,293312
Distribution,EXP,West,Snacks,General Trade,2026-03,Actual,219984
Salary,EXP,West,Snacks,General Trade,2026-03,Actual,415525
Freight,EXP,West,Snacks,General Trade,2026-03,Actual,122213
Other_Opex,EXP,West,Snacks,General Trade,2026-03,Actual,171098
Gross_Sales,INC,West,Snacks,Modern Trade,2025-04,Actual,5160109
COGS,EXP,West,Snacks,Modern Trade,2025-04,Actual,2167246
Marketing,EXP,West,Snacks,Modern Trade,2025-04,Actual,309607
Distribution,EXP,West,Snacks,Modern Trade,2025-04,Actual,232205
Salary,EXP,West,Snacks,Modern Trade,2025-04,Actual,438609
Freight,EXP,West,Snacks,Modern Trade,2025-04,Actual,129003
Other_Opex,EXP,West,Snacks,Modern Trade,2025-04,Actual,180604
Gross_Sales,INC,West,Snacks,Modern Trade,2025-05,Actual,5418117
COGS,EXP,West,Snacks,Modern Trade,2025-05,Actual,2275609
Marketing,EXP,West,Snacks,Modern Trade,2025-05,Actual,325087
Distribution,EXP,West,Snacks,Modern Trade,2025-05,Actual,243815
Salary,EXP,West,Snacks,Modern Trade,2025-05,Actual,460540
Freight,EXP,West,Snacks,Modern Trade,2025-05,Actual,135453
Other_Opex,EXP,West,Snacks,Modern Trade,2025-05,Actual,189634
Gross_Sales,INC,West,Snacks,Modern Trade,2025-06,Actual,4334496
COGS,EXP,West,Snacks,Modern Trade,2025-06,Actual,1820488
Marketing,EXP,West,Snacks,Modern Trade,2025-06,Actual,260070
Distribution,EXP,West,Snacks,Modern Trade,2025-06,Actual,195052
Salary,EXP,West,Snacks,Modern Trade,2025-06,Actual,368432
Freight,EXP,West,Snacks,Modern Trade,2025-06,Actual,108362
Other_Opex,EXP,West,Snacks,Modern Trade,2025-06,Actual,151707
Gross_Sales,INC,West,Snacks,Modern Trade,2025-07,Actual,4179693
COGS,EXP,West,Snacks,Modern Trade,2025-07,Actual,1755471
Marketing,EXP,West,Snacks,Modern Trade,2025-07,Actual,250782
Distribution,EXP,West,Snacks,Modern Trade,2025-07,Actual,188086
Salary,EXP,West,Snacks,Modern Trade,2025-07,Actual,355274
Freight,EXP,West,Snacks,Modern Trade,2025-07,Actual,104492
Other_Opex,EXP,West,Snacks,Modern Trade,2025-07,Actual,146289
Gross_Sales,INC,West,Snacks,Modern Trade,2025-08,Actual,4489299
COGS,EXP,West,Snacks,Modern Trade,2025-08,Actual,1885506
Marketing,EXP,West,Snacks,Modern Trade,2025-08,Actual,269358
Distribution,EXP,West,Snacks,Modern Trade,2025-08,Actual,202018
Salary,EXP,West,Snacks,Modern Trade,2025-08,Actual,381590
Freight,EXP,West,Snacks,Modern Trade,2025-08,Actual,112232
Other_Opex,EXP,West,Snacks,Modern Trade,2025-08,Actual,157125
Gross_Sales,INC,West,Snacks,Modern Trade,2025-09,Actual,4902108
COGS,EXP,West,Snacks,Modern Trade,2025-09,Actual,2058885
Marketing,EXP,West,Snacks,Modern Trade,2025-09,Actual,294126
Distribution,EXP,West,Snacks,Modern Trade,2025-09,Actual,220595
Salary,EXP,West,Snacks,Modern Trade,2025-09,Actual,416679
Freight,EXP,West,Snacks,Modern Trade,2025-09,Actual,122553
Other_Opex,EXP,West,Snacks,Modern Trade,2025-09,Actual,171574
Gross_Sales,INC,West,Snacks,Modern Trade,2025-10,Actual,5877422
COGS,EXP,West,Snacks,Modern Trade,2025-10,Actual,2468517
Marketing,EXP,West,Snacks,Modern Trade,2025-10,Actual,352645
Distribution,EXP,West,Snacks,Modern Trade,2025-10,Actual,264484
Salary,EXP,West,Snacks,Modern Trade,2025-10,Actual,499581
Freight,EXP,West,Snacks,Modern Trade,2025-10,Actual,146936
Other_Opex,EXP,West,Snacks,Modern Trade,2025-10,Actual,205710
Gross_Sales,INC,West,Snacks,Modern Trade,2025-11,Actual,6946041
COGS,EXP,West,Snacks,Modern Trade,2025-11,Actual,2917337
Marketing,EXP,West,Snacks,Modern Trade,2025-11,Actual,416762
Distribution,EXP,West,Snacks,Modern Trade,2025-11,Actual,312572
Salary,EXP,West,Snacks,Modern Trade,2025-11,Actual,590413
Freight,EXP,West,Snacks,Modern Trade,2025-11,Actual,173651
Other_Opex,EXP,West,Snacks,Modern Trade,2025-11,Actual,243111
Gross_Sales,INC,West,Snacks,Modern Trade,2025-12,Actual,5779324
COGS,EXP,West,Snacks,Modern Trade,2025-12,Actual,2427316
Marketing,EXP,West,Snacks,Modern Trade,2025-12,Actual,346759
Distribution,EXP,West,Snacks,Modern Trade,2025-12,Actual,260070
Salary,EXP,West,Snacks,Modern Trade,2025-12,Actual,491243
Freight,EXP,West,Snacks,Modern Trade,2025-12,Actual,144483
Other_Opex,EXP,West,Snacks,Modern Trade,2025-12,Actual,202276
Gross_Sales,INC,West,Snacks,Modern Trade,2026-01,Actual,5005310
COGS,EXP,West,Snacks,Modern Trade,2026-01,Actual,2102230
Marketing,EXP,West,Snacks,Modern Trade,2026-01,Actual,300319
Distribution,EXP,West,Snacks,Modern Trade,2026-01,Actual,225239
Salary,EXP,West,Snacks,Modern Trade,2026-01,Actual,425451
Freight,EXP,West,Snacks,Modern Trade,2026-01,Actual,125133
Other_Opex,EXP,West,Snacks,Modern Trade,2026-01,Actual,175186
Gross_Sales,INC,West,Snacks,Modern Trade,2026-02,Actual,5314921
COGS,EXP,West,Snacks,Modern Trade,2026-02,Actual,2232267
Marketing,EXP,West,Snacks,Modern Trade,2026-02,Actual,318895
Distribution,EXP,West,Snacks,Modern Trade,2026-02,Actual,239171
Salary,EXP,West,Snacks,Modern Trade,2026-02,Actual,451768
Freight,EXP,West,Snacks,Modern Trade,2026-02,Actual,132873
Other_Opex,EXP,West,Snacks,Modern Trade,2026-02,Actual,186022
Gross_Sales,INC,West,Snacks,Modern Trade,2026-03,Actual,5572913
COGS,EXP,West,Snacks,Modern Trade,2026-03,Actual,2340623
Marketing,EXP,West,Snacks,Modern Trade,2026-03,Actual,334375
Distribution,EXP,West,Snacks,Modern Trade,2026-03,Actual,250781
Salary,EXP,West,Snacks,Modern Trade,2026-03,Actual,473698
Freight,EXP,West,Snacks,Modern Trade,2026-03,Actual,139323
Other_Opex,EXP,West,Snacks,Modern Trade,2026-03,Actual,195052
Gross_Sales,INC,West,Snacks,Quick Commerce,2025-04,Actual,4397496
COGS,EXP,West,Snacks,Quick Commerce,2025-04,Actual,1846948
Marketing,EXP,West,Snacks,Quick Commerce,2025-04,Actual,263850
Distribution,EXP,West,Snacks,Quick Commerce,2025-04,Actual,197887
Salary,EXP,West,Snacks,Quick Commerce,2025-04,Actual,373787
Freight,EXP,West,Snacks,Quick Commerce,2025-04,Actual,109937
Other_Opex,EXP,West,Snacks,Quick Commerce,2025-04,Actual,153912
Gross_Sales,INC,West,Snacks,Quick Commerce,2025-05,Actual,4678582
COGS,EXP,West,Snacks,Quick Commerce,2025-05,Actual,1965004
Marketing,EXP,West,Snacks,Quick Commerce,2025-05,Actual,280715
Distribution,EXP,West,Snacks,Quick Commerce,2025-05,Actual,210536
Salary,EXP,West,Snacks,Quick Commerce,2025-05,Actual,397679
Freight,EXP,West,Snacks,Quick Commerce,2025-05,Actual,116965
Other_Opex,EXP,West,Snacks,Quick Commerce,2025-05,Actual,163750
Gross_Sales,INC,West,Snacks,Quick Commerce,2025-06,Actual,3791843
COGS,EXP,West,Snacks,Quick Commerce,2025-06,Actual,1592574
Marketing,EXP,West,Snacks,Quick Commerce,2025-06,Actual,227511
Distribution,EXP,West,Snacks,Quick Commerce,2025-06,Actual,170633
Salary,EXP,West,Snacks,Quick Commerce,2025-06,Actual,322307
Freight,EXP,West,Snacks,Quick Commerce,2025-06,Actual,94796
Other_Opex,EXP,West,Snacks,Quick Commerce,2025-06,Actual,132715
Gross_Sales,INC,West,Snacks,Quick Commerce,2025-07,Actual,3703645
COGS,EXP,West,Snacks,Quick Commerce,2025-07,Actual,1555531
Marketing,EXP,West,Snacks,Quick Commerce,2025-07,Actual,222219
Distribution,EXP,West,Snacks,Quick Commerce,2025-07,Actual,166664
Salary,EXP,West,Snacks,Quick Commerce,2025-07,Actual,314810
Freight,EXP,West,Snacks,Quick Commerce,2025-07,Actual,92591
Other_Opex,EXP,West,Snacks,Quick Commerce,2025-07,Actual,129628
Gross_Sales,INC,West,Snacks,Quick Commerce,2025-08,Actual,4028705
COGS,EXP,West,Snacks,Quick Commerce,2025-08,Actual,1692056
Marketing,EXP,West,Snacks,Quick Commerce,2025-08,Actual,241722
Distribution,EXP,West,Snacks,Quick Commerce,2025-08,Actual,181292
Salary,EXP,West,Snacks,Quick Commerce,2025-08,Actual,342440
Freight,EXP,West,Snacks,Quick Commerce,2025-08,Actual,100718
Other_Opex,EXP,West,Snacks,Quick Commerce,2025-08,Actual,141005
Gross_Sales,INC,West,Snacks,Quick Commerce,2025-09,Actual,4454546
COGS,EXP,West,Snacks,Quick Commerce,2025-09,Actual,1870909
Marketing,EXP,West,Snacks,Quick Commerce,2025-09,Actual,267273
Distribution,EXP,West,Snacks,Quick Commerce,2025-09,Actual,200455
Salary,EXP,West,Snacks,Quick Commerce,2025-09,Actual,378636
Freight,EXP,West,Snacks,Quick Commerce,2025-09,Actual,111364
Other_Opex,EXP,West,Snacks,Quick Commerce,2025-09,Actual,155909
Gross_Sales,INC,West,Snacks,Quick Commerce,2025-10,Actual,5407223
COGS,EXP,West,Snacks,Quick Commerce,2025-10,Actual,2271034
Marketing,EXP,West,Snacks,Quick Commerce,2025-10,Actual,324433
Distribution,EXP,West,Snacks,Quick Commerce,2025-10,Actual,243325
Salary,EXP,West,Snacks,Quick Commerce,2025-10,Actual,459614
Freight,EXP,West,Snacks,Quick Commerce,2025-10,Actual,135181
Other_Opex,EXP,West,Snacks,Quick Commerce,2025-10,Actual,189253
Gross_Sales,INC,West,Snacks,Quick Commerce,2025-11,Actual,6468838
COGS,EXP,West,Snacks,Quick Commerce,2025-11,Actual,2716912
Marketing,EXP,West,Snacks,Quick Commerce,2025-11,Actual,388130
Distribution,EXP,West,Snacks,Quick Commerce,2025-11,Actual,291098
Salary,EXP,West,Snacks,Quick Commerce,2025-11,Actual,549851
Freight,EXP,West,Snacks,Quick Commerce,2025-11,Actual,161721
Other_Opex,EXP,West,Snacks,Quick Commerce,2025-11,Actual,226409
Gross_Sales,INC,West,Snacks,Quick Commerce,2025-12,Actual,4664010
COGS,EXP,West,Snacks,Quick Commerce,2025-12,Actual,1958884
Marketing,EXP,West,Snacks,Quick Commerce,2025-12,Actual,279841
Distribution,EXP,West,Snacks,Quick Commerce,2025-12,Actual,209880
Salary,EXP,West,Snacks,Quick Commerce,2025-12,Actual,396441
Freight,EXP,West,Snacks,Quick Commerce,2025-12,Actual,116600
Other_Opex,EXP,West,Snacks,Quick Commerce,2025-12,Actual,163240
Gross_Sales,INC,West,Snacks,Quick Commerce,2026-01,Actual,4095921
COGS,EXP,West,Snacks,Quick Commerce,2026-01,Actual,1720287
Marketing,EXP,West,Snacks,Quick Commerce,2026-01,Actual,245755
Distribution,EXP,West,Snacks,Quick Commerce,2026-01,Actual,184316
Salary,EXP,West,Snacks,Quick Commerce,2026-01,Actual,348153
Freight,EXP,West,Snacks,Quick Commerce,2026-01,Actual,102398
Other_Opex,EXP,West,Snacks,Quick Commerce,2026-01,Actual,143357
Gross_Sales,INC,West,Snacks,Quick Commerce,2026-02,Actual,4409327
COGS,EXP,West,Snacks,Quick Commerce,2026-02,Actual,1851917
Marketing,EXP,West,Snacks,Quick Commerce,2026-02,Actual,264560
Distribution,EXP,West,Snacks,Quick Commerce,2026-02,Actual,198420
Salary,EXP,West,Snacks,Quick Commerce,2026-02,Actual,374793
Freight,EXP,West,Snacks,Quick Commerce,2026-02,Actual,110233
Other_Opex,EXP,West,Snacks,Quick Commerce,2026-02,Actual,154326
Gross_Sales,INC,West,Snacks,Quick Commerce,2026-03,Actual,4686340
COGS,EXP,West,Snacks,Quick Commerce,2026-03,Actual,1968263
Marketing,EXP,West,Snacks,Quick Commerce,2026-03,Actual,281180
Distribution,EXP,West,Snacks,Quick Commerce,2026-03,Actual,210885
Salary,EXP,West,Snacks,Quick Commerce,2026-03,Actual,398339
Freight,EXP,West,Snacks,Quick Commerce,2026-03,Actual,117158
Other_Opex,EXP,West,Snacks,Quick Commerce,2026-03,Actual,164022
